06:33:04 | DEBUG   | aimbot.scrapers.news.base:fetch_n_stories_for_section:74 | fetch_n_stories_for_section called for section 'news' with limit 10
06:33:04 | DEBUG   | aimbot.scrapers.news.base:fetch_n_stories_for_section:74 | fetch_n_stories_for_section called for section 'sport' with limit 2
06:33:04 | DEBUG   | aimbot.scrapers.news.base:fetch_n_stories_for_section:74 | fetch_n_stories_for_section called for section 'opinion' with limit 2
06:33:04 | DEBUG   | aimbot.scrapers.news.base:fetch_n_stories_for_section:74 | fetch_n_stories_for_section called for section 'business' with limit 2
06:33:04 | DEBUG   | aimbot.scrapers.news.base:fetch_n_stories_for_section:74 | fetch_n_stories_for_section called for section 'community' with limit 2
06:33:04 | DEBUG   | aimbot.scrapers.news.base:fetch_n_stories_for_section:74 | fetch_n_stories_for_section called for section 'podcasts' with limit 2
06:33:07 | DEBUG   | aimbot.scrapers.news.base:fetch_n_stories_for_section:76 | Got 2 URLs to fetch
06:33:07 | DEBUG   | aimbot.scrapers.news.base:fetch_n_stories_for_section:76 | Got 2 URLs to fetch
06:33:07 | DEBUG   | aimbot.scrapers.news.base:fetch_n_stories_for_section:76 | Got 2 URLs to fetch
06:33:07 | DEBUG   | aimbot.scrapers.news.base:fetch_n_stories_for_section:76 | Got 2 URLs to fetch
06:33:07 | DEBUG   | aimbot.scrapers.news.base:fetch_n_stories_for_section:76 | Got 10 URLs to fetch
06:33:10 | DEBUG   | aimbot.scrapers.news.base:fetch_n_stories_for_section:76 | Got 2 URLs to fetch
06:33:10 | DEBUG   | aimbot.scrapers.news.base:fetch_n_stories_for_section:78 | Fetched 2 responses
06:33:10 | DEBUG   | aimbot.scrapers.news.base:fetch_n_stories_for_section:86 | Successfully parsed 2 stories out of 2 responses
06:33:10 | DEBUG   | aimbot.scrapers.news.base:fetch_n_stories_for_section:78 | Fetched 2 responses
06:33:10 | DEBUG   | aimbot.scrapers.news.base:fetch_n_stories_for_section:86 | Successfully parsed 2 stories out of 2 responses
06:33:10 | DEBUG   | aimbot.scrapers.news.base:fetch_n_stories_for_section:78 | Fetched 2 responses
06:33:10 | DEBUG   | aimbot.scrapers.news.base:fetch_n_stories_for_section:86 | Successfully parsed 2 stories out of 2 responses
06:33:12 | DEBUG   | aimbot.scrapers.news.base:fetch_n_stories_for_section:78 | Fetched 2 responses
06:33:12 | DEBUG   | aimbot.scrapers.news.base:fetch_n_stories_for_section:86 | Successfully parsed 2 stories out of 2 responses
06:33:15 | DEBUG   | aimbot.scrapers.news.base:fetch_n_stories_for_section:78 | Fetched 2 responses
06:33:15 | DEBUG   | aimbot.scrapers.news.base:fetch_n_stories_for_section:86 | Successfully parsed 2 stories out of 2 responses
06:33:15 | DEBUG   | aimbot.scrapers.news.base:fetch_n_stories_for_section:78 | Fetched 10 responses
06:33:15 | DEBUG   | aimbot.scrapers.news.base:fetch_n_stories_for_section:86 | Successfully parsed 10 stories out of 10 responses
06:38:20 | ERROR   | aimbot.main:global_exception_handler:74 | Unhandled exception on GET /api/emails/be
Traceback (most recent call last):

  File "/home/pi/.local/share/uv/python/cpython-3.9.6-linux-aarch64-gnu/lib/python3.9/threading.py", line 930, in _bootstrap
    self._bootstrap_inner()
    │    └ <function Thread._bootstrap_inner at 0x7f9af29790>
    └ <Thread(asyncio-portal-7f9788fc70, started daemon 548012089728)>
  File "/home/pi/.local/share/uv/python/cpython-3.9.6-linux-aarch64-gnu/lib/python3.9/threading.py", line 973, in _bootstrap_inner
    self.run()
    │    └ <function Thread.run at 0x7f9af294c0>
    └ <Thread(asyncio-portal-7f9788fc70, started daemon 548012089728)>
  File "/home/pi/.local/share/uv/python/cpython-3.9.6-linux-aarch64-gnu/lib/python3.9/threading.py", line 910, in run
    self._target(*self._args, **self._kwargs)
    │    │        │    │        │    └ {}
    │    │        │    │        └ <Thread(asyncio-portal-7f9788fc70, started daemon 548012089728)>
    │    │        │    └ ()
    │    │        └ <Thread(asyncio-portal-7f9788fc70, started daemon 548012089728)>
    │    └ <function start_blocking_portal.<locals>.run_blocking_portal at 0x7f9780a670>
    └ <Thread(asyncio-portal-7f9788fc70, started daemon 548012089728)>
  File "/home/pi/repo/aimbot/aimbot-backend/.venv/lib/python3.9/site-packages/anyio/from_thread.py", line 519, in run_blocking_portal
    run_eventloop(
    └ <function run at 0x7f9a781a60>
  File "/home/pi/repo/aimbot/aimbot-backend/.venv/lib/python3.9/site-packages/anyio/_core/_eventloop.py", line 74, in run
    return async_backend.run(func, args, {}, backend_options)
           │             │   │     │         └ {}
           │             │   │     └ ()
           │             │   └ <function start_blocking_portal.<locals>.run_portal at 0x7f9780a040>
           │             └ <classmethod object at 0x7f9777d250>
           └ <class 'anyio._backends._asyncio.AsyncIOBackend'>
  File "/home/pi/repo/aimbot/aimbot-backend/.venv/lib/python3.9/site-packages/anyio/_backends/_asyncio.py", line 2325, in run
    return runner.run(wrapper())
           │      │   └ <function start_blocking_portal.<locals>.run_portal at 0x7f9780a790>
           │      └ <function Runner.run at 0x7f975cb550>
           └ <anyio._backends._asyncio.Runner object at 0x7f978dec10>
  File "/home/pi/repo/aimbot/aimbot-backend/.venv/lib/python3.9/site-packages/anyio/_backends/_asyncio.py", line 218, in run
    return self._loop.run_until_complete(task)
           │    │     │                  └ <Task pending name='anyio.from_thread.start_blocking_portal.<locals>.run_portal' coro=<start_blocking_portal.<locals>.run_por...
           │    │     └ <function BaseEventLoop.run_until_complete at 0x7f9a5e0040>
           │    └ <_UnixSelectorEventLoop running=True closed=False debug=False>
           └ <anyio._backends._asyncio.Runner object at 0x7f978dec10>
  File "/home/pi/.local/share/uv/python/cpython-3.9.6-linux-aarch64-gnu/lib/python3.9/asyncio/base_events.py", line 629, in run_until_complete
    self.run_forever()
    │    └ <function BaseEventLoop.run_forever at 0x7f9a5dcf70>
    └ <_UnixSelectorEventLoop running=True closed=False debug=False>
  File "/home/pi/.local/share/uv/python/cpython-3.9.6-linux-aarch64-gnu/lib/python3.9/asyncio/base_events.py", line 596, in run_forever
    self._run_once()
    │    └ <function BaseEventLoop._run_once at 0x7f9a5e2af0>
    └ <_UnixSelectorEventLoop running=True closed=False debug=False>
  File "/home/pi/.local/share/uv/python/cpython-3.9.6-linux-aarch64-gnu/lib/python3.9/asyncio/base_events.py", line 1890, in _run_once
    handle._run()
    │      └ <function Handle._run at 0x7f9a613430>
    └ <Handle <TaskStepMethWrapper object at 0x7f97806190>()>
  File "/home/pi/.local/share/uv/python/cpython-3.9.6-linux-aarch64-gnu/lib/python3.9/asyncio/events.py", line 80, in _run
    self._context.run(self._callback, *self._args)
    │    │            │    │           │    └ <member '_args' of 'Handle' objects>
    │    │            │    │           └ <Handle <TaskStepMethWrapper object at 0x7f97806190>()>
    │    │            │    └ <member '_callback' of 'Handle' objects>
    │    │            └ <Handle <TaskStepMethWrapper object at 0x7f97806190>()>
    │    └ <member '_context' of 'Handle' objects>
    └ <Handle <TaskStepMethWrapper object at 0x7f97806190>()>
  File "/home/pi/repo/aimbot/aimbot-backend/.venv/lib/python3.9/site-packages/anyio/from_thread.py", line 252, in _call_func
    retval = await retval_or_awaitable
                   └ <coroutine object FastAPI.__call__ at 0x7f978249c0>
  File "/home/pi/repo/aimbot/aimbot-backend/.venv/lib/python3.9/site-packages/fastapi/applications.py", line 1134, in __call__
    await super().__call__(scope, receive, send)
                           │      │        └ <function _TestClientTransport.handle_request.<locals>.send at 0x7f977ffb80>
                           │      └ <function _TestClientTransport.handle_request.<locals>.receive at 0x7f977ff8b0>
                           └ {'type': 'http', 'http_version': '1.1', 'method': 'GET', 'path': '/api/emails/be', 'raw_path': b'/api/emails/be', 'root_path'...
  File "/home/pi/repo/aimbot/aimbot-backend/.venv/lib/python3.9/site-packages/starlette/applications.py", line 113, in __call__
    await self.middleware_stack(scope, receive, send)
          │    │                │      │        └ <function _TestClientTransport.handle_request.<locals>.send at 0x7f977ffb80>
          │    │                │      └ <function _TestClientTransport.handle_request.<locals>.receive at 0x7f977ff8b0>
          │    │                └ {'type': 'http', 'http_version': '1.1', 'method': 'GET', 'path': '/api/emails/be', 'raw_path': b'/api/emails/be', 'root_path'...
          │    └ <starlette.middleware.errors.ServerErrorMiddleware object at 0x7f98183a30>
          └ <fastapi.applications.FastAPI object at 0x7f98210c70>
> File "/home/pi/repo/aimbot/aimbot-backend/.venv/lib/python3.9/site-packages/starlette/middleware/errors.py", line 164, in __call__
    await self.app(scope, receive, _send)
          │    │   │      │        └ <function ServerErrorMiddleware.__call__.<locals>._send at 0x7f977ffd30>
          │    │   │      └ <function _TestClientTransport.handle_request.<locals>.receive at 0x7f977ff8b0>
          │    │   └ {'type': 'http', 'http_version': '1.1', 'method': 'GET', 'path': '/api/emails/be', 'raw_path': b'/api/emails/be', 'root_path'...
          │    └ <starlette.middleware.cors.CORSMiddleware object at 0x7f98183f10>
          └ <starlette.middleware.errors.ServerErrorMiddleware object at 0x7f98183a30>
  File "/home/pi/repo/aimbot/aimbot-backend/.venv/lib/python3.9/site-packages/starlette/middleware/cors.py", line 85, in __call__
    await self.app(scope, receive, send)
          │    │   │      │        └ <function ServerErrorMiddleware.__call__.<locals>._send at 0x7f977ffd30>
          │    │   │      └ <function _TestClientTransport.handle_request.<locals>.receive at 0x7f977ff8b0>
          │    │   └ {'type': 'http', 'http_version': '1.1', 'method': 'GET', 'path': '/api/emails/be', 'raw_path': b'/api/emails/be', 'root_path'...
          │    └ <starlette.middleware.exceptions.ExceptionMiddleware object at 0x7f98183fa0>
          └ <starlette.middleware.cors.CORSMiddleware object at 0x7f98183f10>
  File "/home/pi/repo/aimbot/aimbot-backend/.venv/lib/python3.9/site-packages/starlette/middleware/exceptions.py", line 63, in __call__
    await wrap_app_handling_exceptions(self.app, conn)(scope, receive, send)
          │                            │    │    │     │      │        └ <function ServerErrorMiddleware.__call__.<locals>._send at 0x7f977ffd30>
          │                            │    │    │     │      └ <function _TestClientTransport.handle_request.<locals>.receive at 0x7f977ff8b0>
          │                            │    │    │     └ {'type': 'http', 'http_version': '1.1', 'method': 'GET', 'path': '/api/emails/be', 'raw_path': b'/api/emails/be', 'root_path'...
          │                            │    │    └ <starlette.requests.Request object at 0x7f97806460>
          │                            │    └ <fastapi.middleware.asyncexitstack.AsyncExitStackMiddleware object at 0x7f98183f70>
          │                            └ <starlette.middleware.exceptions.ExceptionMiddleware object at 0x7f98183fa0>
          └ <function wrap_app_handling_exceptions at 0x7f99732ca0>
  File "/home/pi/repo/aimbot/aimbot-backend/.venv/lib/python3.9/site-packages/starlette/_exception_handler.py", line 53, in wrapped_app
    raise exc
  File "/home/pi/repo/aimbot/aimbot-backend/.venv/lib/python3.9/site-packages/starlette/_exception_handler.py", line 42, in wrapped_app
    await app(scope, receive, sender)
          │   │      │        └ <function wrap_app_handling_exceptions.<locals>.wrapped_app.<locals>.sender at 0x7f977ffdc0>
          │   │      └ <function _TestClientTransport.handle_request.<locals>.receive at 0x7f977ff8b0>
          │   └ {'type': 'http', 'http_version': '1.1', 'method': 'GET', 'path': '/api/emails/be', 'raw_path': b'/api/emails/be', 'root_path'...
          └ <fastapi.middleware.asyncexitstack.AsyncExitStackMiddleware object at 0x7f98183f70>
  File "/home/pi/repo/aimbot/aimbot-backend/.venv/lib/python3.9/site-packages/fastapi/middleware/asyncexitstack.py", line 18, in __call__
    await self.app(scope, receive, send)
          │    │   │      │        └ <function wrap_app_handling_exceptions.<locals>.wrapped_app.<locals>.sender at 0x7f977ffdc0>
          │    │   │      └ <function _TestClientTransport.handle_request.<locals>.receive at 0x7f977ff8b0>
          │    │   └ {'type': 'http', 'http_version': '1.1', 'method': 'GET', 'path': '/api/emails/be', 'raw_path': b'/api/emails/be', 'root_path'...
          │    └ <fastapi.routing.APIRouter object at 0x7f9821e0d0>
          └ <fastapi.middleware.asyncexitstack.AsyncExitStackMiddleware object at 0x7f98183f70>
  File "/home/pi/repo/aimbot/aimbot-backend/.venv/lib/python3.9/site-packages/starlette/routing.py", line 716, in __call__
    await self.middleware_stack(scope, receive, send)
          │    │                │      │        └ <function wrap_app_handling_exceptions.<locals>.wrapped_app.<locals>.sender at 0x7f977ffdc0>
          │    │                │      └ <function _TestClientTransport.handle_request.<locals>.receive at 0x7f977ff8b0>
          │    │                └ {'type': 'http', 'http_version': '1.1', 'method': 'GET', 'path': '/api/emails/be', 'raw_path': b'/api/emails/be', 'root_path'...
          │    └ <bound method Router.app of <fastapi.routing.APIRouter object at 0x7f9821e0d0>>
          └ <fastapi.routing.APIRouter object at 0x7f9821e0d0>
  File "/home/pi/repo/aimbot/aimbot-backend/.venv/lib/python3.9/site-packages/starlette/routing.py", line 736, in app
    await route.handle(scope, receive, send)
          │     │      │      │        └ <function wrap_app_handling_exceptions.<locals>.wrapped_app.<locals>.sender at 0x7f977ffdc0>
          │     │      │      └ <function _TestClientTransport.handle_request.<locals>.receive at 0x7f977ff8b0>
          │     │      └ {'type': 'http', 'http_version': '1.1', 'method': 'GET', 'path': '/api/emails/be', 'raw_path': b'/api/emails/be', 'root_path'...
          │     └ <function Route.handle at 0x7f99750280>
          └ APIRoute(path='/api/emails/{email_type}', name='fetch_email', methods=['GET'])
  File "/home/pi/repo/aimbot/aimbot-backend/.venv/lib/python3.9/site-packages/starlette/routing.py", line 290, in handle
    await self.app(scope, receive, send)
          │    │   │      │        └ <function wrap_app_handling_exceptions.<locals>.wrapped_app.<locals>.sender at 0x7f977ffdc0>
          │    │   │      └ <function _TestClientTransport.handle_request.<locals>.receive at 0x7f977ff8b0>
          │    │   └ {'type': 'http', 'http_version': '1.1', 'method': 'GET', 'path': '/api/emails/be', 'raw_path': b'/api/emails/be', 'root_path'...
          │    └ <function request_response.<locals>.app at 0x7f981e11f0>
          └ APIRoute(path='/api/emails/{email_type}', name='fetch_email', methods=['GET'])
  File "/home/pi/repo/aimbot/aimbot-backend/.venv/lib/python3.9/site-packages/fastapi/routing.py", line 125, in app
    await wrap_app_handling_exceptions(app, request)(scope, receive, send)
          │                            │    │        │      │        └ <function wrap_app_handling_exceptions.<locals>.wrapped_app.<locals>.sender at 0x7f977ffdc0>
          │                            │    │        │      └ <function _TestClientTransport.handle_request.<locals>.receive at 0x7f977ff8b0>
          │                            │    │        └ {'type': 'http', 'http_version': '1.1', 'method': 'GET', 'path': '/api/emails/be', 'raw_path': b'/api/emails/be', 'root_path'...
          │                            │    └ <starlette.requests.Request object at 0x7f975d2d30>
          │                            └ <function request_response.<locals>.app.<locals>.app at 0x7f977ffe50>
          └ <function wrap_app_handling_exceptions at 0x7f99732ca0>
  File "/home/pi/repo/aimbot/aimbot-backend/.venv/lib/python3.9/site-packages/starlette/_exception_handler.py", line 53, in wrapped_app
    raise exc
  File "/home/pi/repo/aimbot/aimbot-backend/.venv/lib/python3.9/site-packages/starlette/_exception_handler.py", line 42, in wrapped_app
    await app(scope, receive, sender)
          │   │      │        └ <function wrap_app_handling_exceptions.<locals>.wrapped_app.<locals>.sender at 0x7f977ffee0>
          │   │      └ <function _TestClientTransport.handle_request.<locals>.receive at 0x7f977ff8b0>
          │   └ {'type': 'http', 'http_version': '1.1', 'method': 'GET', 'path': '/api/emails/be', 'raw_path': b'/api/emails/be', 'root_path'...
          └ <function request_response.<locals>.app.<locals>.app at 0x7f977ffe50>
  File "/home/pi/repo/aimbot/aimbot-backend/.venv/lib/python3.9/site-packages/fastapi/routing.py", line 111, in app
    response = await f(request)
                     │ └ <starlette.requests.Request object at 0x7f975d2d30>
                     └ <function get_request_handler.<locals>.app at 0x7f981e1160>
  File "/home/pi/repo/aimbot/aimbot-backend/.venv/lib/python3.9/site-packages/fastapi/routing.py", line 391, in app
    raw_response = await run_endpoint_function(
                         └ <function run_endpoint_function at 0x7f99755f70>
  File "/home/pi/repo/aimbot/aimbot-backend/.venv/lib/python3.9/site-packages/fastapi/routing.py", line 290, in run_endpoint_function
    return await dependant.call(**values)
                 │         │      └ {'email_type': <EmailType.BE: 'be'>}
                 │         └ <function fetch_email at 0x7f9823f1f0>
                 └ Dependant(path_params=[ModelField(field_info=Path(PydanticUndefined), name='email_type', mode='validation')], query_params=[]...

  File "/home/pi/repo/aimbot/aimbot-backend/aimbot/main.py", line 174, in fetch_email
    results = await _gather_scraper_tasks(tasks)
                    │                     └ {'news_stories': <coroutine object BaseScraper.fetch_n_stories_for_section at 0x7f978212c0>, 'sports_stories': <coroutine obj...
                    └ <AsyncMock name='_gather_scraper_tasks' id='548012310288'>

  File "/home/pi/.local/share/uv/python/cpython-3.9.6-linux-aarch64-gnu/lib/python3.9/unittest/mock.py", line 2154, in _execute_mock_call
    raise effect
          └ RuntimeError('Something went terribly wrong')

RuntimeError: Something went terribly wrong
06:38:22 | ERROR   | aimbot.main:save_email:348 | Failed to save email for be
Traceback (most recent call last):

  File "/home/pi/.local/share/uv/python/cpython-3.9.6-linux-aarch64-gnu/lib/python3.9/threading.py", line 930, in _bootstrap
    self._bootstrap_inner()
    │    └ <function Thread._bootstrap_inner at 0x7f9af29790>
    └ <Thread(asyncio-portal-7f967f0b20, started daemon 548012089728)>
  File "/home/pi/.local/share/uv/python/cpython-3.9.6-linux-aarch64-gnu/lib/python3.9/threading.py", line 973, in _bootstrap_inner
    self.run()
    │    └ <function Thread.run at 0x7f9af294c0>
    └ <Thread(asyncio-portal-7f967f0b20, started daemon 548012089728)>
  File "/home/pi/.local/share/uv/python/cpython-3.9.6-linux-aarch64-gnu/lib/python3.9/threading.py", line 910, in run
    self._target(*self._args, **self._kwargs)
    │    │        │    │        │    └ {}
    │    │        │    │        └ <Thread(asyncio-portal-7f967f0b20, started daemon 548012089728)>
    │    │        │    └ ()
    │    │        └ <Thread(asyncio-portal-7f967f0b20, started daemon 548012089728)>
    │    └ <function start_blocking_portal.<locals>.run_blocking_portal at 0x7f9818b550>
    └ <Thread(asyncio-portal-7f967f0b20, started daemon 548012089728)>
  File "/home/pi/repo/aimbot/aimbot-backend/.venv/lib/python3.9/site-packages/anyio/from_thread.py", line 519, in run_blocking_portal
    run_eventloop(
    └ <function run at 0x7f9a781a60>
  File "/home/pi/repo/aimbot/aimbot-backend/.venv/lib/python3.9/site-packages/anyio/_core/_eventloop.py", line 74, in run
    return async_backend.run(func, args, {}, backend_options)
           │             │   │     │         └ {}
           │             │   │     └ ()
           │             │   └ <function start_blocking_portal.<locals>.run_portal at 0x7f9818bd30>
           │             └ <classmethod object at 0x7f9777d250>
           └ <class 'anyio._backends._asyncio.AsyncIOBackend'>
  File "/home/pi/repo/aimbot/aimbot-backend/.venv/lib/python3.9/site-packages/anyio/_backends/_asyncio.py", line 2325, in run
    return runner.run(wrapper())
           │      │   └ <function start_blocking_portal.<locals>.run_portal at 0x7f9818ba60>
           │      └ <function Runner.run at 0x7f975cb550>
           └ <anyio._backends._asyncio.Runner object at 0x7f967f0df0>
  File "/home/pi/repo/aimbot/aimbot-backend/.venv/lib/python3.9/site-packages/anyio/_backends/_asyncio.py", line 218, in run
    return self._loop.run_until_complete(task)
           │    │     │                  └ <Task pending name='anyio.from_thread.start_blocking_portal.<locals>.run_portal' coro=<start_blocking_portal.<locals>.run_por...
           │    │     └ <function BaseEventLoop.run_until_complete at 0x7f9a5e0040>
           │    └ <_UnixSelectorEventLoop running=True closed=False debug=False>
           └ <anyio._backends._asyncio.Runner object at 0x7f967f0df0>
  File "/home/pi/.local/share/uv/python/cpython-3.9.6-linux-aarch64-gnu/lib/python3.9/asyncio/base_events.py", line 629, in run_until_complete
    self.run_forever()
    │    └ <function BaseEventLoop.run_forever at 0x7f9a5dcf70>
    └ <_UnixSelectorEventLoop running=True closed=False debug=False>
  File "/home/pi/.local/share/uv/python/cpython-3.9.6-linux-aarch64-gnu/lib/python3.9/asyncio/base_events.py", line 596, in run_forever
    self._run_once()
    │    └ <function BaseEventLoop._run_once at 0x7f9a5e2af0>
    └ <_UnixSelectorEventLoop running=True closed=False debug=False>
  File "/home/pi/.local/share/uv/python/cpython-3.9.6-linux-aarch64-gnu/lib/python3.9/asyncio/base_events.py", line 1890, in _run_once
    handle._run()
    │      └ <function Handle._run at 0x7f9a613430>
    └ <Handle <TaskStepMethWrapper object at 0x7f96a1fb50>()>
  File "/home/pi/.local/share/uv/python/cpython-3.9.6-linux-aarch64-gnu/lib/python3.9/asyncio/events.py", line 80, in _run
    self._context.run(self._callback, *self._args)
    │    │            │    │           │    └ <member '_args' of 'Handle' objects>
    │    │            │    │           └ <Handle <TaskStepMethWrapper object at 0x7f96a1fb50>()>
    │    │            │    └ <member '_callback' of 'Handle' objects>
    │    │            └ <Handle <TaskStepMethWrapper object at 0x7f96a1fb50>()>
    │    └ <member '_context' of 'Handle' objects>
    └ <Handle <TaskStepMethWrapper object at 0x7f96a1fb50>()>
  File "/home/pi/repo/aimbot/aimbot-backend/.venv/lib/python3.9/site-packages/anyio/from_thread.py", line 252, in _call_func
    retval = await retval_or_awaitable
                   └ <coroutine object FastAPI.__call__ at 0x7f96c93640>
  File "/home/pi/repo/aimbot/aimbot-backend/.venv/lib/python3.9/site-packages/fastapi/applications.py", line 1134, in __call__
    await super().__call__(scope, receive, send)
                           │      │        └ <function _TestClientTransport.handle_request.<locals>.send at 0x7f9818bee0>
                           │      └ <function _TestClientTransport.handle_request.<locals>.receive at 0x7f9818b790>
                           └ {'type': 'http', 'http_version': '1.1', 'method': 'POST', 'path': '/api/emails/be/save', 'raw_path': b'/api/emails/be/save', ...
  File "/home/pi/repo/aimbot/aimbot-backend/.venv/lib/python3.9/site-packages/starlette/applications.py", line 113, in __call__
    await self.middleware_stack(scope, receive, send)
          │    │                │      │        └ <function _TestClientTransport.handle_request.<locals>.send at 0x7f9818bee0>
          │    │                │      └ <function _TestClientTransport.handle_request.<locals>.receive at 0x7f9818b790>
          │    │                └ {'type': 'http', 'http_version': '1.1', 'method': 'POST', 'path': '/api/emails/be/save', 'raw_path': b'/api/emails/be/save', ...
          │    └ <starlette.middleware.errors.ServerErrorMiddleware object at 0x7f98183a30>
          └ <fastapi.applications.FastAPI object at 0x7f98210c70>
  File "/home/pi/repo/aimbot/aimbot-backend/.venv/lib/python3.9/site-packages/starlette/middleware/errors.py", line 164, in __call__
    await self.app(scope, receive, _send)
          │    │   │      │        └ <function ServerErrorMiddleware.__call__.<locals>._send at 0x7f9762f160>
          │    │   │      └ <function _TestClientTransport.handle_request.<locals>.receive at 0x7f9818b790>
          │    │   └ {'type': 'http', 'http_version': '1.1', 'method': 'POST', 'path': '/api/emails/be/save', 'raw_path': b'/api/emails/be/save', ...
          │    └ <starlette.middleware.cors.CORSMiddleware object at 0x7f98183f10>
          └ <starlette.middleware.errors.ServerErrorMiddleware object at 0x7f98183a30>
  File "/home/pi/repo/aimbot/aimbot-backend/.venv/lib/python3.9/site-packages/starlette/middleware/cors.py", line 85, in __call__
    await self.app(scope, receive, send)
          │    │   │      │        └ <function ServerErrorMiddleware.__call__.<locals>._send at 0x7f9762f160>
          │    │   │      └ <function _TestClientTransport.handle_request.<locals>.receive at 0x7f9818b790>
          │    │   └ {'type': 'http', 'http_version': '1.1', 'method': 'POST', 'path': '/api/emails/be/save', 'raw_path': b'/api/emails/be/save', ...
          │    └ <starlette.middleware.exceptions.ExceptionMiddleware object at 0x7f98183fa0>
          └ <starlette.middleware.cors.CORSMiddleware object at 0x7f98183f10>
  File "/home/pi/repo/aimbot/aimbot-backend/.venv/lib/python3.9/site-packages/starlette/middleware/exceptions.py", line 63, in __call__
    await wrap_app_handling_exceptions(self.app, conn)(scope, receive, send)
          │                            │    │    │     │      │        └ <function ServerErrorMiddleware.__call__.<locals>._send at 0x7f9762f160>
          │                            │    │    │     │      └ <function _TestClientTransport.handle_request.<locals>.receive at 0x7f9818b790>
          │                            │    │    │     └ {'type': 'http', 'http_version': '1.1', 'method': 'POST', 'path': '/api/emails/be/save', 'raw_path': b'/api/emails/be/save', ...
          │                            │    │    └ <starlette.requests.Request object at 0x7f96a1f040>
          │                            │    └ <fastapi.middleware.asyncexitstack.AsyncExitStackMiddleware object at 0x7f98183f70>
          │                            └ <starlette.middleware.exceptions.ExceptionMiddleware object at 0x7f98183fa0>
          └ <function wrap_app_handling_exceptions at 0x7f99732ca0>
  File "/home/pi/repo/aimbot/aimbot-backend/.venv/lib/python3.9/site-packages/starlette/_exception_handler.py", line 42, in wrapped_app
    await app(scope, receive, sender)
          │   │      │        └ <function wrap_app_handling_exceptions.<locals>.wrapped_app.<locals>.sender at 0x7f9762f940>
          │   │      └ <function _TestClientTransport.handle_request.<locals>.receive at 0x7f9818b790>
          │   └ {'type': 'http', 'http_version': '1.1', 'method': 'POST', 'path': '/api/emails/be/save', 'raw_path': b'/api/emails/be/save', ...
          └ <fastapi.middleware.asyncexitstack.AsyncExitStackMiddleware object at 0x7f98183f70>
  File "/home/pi/repo/aimbot/aimbot-backend/.venv/lib/python3.9/site-packages/fastapi/middleware/asyncexitstack.py", line 18, in __call__
    await self.app(scope, receive, send)
          │    │   │      │        └ <function wrap_app_handling_exceptions.<locals>.wrapped_app.<locals>.sender at 0x7f9762f940>
          │    │   │      └ <function _TestClientTransport.handle_request.<locals>.receive at 0x7f9818b790>
          │    │   └ {'type': 'http', 'http_version': '1.1', 'method': 'POST', 'path': '/api/emails/be/save', 'raw_path': b'/api/emails/be/save', ...
          │    └ <fastapi.routing.APIRouter object at 0x7f9821e0d0>
          └ <fastapi.middleware.asyncexitstack.AsyncExitStackMiddleware object at 0x7f98183f70>
  File "/home/pi/repo/aimbot/aimbot-backend/.venv/lib/python3.9/site-packages/starlette/routing.py", line 716, in __call__
    await self.middleware_stack(scope, receive, send)
          │    │                │      │        └ <function wrap_app_handling_exceptions.<locals>.wrapped_app.<locals>.sender at 0x7f9762f940>
          │    │                │      └ <function _TestClientTransport.handle_request.<locals>.receive at 0x7f9818b790>
          │    │                └ {'type': 'http', 'http_version': '1.1', 'method': 'POST', 'path': '/api/emails/be/save', 'raw_path': b'/api/emails/be/save', ...
          │    └ <bound method Router.app of <fastapi.routing.APIRouter object at 0x7f9821e0d0>>
          └ <fastapi.routing.APIRouter object at 0x7f9821e0d0>
  File "/home/pi/repo/aimbot/aimbot-backend/.venv/lib/python3.9/site-packages/starlette/routing.py", line 736, in app
    await route.handle(scope, receive, send)
          │     │      │      │        └ <function wrap_app_handling_exceptions.<locals>.wrapped_app.<locals>.sender at 0x7f9762f940>
          │     │      │      └ <function _TestClientTransport.handle_request.<locals>.receive at 0x7f9818b790>
          │     │      └ {'type': 'http', 'http_version': '1.1', 'method': 'POST', 'path': '/api/emails/be/save', 'raw_path': b'/api/emails/be/save', ...
          │     └ <function Route.handle at 0x7f99750280>
          └ APIRoute(path='/api/emails/{email_type}/save', name='save_email', methods=['POST'])
  File "/home/pi/repo/aimbot/aimbot-backend/.venv/lib/python3.9/site-packages/starlette/routing.py", line 290, in handle
    await self.app(scope, receive, send)
          │    │   │      │        └ <function wrap_app_handling_exceptions.<locals>.wrapped_app.<locals>.sender at 0x7f9762f940>
          │    │   │      └ <function _TestClientTransport.handle_request.<locals>.receive at 0x7f9818b790>
          │    │   └ {'type': 'http', 'http_version': '1.1', 'method': 'POST', 'path': '/api/emails/be/save', 'raw_path': b'/api/emails/be/save', ...
          │    └ <function request_response.<locals>.app at 0x7f981e1af0>
          └ APIRoute(path='/api/emails/{email_type}/save', name='save_email', methods=['POST'])
  File "/home/pi/repo/aimbot/aimbot-backend/.venv/lib/python3.9/site-packages/fastapi/routing.py", line 125, in app
    await wrap_app_handling_exceptions(app, request)(scope, receive, send)
          │                            │    │        │      │        └ <function wrap_app_handling_exceptions.<locals>.wrapped_app.<locals>.sender at 0x7f9762f940>
          │                            │    │        │      └ <function _TestClientTransport.handle_request.<locals>.receive at 0x7f9818b790>
          │                            │    │        └ {'type': 'http', 'http_version': '1.1', 'method': 'POST', 'path': '/api/emails/be/save', 'raw_path': b'/api/emails/be/save', ...
          │                            │    └ <starlette.requests.Request object at 0x7f96a1fcd0>
          │                            └ <function request_response.<locals>.app.<locals>.app at 0x7f9762fb80>
          └ <function wrap_app_handling_exceptions at 0x7f99732ca0>
  File "/home/pi/repo/aimbot/aimbot-backend/.venv/lib/python3.9/site-packages/starlette/_exception_handler.py", line 42, in wrapped_app
    await app(scope, receive, sender)
          │   │      │        └ <function wrap_app_handling_exceptions.<locals>.wrapped_app.<locals>.sender at 0x7f9762fe50>
          │   │      └ <function _TestClientTransport.handle_request.<locals>.receive at 0x7f9818b790>
          │   └ {'type': 'http', 'http_version': '1.1', 'method': 'POST', 'path': '/api/emails/be/save', 'raw_path': b'/api/emails/be/save', ...
          └ <function request_response.<locals>.app.<locals>.app at 0x7f9762fb80>
  File "/home/pi/repo/aimbot/aimbot-backend/.venv/lib/python3.9/site-packages/fastapi/routing.py", line 111, in app
    response = await f(request)
                     │ └ <starlette.requests.Request object at 0x7f96a1fcd0>
                     └ <function get_request_handler.<locals>.app at 0x7f981e1a60>
  File "/home/pi/repo/aimbot/aimbot-backend/.venv/lib/python3.9/site-packages/fastapi/routing.py", line 391, in app
    raw_response = await run_endpoint_function(
                         └ <function run_endpoint_function at 0x7f99755f70>
  File "/home/pi/repo/aimbot/aimbot-backend/.venv/lib/python3.9/site-packages/fastapi/routing.py", line 290, in run_endpoint_function
    return await dependant.call(**values)
                 │         │      └ {'email_type': <EmailType.BE: 'be'>, 'email_data': BEEmailData(date=1 June 2025, 0 news stories)}
                 │         └ <function save_email at 0x7f9823fc10>
                 └ Dependant(path_params=[ModelField(field_info=Path(PydanticUndefined), name='email_type', mode='validation')], query_params=[]...

> File "/home/pi/repo/aimbot/aimbot-backend/aimbot/main.py", line 342, in save_email
    success = email_cache.save(email_type.value, email_data.model_dump())
              │           │    │          │      │          └ <function BaseModel.model_dump at 0x7f99c2faf0>
              │           │    │          │      └ BEEmailData(date=1 June 2025, 0 news stories)
              │           │    │          └ <types.DynamicClassAttribute object at 0x7f9b162340>
              │           │    └ <EmailType.BE: 'be'>
              │           └ <MagicMock name='save' id='547984394896'>
              └ <aimbot.cache.EmailCache object at 0x7f9821e490>

  File "/home/pi/.local/share/uv/python/cpython-3.9.6-linux-aarch64-gnu/lib/python3.9/unittest/mock.py", line 1093, in __call__
    return self._mock_call(*args, **kwargs)
           │    │           │       └ {}
           │    │           └ ('be', {'top_image': {'url': '', 'author': '', 'text': '', 'link': None, 'takeover': False}, 'tides': '', 'weather': '', 'dat...
           │    └ <function CallableMixin._mock_call at 0x7f9a42d820>
           └ <MagicMock name='save' id='547984394896'>
  File "/home/pi/.local/share/uv/python/cpython-3.9.6-linux-aarch64-gnu/lib/python3.9/unittest/mock.py", line 1097, in _mock_call
    return self._execute_mock_call(*args, **kwargs)
           │    │                   │       └ {}
           │    │                   └ ('be', {'top_image': {'url': '', 'author': '', 'text': '', 'link': None, 'takeover': False}, 'tides': '', 'weather': '', 'dat...
           │    └ <function CallableMixin._execute_mock_call at 0x7f9a42d940>
           └ <MagicMock name='save' id='547984394896'>
  File "/home/pi/.local/share/uv/python/cpython-3.9.6-linux-aarch64-gnu/lib/python3.9/unittest/mock.py", line 1152, in _execute_mock_call
    raise effect
          └ ValueError('Disk full')

ValueError: Disk full
06:38:22 | DEBUG   | aimbot.scrapers.news.base:fetch_n_stories_for_section:74 | fetch_n_stories_for_section called for section 'news' with limit 10
06:38:22 | DEBUG   | aimbot.scrapers.news.be:get_story_urls:81 | Fetching story URLs for section: news
06:38:22 | DEBUG   | aimbot.scrapers.news.be:get_story_urls:86 | Fetching homepage: https://www.bailiwickexpress.com/news/
06:38:22 | DEBUG   | aimbot.scrapers.news.base:fetch_n_stories_for_section:74 | fetch_n_stories_for_section called for section 'sport' with limit 2
06:38:22 | DEBUG   | aimbot.scrapers.news.be:get_story_urls:81 | Fetching story URLs for section: sport
06:38:22 | DEBUG   | aimbot.scrapers.news.be:get_story_urls:86 | Fetching homepage: https://www.bailiwickexpress.com/jsy-sport/
06:38:22 | DEBUG   | aimbot.scrapers.news.base:fetch_n_stories_for_section:74 | fetch_n_stories_for_section called for section 'business' with limit 2
06:38:22 | DEBUG   | aimbot.scrapers.news.be:get_story_urls:81 | Fetching story URLs for section: business
06:38:22 | DEBUG   | aimbot.scrapers.news.be:get_story_urls:86 | Fetching homepage: https://www.bailiwickexpress.com/jsy-business/
06:38:22 | DEBUG   | aimbot.scrapers.news.base:fetch_n_stories_for_section:74 | fetch_n_stories_for_section called for section 'opinion' with limit 2
06:38:22 | DEBUG   | aimbot.scrapers.news.be:get_story_urls:81 | Fetching story URLs for section: opinion
06:38:22 | DEBUG   | aimbot.scrapers.news.be:get_story_urls:86 | Fetching homepage: https://www.bailiwickexpress.com/opinion-jersey/
06:38:22 | DEBUG   | aimbot.scrapers.news.base:fetch_n_stories_for_section:74 | fetch_n_stories_for_section called for section 'community' with limit 2
06:38:22 | DEBUG   | aimbot.scrapers.news.be:get_story_urls:81 | Fetching story URLs for section: community
06:38:22 | DEBUG   | aimbot.scrapers.news.be:get_story_urls:86 | Fetching homepage: https://www.bailiwickexpress.com/jsy-community/
06:38:22 | DEBUG   | aimbot.scrapers.news.base:fetch_n_stories_for_section:74 | fetch_n_stories_for_section called for section 'podcasts' with limit 2
06:38:22 | DEBUG   | aimbot.scrapers.news.be:get_story_urls:81 | Fetching story URLs for section: podcasts
06:38:22 | DEBUG   | aimbot.scrapers.news.be:get_story_urls:86 | Fetching homepage: https://www.bailiwickexpress.com/jsy-radio-podcasts/
06:38:25 | DEBUG   | aimbot.scrapers.news.be:get_story_urls:90 | Found 16 articles on homepage
06:38:25 | DEBUG   | aimbot.scrapers.news.be:get_story_urls:98 | Extracted 2 unique story URLs
06:38:25 | DEBUG   | aimbot.scrapers.news.base:fetch_n_stories_for_section:76 | Got 2 URLs to fetch
06:38:25 | DEBUG   | aimbot.scrapers.news.be:get_story_urls:90 | Found 16 articles on homepage
06:38:25 | DEBUG   | aimbot.scrapers.news.be:get_story_urls:98 | Extracted 2 unique story URLs
06:38:25 | DEBUG   | aimbot.scrapers.news.base:fetch_n_stories_for_section:76 | Got 2 URLs to fetch
06:38:25 | DEBUG   | aimbot.scrapers.news.be:get_story_urls:90 | Found 20 articles on homepage
06:38:25 | DEBUG   | aimbot.scrapers.news.be:get_story_urls:98 | Extracted 2 unique story URLs
06:38:25 | DEBUG   | aimbot.scrapers.news.base:fetch_n_stories_for_section:76 | Got 2 URLs to fetch
06:38:25 | DEBUG   | aimbot.scrapers.news.be:get_story_urls:90 | Found 16 articles on homepage
06:38:25 | DEBUG   | aimbot.scrapers.news.be:get_story_urls:98 | Extracted 2 unique story URLs
06:38:25 | DEBUG   | aimbot.scrapers.news.base:fetch_n_stories_for_section:76 | Got 2 URLs to fetch
06:38:25 | DEBUG   | aimbot.scrapers.news.be:get_story_urls:90 | Found 33 articles on homepage
06:38:25 | DEBUG   | aimbot.scrapers.news.be:get_story_urls:98 | Extracted 10 unique story URLs
06:38:25 | DEBUG   | aimbot.scrapers.news.base:fetch_n_stories_for_section:76 | Got 10 URLs to fetch
06:38:27 | DEBUG   | aimbot.scrapers.news.base:fetch_n_stories_for_section:78 | Fetched 2 responses
06:38:27 | DEBUG   | aimbot.scrapers.news.be:parse:33 | Parsing story from https://www.bailiwickexpress.com/opinion/open-letter-your-conclusions-overstate-both-the-risks-facing-jersey-and-the-shortcomings-of-current-preparedness/
06:38:27 | DEBUG   | aimbot.scrapers.news.be:parse:37 | Found headline: OPEN LETTER: “Your conclusions overstate both the risks facing Jersey and the shortcomings of current preparedness”
06:38:27 | DEBUG   | aimbot.scrapers.news.be:parse:42 | Extracted 19 paragraphs, total length: 4487 chars
06:38:27 | DEBUG   | aimbot.scrapers.news.be:parse:47 | Parsed date: 2026-04-02 00:00:00
06:38:27 | DEBUG   | aimbot.scrapers.news.be:parse:57 | Found author: Bailiwick Express News Team
06:38:27 | DEBUG   | aimbot.scrapers.news.be:parse:62 | Found image URL: https://i0.wp.com/www.bailiwickexpress.com/wp-content/uploads/2026/04/christie-covers-17.png
06:38:27 | DEBUG   | aimbot.scrapers.news.be:parse:67 | Successfully parsed story: OPEN LETTER: “Your conclusions overstate both the risks facing Jersey and the shortcomings of current preparedness”
06:38:27 | DEBUG   | aimbot.scrapers.news.be:parse:33 | Parsing story from https://www.bailiwickexpress.com/opinion/open-letter-go-the-extra-mile-now-to-ensure-the-safety-of-the-island/
06:38:27 | DEBUG   | aimbot.scrapers.news.be:parse:37 | Found headline: OPEN LETTER: “Go the extra mile now to ensure the safety of the island”
06:38:27 | DEBUG   | aimbot.scrapers.news.be:parse:42 | Extracted 10 paragraphs, total length: 2870 chars
06:38:27 | DEBUG   | aimbot.scrapers.news.be:parse:47 | Parsed date: 2026-03-30 00:00:00
06:38:27 | DEBUG   | aimbot.scrapers.news.be:parse:57 | Found author: Christie Bailey
06:38:27 | DEBUG   | aimbot.scrapers.news.be:parse:62 | Found image URL: https://i0.wp.com/www.bailiwickexpress.com/wp-content/uploads/2026/03/Screenshot-2026-03-30-at-12.14.38.png
06:38:27 | DEBUG   | aimbot.scrapers.news.be:parse:67 | Successfully parsed story: OPEN LETTER: “Go the extra mile now to ensure the safety of the island”
06:38:27 | DEBUG   | aimbot.scrapers.news.base:fetch_n_stories_for_section:86 | Successfully parsed 2 stories out of 2 responses
06:38:27 | DEBUG   | aimbot.scrapers.news.base:fetch_n_stories_for_section:78 | Fetched 2 responses
06:38:27 | DEBUG   | aimbot.scrapers.news.be:parse:33 | Parsing story from https://www.bailiwickexpress.com/community/hotel-group-gives-dementia-charity-20k-boost/
06:38:27 | DEBUG   | aimbot.scrapers.news.be:parse:37 | Found headline: Hotel group gives dementia charity £20k boost
06:38:27 | DEBUG   | aimbot.scrapers.news.be:parse:42 | Extracted 7 paragraphs, total length: 1471 chars
06:38:27 | DEBUG   | aimbot.scrapers.news.be:parse:47 | Parsed date: 2026-05-12 00:00:00
06:38:27 | DEBUG   | aimbot.scrapers.news.be:parse:57 | Found author: Bailiwick Express Community
06:38:27 | DEBUG   | aimbot.scrapers.news.be:parse:62 | Found image URL: https://i0.wp.com/www.bailiwickexpress.com/wp-content/uploads/2026/05/Dementia-Jersey-team-shot-scaled.jpeg
06:38:27 | DEBUG   | aimbot.scrapers.news.be:parse:67 | Successfully parsed story: Hotel group gives dementia charity £20k boost
06:38:27 | DEBUG   | aimbot.scrapers.news.be:parse:33 | Parsing story from https://www.bailiwickexpress.com/community/jersey-schools-snorkel-trail-education-programme-reaches-over-1500-pupils/
06:38:27 | DEBUG   | aimbot.scrapers.news.be:parse:37 | Found headline: Jersey schools snorkel trail education programme reaches over 1,500 pupils
06:38:27 | DEBUG   | aimbot.scrapers.news.be:parse:42 | Extracted 6 paragraphs, total length: 2285 chars
06:38:27 | DEBUG   | aimbot.scrapers.news.be:parse:47 | Parsed date: 2026-04-23 00:00:00
06:38:27 | DEBUG   | aimbot.scrapers.news.be:parse:57 | Found author: Bailiwick Express Community
06:38:27 | DEBUG   | aimbot.scrapers.news.be:parse:62 | Found image URL: https://i0.wp.com/www.bailiwickexpress.com/wp-content/uploads/2026/04/Mourant-Blue-Marine-Snorkel-Donation-3-scaled.jpg
06:38:27 | DEBUG   | aimbot.scrapers.news.be:parse:67 | Successfully parsed story: Jersey schools snorkel trail education programme reaches over 1,500 pupils
06:38:27 | DEBUG   | aimbot.scrapers.news.base:fetch_n_stories_for_section:86 | Successfully parsed 2 stories out of 2 responses
06:38:27 | DEBUG   | aimbot.scrapers.news.be:get_story_urls:90 | Found 71 articles on homepage
06:38:27 | DEBUG   | aimbot.scrapers.news.be:get_story_urls:98 | Extracted 2 unique story URLs
06:38:27 | DEBUG   | aimbot.scrapers.news.base:fetch_n_stories_for_section:76 | Got 2 URLs to fetch
06:38:27 | DEBUG   | aimbot.scrapers.news.base:fetch_n_stories_for_section:78 | Fetched 2 responses
06:38:27 | DEBUG   | aimbot.scrapers.news.be:parse:33 | Parsing story from https://www.bailiwickexpress.com/sport/supertri-returns-to-jersey-for-all-star-showdown/
06:38:27 | DEBUG   | aimbot.scrapers.news.be:parse:37 | Found headline: Supertri returns to Jersey for all-star showdown
06:38:27 | DEBUG   | aimbot.scrapers.news.be:parse:42 | Extracted 15 paragraphs, total length: 2566 chars
06:38:27 | DEBUG   | aimbot.scrapers.news.be:parse:47 | Parsed date: 2026-05-20 00:00:00
06:38:27 | DEBUG   | aimbot.scrapers.news.be:parse:57 | Found author: Elliot Corbel
06:38:27 | DEBUG   | aimbot.scrapers.news.be:parse:62 | Found image URL: https://i0.wp.com/www.bailiwickexpress.com/wp-content/uploads/2025/09/40973926-scaled-e1779271058304.jpg
06:38:27 | DEBUG   | aimbot.scrapers.news.be:parse:67 | Successfully parsed story: Supertri returns to Jersey for all-star showdown
06:38:27 | DEBUG   | aimbot.scrapers.news.be:parse:33 | Parsing story from https://www.bailiwickexpress.com/sport/listen-siam-success-muratti-heartbreak-rozel-silverware/
06:38:27 | DEBUG   | aimbot.scrapers.news.be:parse:37 | Found headline: LISTEN: Siam success, Muratti heartbreak & Rozel silverware
06:38:27 | DEBUG   | aimbot.scrapers.news.be:parse:42 | Extracted 12 paragraphs, total length: 2878 chars
06:38:27 | DEBUG   | aimbot.scrapers.news.be:parse:47 | Parsed date: 2026-05-19 00:00:00
06:38:27 | DEBUG   | aimbot.scrapers.news.be:parse:57 | Found author: Bailiwick Express
06:38:27 | DEBUG   | aimbot.scrapers.news.be:parse:62 | Found image URL: https://i0.wp.com/www.bailiwickexpress.com/wp-content/uploads/2026/05/Pod-artwork-refresh-2.jpg
06:38:27 | DEBUG   | aimbot.scrapers.news.be:parse:67 | Successfully parsed story: LISTEN: Siam success, Muratti heartbreak & Rozel silverware
06:38:27 | DEBUG   | aimbot.scrapers.news.base:fetch_n_stories_for_section:86 | Successfully parsed 2 stories out of 2 responses
06:38:29 | DEBUG   | aimbot.scrapers.news.base:fetch_n_stories_for_section:78 | Fetched 2 responses
06:38:29 | DEBUG   | aimbot.scrapers.news.be:parse:33 | Parsing story from https://www.bailiwickexpress.com/business/highly-respected-operational-leader-at-jersey-water-shortlisted-for-award/
06:38:29 | DEBUG   | aimbot.scrapers.news.be:parse:37 | Found headline: “Highly respected” operational leader at Jersey Water shortlisted for award
06:38:29 | DEBUG   | aimbot.scrapers.news.be:parse:42 | Extracted 10 paragraphs, total length: 1749 chars
06:38:29 | DEBUG   | aimbot.scrapers.news.be:parse:47 | Parsed date: 2026-05-21 00:00:00
06:38:29 | DEBUG   | aimbot.scrapers.news.be:parse:57 | Found author: James Jeune
06:38:29 | DEBUG   | aimbot.scrapers.news.be:parse:62 | Found image URL: https://i0.wp.com/www.bailiwickexpress.com/wp-content/uploads/2026/05/Jeanette-Sheldon-scaled.jpg
06:38:29 | DEBUG   | aimbot.scrapers.news.be:parse:67 | Successfully parsed story: “Highly respected” operational leader at Jersey Water shortlisted for award
06:38:29 | DEBUG   | aimbot.scrapers.news.be:parse:33 | Parsing story from https://www.bailiwickexpress.com/business/polygon-pensions-acquired-by-bwci-group/
06:38:29 | DEBUG   | aimbot.scrapers.news.be:parse:37 | Found headline: Polygon Pensions acquired by BWCI Group
06:38:29 | DEBUG   | aimbot.scrapers.news.be:parse:42 | Extracted 13 paragraphs, total length: 2286 chars
06:38:29 | DEBUG   | aimbot.scrapers.news.be:parse:47 | Parsed date: 2026-05-20 00:00:00
06:38:29 | DEBUG   | aimbot.scrapers.news.be:parse:57 | Found author: James Jeune
06:38:29 | DEBUG   | aimbot.scrapers.news.be:parse:62 | Found image URL: https://i0.wp.com/www.bailiwickexpress.com/wp-content/uploads/2026/05/Stephen-Ainsworth-3-scaled.jpg
06:38:29 | DEBUG   | aimbot.scrapers.news.be:parse:67 | Successfully parsed story: Polygon Pensions acquired by BWCI Group
06:38:29 | DEBUG   | aimbot.scrapers.news.base:fetch_n_stories_for_section:86 | Successfully parsed 2 stories out of 2 responses
06:38:32 | DEBUG   | aimbot.scrapers.news.base:fetch_n_stories_for_section:78 | Fetched 2 responses
06:38:32 | DEBUG   | aimbot.scrapers.news.be:parse:33 | Parsing story from https://www.bailiwickexpress.com/sport/listen-siam-success-muratti-heartbreak-rozel-silverware/
06:38:32 | DEBUG   | aimbot.scrapers.news.be:parse:37 | Found headline: LISTEN: Siam success, Muratti heartbreak & Rozel silverware
06:38:32 | DEBUG   | aimbot.scrapers.news.be:parse:42 | Extracted 12 paragraphs, total length: 2878 chars
06:38:32 | DEBUG   | aimbot.scrapers.news.be:parse:47 | Parsed date: 2026-05-19 00:00:00
06:38:32 | DEBUG   | aimbot.scrapers.news.be:parse:57 | Found author: Bailiwick Express
06:38:32 | DEBUG   | aimbot.scrapers.news.be:parse:62 | Found image URL: https://i0.wp.com/www.bailiwickexpress.com/wp-content/uploads/2026/05/Pod-artwork-refresh-2.jpg
06:38:32 | DEBUG   | aimbot.scrapers.news.be:parse:67 | Successfully parsed story: LISTEN: Siam success, Muratti heartbreak & Rozel silverware
06:38:32 | DEBUG   | aimbot.scrapers.news.be:parse:33 | Parsing story from https://www.bailiwickexpress.com/sport/the-cool-down-hockey-glory-bulls-double-push-and-bowls-success/
06:38:32 | DEBUG   | aimbot.scrapers.news.be:parse:37 | Found headline: The Cool Down: Hockey Glory, Bulls Double Push and Bowls Success
06:38:32 | DEBUG   | aimbot.scrapers.news.be:parse:42 | Extracted 8 paragraphs, total length: 2150 chars
06:38:32 | DEBUG   | aimbot.scrapers.news.be:parse:47 | Parsed date: 2026-04-14 00:00:00
06:38:32 | DEBUG   | aimbot.scrapers.news.be:parse:57 | Found author: Bailiwick Express
06:38:32 | DEBUG   | aimbot.scrapers.news.be:parse:62 | Found image URL: https://i0.wp.com/www.bailiwickexpress.com/wp-content/uploads/2026/04/Pod-artwork-refresh.jpg
06:38:32 | DEBUG   | aimbot.scrapers.news.be:parse:67 | Successfully parsed story: The Cool Down: Hockey Glory, Bulls Double Push and Bowls Success
06:38:32 | DEBUG   | aimbot.scrapers.news.base:fetch_n_stories_for_section:86 | Successfully parsed 2 stories out of 2 responses
06:38:32 | DEBUG   | aimbot.scrapers.news.base:fetch_n_stories_for_section:78 | Fetched 10 responses
06:38:32 | DEBUG   | aimbot.scrapers.news.be:parse:33 | Parsing story from https://www.bailiwickexpress.com/news/who-did-business-leaders-name-as-their-top-senatorial-candidate/
06:38:32 | DEBUG   | aimbot.scrapers.news.be:parse:37 | Found headline: Who did business leaders name as their top Senatorial candidate?
06:38:32 | DEBUG   | aimbot.scrapers.news.be:parse:42 | Extracted 16 paragraphs, total length: 4547 chars
06:38:32 | DEBUG   | aimbot.scrapers.news.be:parse:47 | Parsed date: 2026-05-21 00:00:00
06:38:32 | DEBUG   | aimbot.scrapers.news.be:parse:57 | Found author: Tom Innes
06:38:32 | DEBUG   | aimbot.scrapers.news.be:parse:62 | Found image URL: https://i0.wp.com/www.bailiwickexpress.com/wp-content/uploads/2026/05/Senator-Candidates-Chamber.jpg
06:38:32 | DEBUG   | aimbot.scrapers.news.be:parse:67 | Successfully parsed story: Who did business leaders name as their top Senatorial candidate?
06:38:32 | DEBUG   | aimbot.scrapers.news.be:parse:33 | Parsing story from https://www.bailiwickexpress.com/news/%e2%ac%a5election-live-keep-the-current-or-back-to-the-future-with-st-brelades-constable/
06:38:32 | DEBUG   | aimbot.scrapers.news.be:parse:37 | Found headline: ⬥ELECTION LIVE: Keep the current or back to the future with St Brelade’s Constable?
06:38:32 | DEBUG   | aimbot.scrapers.news.be:parse:42 | Extracted 0 paragraphs, total length: 0 chars
06:38:32 | DEBUG   | aimbot.scrapers.news.be:parse:47 | Parsed date: 2026-05-21 00:00:00
06:38:32 | DEBUG   | aimbot.scrapers.news.be:parse:57 | Found author: James Jeune
06:38:32 | DEBUG   | aimbot.scrapers.news.be:parse:62 | Found image URL: https://i0.wp.com/www.bailiwickexpress.com/wp-content/uploads/2026/05/MOST-READ-2.jpg
06:38:32 | DEBUG   | aimbot.scrapers.news.be:parse:67 | Successfully parsed story: ⬥ELECTION LIVE: Keep the current or back to the future with St Brelade’s Constable?
06:38:32 | DEBUG   | aimbot.scrapers.news.be:parse:33 | Parsing story from https://www.bailiwickexpress.com/news/part-of-controversial-nude-dunes-site-advertised-for-rent/
06:38:32 | DEBUG   | aimbot.scrapers.news.be:parse:37 | Found headline: Part of controversial Nude Dunes site advertised for rent
06:38:32 | DEBUG   | aimbot.scrapers.news.be:parse:42 | Extracted 12 paragraphs, total length: 2025 chars
06:38:32 | DEBUG   | aimbot.scrapers.news.be:parse:47 | Parsed date: 2026-05-21 00:00:00
06:38:32 | DEBUG   | aimbot.scrapers.news.be:parse:57 | Found author: James Jeune
06:38:32 | DEBUG   | aimbot.scrapers.news.be:parse:62 | Found image URL: https://i0.wp.com/www.bailiwickexpress.com/wp-content/uploads/2026/05/Img38948375.jpg
06:38:32 | DEBUG   | aimbot.scrapers.news.be:parse:67 | Successfully parsed story: Part of controversial Nude Dunes site advertised for rent
06:38:32 | DEBUG   | aimbot.scrapers.news.be:parse:33 | Parsing story from https://www.bailiwickexpress.com/news/man-jailed-after-series-of-violent-incidents/
06:38:32 | DEBUG   | aimbot.scrapers.news.be:parse:37 | Found headline: Man jailed after “series of violent incidents”
06:38:32 | DEBUG   | aimbot.scrapers.news.be:parse:42 | Extracted 34 paragraphs, total length: 5175 chars
06:38:32 | DEBUG   | aimbot.scrapers.news.be:parse:47 | Parsed date: 2026-05-21 00:00:00
06:38:32 | DEBUG   | aimbot.scrapers.news.be:parse:57 | Found author: James Sharp
06:38:32 | DEBUG   | aimbot.scrapers.news.be:parse:62 | Found image URL: https://i0.wp.com/www.bailiwickexpress.com/wp-content/uploads/2026/05/christie-covers-36.png
06:38:32 | DEBUG   | aimbot.scrapers.news.be:parse:67 | Successfully parsed story: Man jailed after “series of violent incidents”
06:38:32 | DEBUG   | aimbot.scrapers.news.be:parse:33 | Parsing story from https://www.bailiwickexpress.com/news/aim-for-chronic-fatigue-and-fibromyalgia-support-group-after-express-story/
06:38:32 | DEBUG   | aimbot.scrapers.news.be:parse:37 | Found headline: Aim for chronic fatigue and fibromyalgia support group after Express story
06:38:32 | DEBUG   | aimbot.scrapers.news.be:parse:42 | Extracted 28 paragraphs, total length: 4776 chars
06:38:32 | DEBUG   | aimbot.scrapers.news.be:parse:47 | Parsed date: 2026-05-21 00:00:00
06:38:32 | DEBUG   | aimbot.scrapers.news.be:parse:57 | Found author: Julien Morel
06:38:32 | DEBUG   | aimbot.scrapers.news.be:parse:62 | Found image URL: https://i0.wp.com/www.bailiwickexpress.com/wp-content/uploads/2026/05/christie-covers-37.png
06:38:32 | DEBUG   | aimbot.scrapers.news.be:parse:67 | Successfully parsed story: Aim for chronic fatigue and fibromyalgia support group after Express story
06:38:32 | DEBUG   | aimbot.scrapers.news.be:parse:33 | Parsing story from https://www.bailiwickexpress.com/news/focus-who-is-standing-for-deputy-in-st-john-st-lawrence-and-trinity/
06:38:32 | DEBUG   | aimbot.scrapers.news.be:parse:37 | Found headline: FOCUS: Who is standing for Deputy in St John, St Lawrence and Trinity?
06:38:32 | DEBUG   | aimbot.scrapers.news.be:parse:42 | Extracted 33 paragraphs, total length: 5057 chars
06:38:32 | DEBUG   | aimbot.scrapers.news.be:parse:47 | Parsed date: 2026-05-21 00:00:00
06:38:32 | DEBUG   | aimbot.scrapers.news.be:parse:57 | Found author: Antonia Rubio
06:38:32 | DEBUG   | aimbot.scrapers.news.be:parse:62 | Found image URL: https://i0.wp.com/www.bailiwickexpress.com/wp-content/uploads/2026/05/Antonia-Covers-36.jpg
06:38:32 | DEBUG   | aimbot.scrapers.news.be:parse:67 | Successfully parsed story: FOCUS: Who is standing for Deputy in St John, St Lawrence and Trinity?
06:38:32 | DEBUG   | aimbot.scrapers.news.be:parse:33 | Parsing story from https://www.bailiwickexpress.com/news/witnesses-sought-after-window-shattered-at-town-barber-shop/
06:38:32 | DEBUG   | aimbot.scrapers.news.be:parse:37 | Found headline: Witnesses sought after window shattered at town barber shop
06:38:32 | DEBUG   | aimbot.scrapers.news.be:parse:42 | Extracted 6 paragraphs, total length: 1009 chars
06:38:32 | DEBUG   | aimbot.scrapers.news.be:parse:47 | Parsed date: 2026-05-21 00:00:00
06:38:32 | DEBUG   | aimbot.scrapers.news.be:parse:57 | Found author: Fiona Potigny
06:38:32 | DEBUG   | aimbot.scrapers.news.be:parse:62 | Found image URL: https://i0.wp.com/www.bailiwickexpress.com/wp-content/uploads/2025/04/EMERGENCY-SERVICES.States-of-Jersey-Police.jpg
06:38:32 | DEBUG   | aimbot.scrapers.news.be:parse:67 | Successfully parsed story: Witnesses sought after window shattered at town barber shop
06:38:32 | DEBUG   | aimbot.scrapers.news.be:parse:33 | Parsing story from https://www.bailiwickexpress.com/news/%e2%ac%a5election-live-trio-battle-for-constable-of-st-saviour/
06:38:32 | DEBUG   | aimbot.scrapers.news.be:parse:37 | Found headline: ⬥ELECTION LIVE: Trio battle for Constable of St Saviour
06:38:32 | DEBUG   | aimbot.scrapers.news.be:parse:42 | Extracted 0 paragraphs, total length: 0 chars
06:38:32 | DEBUG   | aimbot.scrapers.news.be:parse:47 | Parsed date: 2026-05-20 00:00:00
06:38:32 | DEBUG   | aimbot.scrapers.news.be:parse:57 | Found author: Tom Innes
06:38:32 | DEBUG   | aimbot.scrapers.news.be:parse:62 | Found image URL: https://i0.wp.com/www.bailiwickexpress.com/wp-content/uploads/2026/05/ST-SAVIOUR-CONSTABLE-2.jpg
06:38:32 | DEBUG   | aimbot.scrapers.news.be:parse:67 | Successfully parsed story: ⬥ELECTION LIVE: Trio battle for Constable of St Saviour
06:38:32 | DEBUG   | aimbot.scrapers.news.be:parse:33 | Parsing story from https://www.bailiwickexpress.com/news/%e2%ac%a5election-live-senatorial-hustings-in-st-martin/
06:38:32 | DEBUG   | aimbot.scrapers.news.be:parse:37 | Found headline: ⬥ELECTION LIVE: Senatorial hustings in St Martin
06:38:32 | DEBUG   | aimbot.scrapers.news.be:parse:42 | Extracted 2 paragraphs, total length: 294 chars
06:38:32 | DEBUG   | aimbot.scrapers.news.be:parse:47 | Parsed date: 2026-05-20 00:00:00
06:38:32 | DEBUG   | aimbot.scrapers.news.be:parse:57 | Found author: Julien Morel
06:38:32 | DEBUG   | aimbot.scrapers.news.be:parse:62 | Found image URL: https://i0.wp.com/www.bailiwickexpress.com/wp-content/uploads/2026/05/Screenshot-2026-05-20-at-16.49.03.png
06:38:32 | DEBUG   | aimbot.scrapers.news.be:parse:67 | Successfully parsed story: ⬥ELECTION LIVE: Senatorial hustings in St Martin
06:38:32 | DEBUG   | aimbot.scrapers.news.be:parse:33 | Parsing story from https://www.bailiwickexpress.com/news/family-homes-planned-for-abandoned-site-on-college-hill/
06:38:32 | DEBUG   | aimbot.scrapers.news.be:parse:37 | Found headline: Family homes planned for abandoned site on College Hill
06:38:32 | DEBUG   | aimbot.scrapers.news.be:parse:42 | Extracted 11 paragraphs, total length: 1658 chars
06:38:32 | DEBUG   | aimbot.scrapers.news.be:parse:47 | Parsed date: 2026-05-20 00:00:00
06:38:32 | DEBUG   | aimbot.scrapers.news.be:parse:57 | Found author: Christie Bailey
06:38:32 | DEBUG   | aimbot.scrapers.news.be:parse:62 | Found image URL: https://i0.wp.com/www.bailiwickexpress.com/wp-content/uploads/2026/05/christie-covers-35.png
06:38:32 | DEBUG   | aimbot.scrapers.news.be:parse:67 | Successfully parsed story: Family homes planned for abandoned site on College Hill
06:38:32 | DEBUG   | aimbot.scrapers.news.base:fetch_n_stories_for_section:86 | Successfully parsed 10 stories out of 10 responses
06:38:32 | DEBUG   | aimbot.scrapers.news.base:fetch_n_stories_for_section:74 | fetch_n_stories_for_section called for section 'news' with limit 10
06:38:32 | DEBUG   | aimbot.scrapers.news.base:fetch_n_stories_for_section:74 | fetch_n_stories_for_section called for section 'sport' with limit 2
06:38:33 | DEBUG   | aimbot.scrapers.news.base:fetch_n_stories_for_section:74 | fetch_n_stories_for_section called for section 'opinion' with limit 2
06:38:33 | DEBUG   | aimbot.scrapers.news.base:fetch_n_stories_for_section:74 | fetch_n_stories_for_section called for section 'business' with limit 2
06:38:33 | DEBUG   | aimbot.scrapers.news.base:fetch_n_stories_for_section:74 | fetch_n_stories_for_section called for section 'community' with limit 2
06:38:33 | DEBUG   | aimbot.scrapers.news.base:fetch_n_stories_for_section:74 | fetch_n_stories_for_section called for section 'podcasts' with limit 2
06:38:35 | DEBUG   | aimbot.scrapers.news.base:fetch_n_stories_for_section:76 | Got 2 URLs to fetch
06:38:35 | DEBUG   | aimbot.scrapers.news.base:fetch_n_stories_for_section:76 | Got 2 URLs to fetch
06:38:35 | DEBUG   | aimbot.scrapers.news.base:fetch_n_stories_for_section:76 | Got 10 URLs to fetch
06:38:35 | DEBUG   | aimbot.scrapers.news.base:fetch_n_stories_for_section:76 | Got 2 URLs to fetch
06:38:38 | DEBUG   | aimbot.scrapers.news.base:fetch_n_stories_for_section:76 | Got 2 URLs to fetch
06:38:38 | DEBUG   | aimbot.scrapers.news.base:fetch_n_stories_for_section:78 | Fetched 2 responses
06:38:38 | DEBUG   | aimbot.scrapers.news.base:fetch_n_stories_for_section:86 | Successfully parsed 2 stories out of 2 responses
06:38:38 | DEBUG   | aimbot.scrapers.news.base:fetch_n_stories_for_section:76 | Got 2 URLs to fetch
06:38:38 | DEBUG   | aimbot.scrapers.news.base:fetch_n_stories_for_section:78 | Fetched 2 responses
06:38:38 | DEBUG   | aimbot.scrapers.news.base:fetch_n_stories_for_section:86 | Successfully parsed 2 stories out of 2 responses
06:38:42 | DEBUG   | aimbot.scrapers.news.base:fetch_n_stories_for_section:78 | Fetched 2 responses
06:38:42 | DEBUG   | aimbot.scrapers.news.base:fetch_n_stories_for_section:86 | Successfully parsed 2 stories out of 2 responses
06:38:43 | DEBUG   | aimbot.scrapers.news.base:fetch_n_stories_for_section:78 | Fetched 2 responses
06:38:43 | DEBUG   | aimbot.scrapers.news.base:fetch_n_stories_for_section:86 | Successfully parsed 2 stories out of 2 responses
06:38:43 | DEBUG   | aimbot.scrapers.news.base:fetch_n_stories_for_section:78 | Fetched 2 responses
06:38:43 | DEBUG   | aimbot.scrapers.news.base:fetch_n_stories_for_section:86 | Successfully parsed 2 stories out of 2 responses
06:38:43 | DEBUG   | aimbot.scrapers.news.base:fetch_n_stories_for_section:78 | Fetched 10 responses
06:38:43 | DEBUG   | aimbot.scrapers.news.base:fetch_n_stories_for_section:86 | Successfully parsed 10 stories out of 10 responses
06:38:43 | DEBUG   | aimbot.scrapers.news.base:fetch_n_stories_for_section:74 | fetch_n_stories_for_section called for section 'news' with limit 10
06:38:45 | DEBUG   | aimbot.scrapers.news.base:fetch_n_stories_for_section:76 | Got 10 URLs to fetch
06:38:50 | DEBUG   | aimbot.scrapers.news.base:fetch_n_stories_for_section:78 | Fetched 10 responses
06:38:51 | DEBUG   | aimbot.scrapers.news.base:fetch_n_stories_for_section:86 | Successfully parsed 10 stories out of 10 responses
06:38:51 | DEBUG   | aimbot.scrapers.news.base:fetch_n_stories_for_section:74 | fetch_n_stories_for_section called for section 'premium' with limit 10
06:38:53 | DEBUG   | aimbot.scrapers.news.base:fetch_n_stories_for_section:76 | Got 10 URLs to fetch
06:38:58 | DEBUG   | aimbot.scrapers.news.base:fetch_n_stories_for_section:78 | Fetched 10 responses
06:38:58 | DEBUG   | aimbot.scrapers.news.base:fetch_n_stories_for_section:86 | Successfully parsed 10 stories out of 10 responses
06:38:58 | DEBUG   | aimbot.scrapers.news.base:fetch_n_stories_for_section:74 | fetch_n_stories_for_section called for section 'business' with limit 10
06:38:58 | DEBUG   | aimbot.scrapers.news.be:get_story_urls:81 | Fetching story URLs for section: business
06:38:58 | DEBUG   | aimbot.scrapers.news.be:get_story_urls:86 | Fetching homepage: https://www.bailiwickexpress.com/jsy-business/
06:38:59 | DEBUG   | aimbot.scrapers.news.be:get_story_urls:90 | Found 16 articles on homepage
06:38:59 | DEBUG   | aimbot.scrapers.news.be:get_story_urls:98 | Extracted 10 unique story URLs
06:38:59 | DEBUG   | aimbot.scrapers.news.base:fetch_n_stories_for_section:76 | Got 10 URLs to fetch
06:39:03 | DEBUG   | aimbot.scrapers.news.base:fetch_n_stories_for_section:78 | Fetched 10 responses
06:39:03 | DEBUG   | aimbot.scrapers.news.be:parse:33 | Parsing story from https://www.bailiwickexpress.com/business/highly-respected-operational-leader-at-jersey-water-shortlisted-for-award/
06:39:03 | DEBUG   | aimbot.scrapers.news.be:parse:37 | Found headline: “Highly respected” operational leader at Jersey Water shortlisted for award
06:39:03 | DEBUG   | aimbot.scrapers.news.be:parse:42 | Extracted 10 paragraphs, total length: 1749 chars
06:39:03 | DEBUG   | aimbot.scrapers.news.be:parse:47 | Parsed date: 2026-05-21 00:00:00
06:39:03 | DEBUG   | aimbot.scrapers.news.be:parse:57 | Found author: James Jeune
06:39:03 | DEBUG   | aimbot.scrapers.news.be:parse:62 | Found image URL: https://i0.wp.com/www.bailiwickexpress.com/wp-content/uploads/2026/05/Jeanette-Sheldon-scaled.jpg
06:39:03 | DEBUG   | aimbot.scrapers.news.be:parse:67 | Successfully parsed story: “Highly respected” operational leader at Jersey Water shortlisted for award
06:39:03 | DEBUG   | aimbot.scrapers.news.be:parse:33 | Parsing story from https://www.bailiwickexpress.com/business/polygon-pensions-acquired-by-bwci-group/
06:39:03 | DEBUG   | aimbot.scrapers.news.be:parse:37 | Found headline: Polygon Pensions acquired by BWCI Group
06:39:03 | DEBUG   | aimbot.scrapers.news.be:parse:42 | Extracted 13 paragraphs, total length: 2286 chars
06:39:03 | DEBUG   | aimbot.scrapers.news.be:parse:47 | Parsed date: 2026-05-20 00:00:00
06:39:03 | DEBUG   | aimbot.scrapers.news.be:parse:57 | Found author: James Jeune
06:39:03 | DEBUG   | aimbot.scrapers.news.be:parse:62 | Found image URL: https://i0.wp.com/www.bailiwickexpress.com/wp-content/uploads/2026/05/Stephen-Ainsworth-3-scaled.jpg
06:39:03 | DEBUG   | aimbot.scrapers.news.be:parse:67 | Successfully parsed story: Polygon Pensions acquired by BWCI Group
06:39:03 | DEBUG   | aimbot.scrapers.news.be:parse:33 | Parsing story from https://www.bailiwickexpress.com/business/trio-of-new-directors-announced-by-hawksford/
06:39:03 | DEBUG   | aimbot.scrapers.news.be:parse:37 | Found headline: Trio of new directors announced by Hawksford
06:39:03 | DEBUG   | aimbot.scrapers.news.be:parse:42 | Extracted 10 paragraphs, total length: 2072 chars
06:39:03 | DEBUG   | aimbot.scrapers.news.be:parse:47 | Parsed date: 2026-05-19 00:00:00
06:39:03 | DEBUG   | aimbot.scrapers.news.be:parse:57 | Found author: James Jeune
06:39:03 | DEBUG   | aimbot.scrapers.news.be:parse:62 | Found image URL: https://i0.wp.com/www.bailiwickexpress.com/wp-content/uploads/2026/05/collage-79-scaled.jpg
06:39:03 | DEBUG   | aimbot.scrapers.news.be:parse:67 | Successfully parsed story: Trio of new directors announced by Hawksford
06:39:03 | DEBUG   | aimbot.scrapers.news.be:parse:33 | Parsing story from https://www.bailiwickexpress.com/news/klms-new-jersey-route-opening-the-island-to-the-world/
06:39:03 | DEBUG   | aimbot.scrapers.news.be:parse:37 | Found headline: KLM’s New Jersey Route: Opening the Island to the World
06:39:03 | DEBUG   | aimbot.scrapers.news.be:parse:42 | Extracted 10 paragraphs, total length: 2370 chars
06:39:03 | DEBUG   | aimbot.scrapers.news.be:parse:47 | Parsed date: 2026-05-18 00:00:00
06:39:03 | DEBUG   | aimbot.scrapers.news.be:parse:57 | Found author: Bailiwick Express
06:39:03 | DEBUG   | aimbot.scrapers.news.be:parse:62 | Found image URL: https://i0.wp.com/www.bailiwickexpress.com/wp-content/uploads/2026/05/KLM-2-scaled.png
06:39:03 | DEBUG   | aimbot.scrapers.news.be:parse:67 | Successfully parsed story: KLM’s New Jersey Route: Opening the Island to the World
06:39:03 | DEBUG   | aimbot.scrapers.news.be:parse:33 | Parsing story from https://www.bailiwickexpress.com/sponsored-content/elaine-millar-candidate-for-senator-we-need-solutions-that-work-for-jersey-now/
06:39:03 | DEBUG   | aimbot.scrapers.news.be:parse:37 | Found headline: Elaine Millar, candidate for Senator: “We need solutions that work for Jersey now”
06:39:03 | DEBUG   | aimbot.scrapers.news.be:parse:42 | Extracted 12 paragraphs, total length: 2491 chars
06:39:03 | DEBUG   | aimbot.scrapers.news.be:parse:47 | Parsed date: 2026-05-18 00:00:00
06:39:03 | DEBUG   | aimbot.scrapers.news.be:parse:57 | Found author: Bailiwick Express
06:39:03 | DEBUG   | aimbot.scrapers.news.be:parse:62 | Found image URL: https://i0.wp.com/www.bailiwickexpress.com/wp-content/uploads/2026/05/260408millar3-1.jpg
06:39:03 | DEBUG   | aimbot.scrapers.news.be:parse:67 | Successfully parsed story: Elaine Millar, candidate for Senator: “We need solutions that work for Jersey now”
06:39:03 | DEBUG   | aimbot.scrapers.news.be:parse:33 | Parsing story from https://www.bailiwickexpress.com/news/karl-busch-candidate-for-senator-we-need-a-more-creative-approach-to-care/
06:39:03 | DEBUG   | aimbot.scrapers.news.be:parse:37 | Found headline: Karl Busch, candidate for Senator: “We need a more creative approach to care”
06:39:03 | DEBUG   | aimbot.scrapers.news.be:parse:42 | Extracted 5 paragraphs, total length: 2968 chars
06:39:03 | DEBUG   | aimbot.scrapers.news.be:parse:47 | Parsed date: 2026-05-18 00:00:00
06:39:03 | DEBUG   | aimbot.scrapers.news.be:parse:57 | Found author: Bailiwick Express
06:39:03 | DEBUG   | aimbot.scrapers.news.be:parse:62 | Found image URL: https://i0.wp.com/www.bailiwickexpress.com/wp-content/uploads/2026/05/IMG_0717.jpeg
06:39:03 | DEBUG   | aimbot.scrapers.news.be:parse:67 | Successfully parsed story: Karl Busch, candidate for Senator: “We need a more creative approach to care”
06:39:03 | DEBUG   | aimbot.scrapers.news.be:parse:33 | Parsing story from https://www.bailiwickexpress.com/sponsored-content/joanne-vandermerwe-mahon-nothing-will-change-unless-we-change/
06:39:03 | DEBUG   | aimbot.scrapers.news.be:parse:37 | Found headline: Joanne Vandermerwe-Mahon, candidate for Deputy: “Nothing will change unless we change”
06:39:03 | DEBUG   | aimbot.scrapers.news.be:parse:42 | Extracted 19 paragraphs, total length: 3652 chars
06:39:03 | DEBUG   | aimbot.scrapers.news.be:parse:47 | Parsed date: 2026-05-11 00:00:00
06:39:03 | DEBUG   | aimbot.scrapers.news.be:parse:57 | Found author: Bailiwick Express
06:39:03 | DEBUG   | aimbot.scrapers.news.be:parse:62 | Found image URL: https://i0.wp.com/www.bailiwickexpress.com/wp-content/uploads/2026/05/joanne-scaled-1.jpg
06:39:03 | DEBUG   | aimbot.scrapers.news.be:parse:67 | Successfully parsed story: Joanne Vandermerwe-Mahon, candidate for Deputy: “Nothing will change unless we change”
06:39:03 | DEBUG   | aimbot.scrapers.news.be:parse:33 | Parsing story from https://www.bailiwickexpress.com/business/in-numbers-ci-coop-reports-strengthened-performance-despite-challenges/
06:39:03 | DEBUG   | aimbot.scrapers.news.be:parse:37 | Found headline: IN NUMBERS: CI Coop reports “strengthened” performance despite challenges
06:39:03 | DEBUG   | aimbot.scrapers.news.be:parse:42 | Extracted 11 paragraphs, total length: 1476 chars
06:39:03 | DEBUG   | aimbot.scrapers.news.be:parse:47 | Parsed date: 2026-05-18 00:00:00
06:39:03 | DEBUG   | aimbot.scrapers.news.be:parse:57 | Found author: James Jeune
06:39:03 | DEBUG   | aimbot.scrapers.news.be:parse:62 | Found image URL: https://i0.wp.com/www.bailiwickexpress.com/wp-content/uploads/2026/05/Mark-Cox-CI-Coop-scaled.jpg
06:39:03 | DEBUG   | aimbot.scrapers.news.be:parse:67 | Successfully parsed story: IN NUMBERS: CI Coop reports “strengthened” performance despite challenges
06:39:03 | DEBUG   | aimbot.scrapers.news.be:parse:33 | Parsing story from https://www.bailiwickexpress.com/business/consultant-joins-alex-picot-trust/
06:39:03 | DEBUG   | aimbot.scrapers.news.be:parse:37 | Found headline: Consultant joins Alex Picot Trust
06:39:03 | DEBUG   | aimbot.scrapers.news.be:parse:42 | Extracted 8 paragraphs, total length: 1349 chars
06:39:03 | DEBUG   | aimbot.scrapers.news.be:parse:47 | Parsed date: 2026-05-15 00:00:00
06:39:03 | DEBUG   | aimbot.scrapers.news.be:parse:57 | Found author: Bailiwick Express News Team
06:39:03 | DEBUG   | aimbot.scrapers.news.be:parse:62 | Found image URL: https://i0.wp.com/www.bailiwickexpress.com/wp-content/uploads/2026/05/Simon-Morgan-scaled-e1778849176563.jpg
06:39:03 | DEBUG   | aimbot.scrapers.news.be:parse:67 | Successfully parsed story: Consultant joins Alex Picot Trust
06:39:03 | DEBUG   | aimbot.scrapers.news.be:parse:33 | Parsing story from https://www.bailiwickexpress.com/business/bedell-cristins-jersey-litigation-team-gains-experienced-local-advocate/
06:39:03 | DEBUG   | aimbot.scrapers.news.be:parse:37 | Found headline: Bedell Cristin’s Jersey litigation team gains experienced local advocate
06:39:03 | DEBUG   | aimbot.scrapers.news.be:parse:42 | Extracted 8 paragraphs, total length: 1487 chars
06:39:03 | DEBUG   | aimbot.scrapers.news.be:parse:47 | Parsed date: 2026-05-14 00:00:00
06:39:03 | DEBUG   | aimbot.scrapers.news.be:parse:57 | Found author: James Jeune
06:39:03 | DEBUG   | aimbot.scrapers.news.be:parse:62 | Found image URL: https://i0.wp.com/www.bailiwickexpress.com/wp-content/uploads/2026/05/BC-Samantha-Hoare-1.jpg
06:39:03 | DEBUG   | aimbot.scrapers.news.be:parse:67 | Successfully parsed story: Bedell Cristin’s Jersey litigation team gains experienced local advocate
06:39:03 | DEBUG   | aimbot.scrapers.news.base:fetch_n_stories_for_section:86 | Successfully parsed 10 stories out of 10 responses
06:39:03 | DEBUG   | aimbot.scrapers.news.base:fetch_n_stories_for_section:74 | fetch_n_stories_for_section called for section 'business' with limit 10
06:39:04 | DEBUG   | aimbot.scrapers.news.base:fetch_n_stories_for_section:76 | Got 10 URLs to fetch
06:39:07 | DEBUG   | aimbot.scrapers.news.base:fetch_n_stories_for_section:78 | Fetched 10 responses
06:39:07 | DEBUG   | aimbot.scrapers.news.base:fetch_n_stories_for_section:86 | Successfully parsed 10 stories out of 10 responses
06:39:10 | ERROR   | aimbot.cache:load:74 | Failed to load from cache: Expecting value: line 1 column 1 (char 0)
06:39:10 | ERROR   | aimbot.cache:save:47 | Failed to save to cache: Type <class 'test_cache.TestEmailCache.test_save_non_serializable.<locals>.Unserializable'> not serializable
06:39:11 | DEBUG   | aimbot.scrapers.news.base:fetch_n_stories_for_section:74 | fetch_n_stories_for_section called for section 'news' with limit 5
06:39:11 | DEBUG   | aimbot.scrapers.news.be:get_story_urls:81 | Fetching story URLs for section: news
06:39:11 | DEBUG   | aimbot.scrapers.news.be:get_story_urls:86 | Fetching homepage: https://www.bailiwickexpress.com/news/
06:39:11 | DEBUG   | aimbot.scrapers.news.base:fetch_n_stories_for_section:74 | fetch_n_stories_for_section called for section 'business' with limit 5
06:39:11 | DEBUG   | aimbot.scrapers.news.be:get_story_urls:81 | Fetching story URLs for section: business
06:39:11 | DEBUG   | aimbot.scrapers.news.be:get_story_urls:86 | Fetching homepage: https://www.bailiwickexpress.com/jsy-business/
06:39:11 | DEBUG   | aimbot.scrapers.news.base:fetch_n_stories_for_section:74 | fetch_n_stories_for_section called for section 'sport' with limit 5
06:39:11 | DEBUG   | aimbot.scrapers.news.be:get_story_urls:81 | Fetching story URLs for section: sport
06:39:11 | DEBUG   | aimbot.scrapers.news.be:get_story_urls:86 | Fetching homepage: https://www.bailiwickexpress.com/jsy-sport/
06:39:11 | DEBUG   | aimbot.scrapers.news.base:fetch_n_stories_for_section:74 | fetch_n_stories_for_section called for section 'opinion' with limit 5
06:39:11 | DEBUG   | aimbot.scrapers.news.be:get_story_urls:81 | Fetching story URLs for section: opinion
06:39:11 | DEBUG   | aimbot.scrapers.news.be:get_story_urls:86 | Fetching homepage: https://www.bailiwickexpress.com/opinion-jersey/
06:39:11 | DEBUG   | aimbot.scrapers.news.base:fetch_n_stories_for_section:74 | fetch_n_stories_for_section called for section 'community' with limit 5
06:39:11 | DEBUG   | aimbot.scrapers.news.be:get_story_urls:81 | Fetching story URLs for section: community
06:39:11 | DEBUG   | aimbot.scrapers.news.be:get_story_urls:86 | Fetching homepage: https://www.bailiwickexpress.com/jsy-community/
06:39:11 | DEBUG   | aimbot.scrapers.news.base:fetch_n_stories_for_section:74 | fetch_n_stories_for_section called for section 'podcasts' with limit 5
06:39:11 | DEBUG   | aimbot.scrapers.news.be:get_story_urls:81 | Fetching story URLs for section: podcasts
06:39:11 | DEBUG   | aimbot.scrapers.news.be:get_story_urls:86 | Fetching homepage: https://www.bailiwickexpress.com/jsy-radio-podcasts/
06:39:13 | DEBUG   | aimbot.scrapers.news.be:get_story_urls:90 | Found 16 articles on homepage
06:39:13 | DEBUG   | aimbot.scrapers.news.be:get_story_urls:98 | Extracted 5 unique story URLs
06:39:13 | DEBUG   | aimbot.scrapers.news.base:fetch_n_stories_for_section:76 | Got 5 URLs to fetch
06:39:13 | DEBUG   | aimbot.scrapers.news.be:get_story_urls:90 | Found 16 articles on homepage
06:39:13 | DEBUG   | aimbot.scrapers.news.be:get_story_urls:98 | Extracted 5 unique story URLs
06:39:13 | DEBUG   | aimbot.scrapers.news.base:fetch_n_stories_for_section:76 | Got 5 URLs to fetch
06:39:13 | DEBUG   | aimbot.scrapers.news.be:get_story_urls:90 | Found 33 articles on homepage
06:39:13 | DEBUG   | aimbot.scrapers.news.be:get_story_urls:98 | Extracted 5 unique story URLs
06:39:13 | DEBUG   | aimbot.scrapers.news.base:fetch_n_stories_for_section:76 | Got 5 URLs to fetch
06:39:13 | DEBUG   | aimbot.scrapers.news.be:get_story_urls:90 | Found 20 articles on homepage
06:39:13 | DEBUG   | aimbot.scrapers.news.be:get_story_urls:98 | Extracted 5 unique story URLs
06:39:13 | DEBUG   | aimbot.scrapers.news.base:fetch_n_stories_for_section:76 | Got 5 URLs to fetch
06:39:13 | DEBUG   | aimbot.scrapers.news.be:get_story_urls:90 | Found 16 articles on homepage
06:39:13 | DEBUG   | aimbot.scrapers.news.be:get_story_urls:98 | Extracted 5 unique story URLs
06:39:13 | DEBUG   | aimbot.scrapers.news.base:fetch_n_stories_for_section:76 | Got 5 URLs to fetch
06:39:13 | DEBUG   | aimbot.scrapers.news.be:get_story_urls:90 | Found 71 articles on homepage
06:39:13 | DEBUG   | aimbot.scrapers.news.be:get_story_urls:98 | Extracted 5 unique story URLs
06:39:13 | DEBUG   | aimbot.scrapers.news.base:fetch_n_stories_for_section:76 | Got 5 URLs to fetch
06:39:15 | DEBUG   | aimbot.scrapers.news.base:fetch_n_stories_for_section:78 | Fetched 5 responses
06:39:15 | DEBUG   | aimbot.scrapers.news.be:parse:33 | Parsing story from https://www.bailiwickexpress.com/business/highly-respected-operational-leader-at-jersey-water-shortlisted-for-award/
06:39:15 | DEBUG   | aimbot.scrapers.news.be:parse:37 | Found headline: “Highly respected” operational leader at Jersey Water shortlisted for award
06:39:15 | DEBUG   | aimbot.scrapers.news.be:parse:42 | Extracted 10 paragraphs, total length: 1749 chars
06:39:15 | DEBUG   | aimbot.scrapers.news.be:parse:47 | Parsed date: 2026-05-21 00:00:00
06:39:15 | DEBUG   | aimbot.scrapers.news.be:parse:57 | Found author: James Jeune
06:39:15 | DEBUG   | aimbot.scrapers.news.be:parse:62 | Found image URL: https://i0.wp.com/www.bailiwickexpress.com/wp-content/uploads/2026/05/Jeanette-Sheldon-scaled.jpg
06:39:15 | DEBUG   | aimbot.scrapers.news.be:parse:67 | Successfully parsed story: “Highly respected” operational leader at Jersey Water shortlisted for award
06:39:15 | DEBUG   | aimbot.scrapers.news.be:parse:33 | Parsing story from https://www.bailiwickexpress.com/business/polygon-pensions-acquired-by-bwci-group/
06:39:15 | DEBUG   | aimbot.scrapers.news.be:parse:37 | Found headline: Polygon Pensions acquired by BWCI Group
06:39:15 | DEBUG   | aimbot.scrapers.news.be:parse:42 | Extracted 13 paragraphs, total length: 2286 chars
06:39:15 | DEBUG   | aimbot.scrapers.news.be:parse:47 | Parsed date: 2026-05-20 00:00:00
06:39:15 | DEBUG   | aimbot.scrapers.news.be:parse:57 | Found author: James Jeune
06:39:15 | DEBUG   | aimbot.scrapers.news.be:parse:62 | Found image URL: https://i0.wp.com/www.bailiwickexpress.com/wp-content/uploads/2026/05/Stephen-Ainsworth-3-scaled.jpg
06:39:15 | DEBUG   | aimbot.scrapers.news.be:parse:67 | Successfully parsed story: Polygon Pensions acquired by BWCI Group
06:39:15 | DEBUG   | aimbot.scrapers.news.be:parse:33 | Parsing story from https://www.bailiwickexpress.com/business/trio-of-new-directors-announced-by-hawksford/
06:39:15 | DEBUG   | aimbot.scrapers.news.be:parse:37 | Found headline: Trio of new directors announced by Hawksford
06:39:15 | DEBUG   | aimbot.scrapers.news.be:parse:42 | Extracted 10 paragraphs, total length: 2072 chars
06:39:15 | DEBUG   | aimbot.scrapers.news.be:parse:47 | Parsed date: 2026-05-19 00:00:00
06:39:15 | DEBUG   | aimbot.scrapers.news.be:parse:57 | Found author: James Jeune
06:39:15 | DEBUG   | aimbot.scrapers.news.be:parse:62 | Found image URL: https://i0.wp.com/www.bailiwickexpress.com/wp-content/uploads/2026/05/collage-79-scaled.jpg
06:39:15 | DEBUG   | aimbot.scrapers.news.be:parse:67 | Successfully parsed story: Trio of new directors announced by Hawksford
06:39:15 | DEBUG   | aimbot.scrapers.news.be:parse:33 | Parsing story from https://www.bailiwickexpress.com/news/klms-new-jersey-route-opening-the-island-to-the-world/
06:39:15 | DEBUG   | aimbot.scrapers.news.be:parse:37 | Found headline: KLM’s New Jersey Route: Opening the Island to the World
06:39:15 | DEBUG   | aimbot.scrapers.news.be:parse:42 | Extracted 10 paragraphs, total length: 2370 chars
06:39:15 | DEBUG   | aimbot.scrapers.news.be:parse:47 | Parsed date: 2026-05-18 00:00:00
06:39:15 | DEBUG   | aimbot.scrapers.news.be:parse:57 | Found author: Bailiwick Express
06:39:15 | DEBUG   | aimbot.scrapers.news.be:parse:62 | Found image URL: https://i0.wp.com/www.bailiwickexpress.com/wp-content/uploads/2026/05/KLM-2-scaled.png
06:39:15 | DEBUG   | aimbot.scrapers.news.be:parse:67 | Successfully parsed story: KLM’s New Jersey Route: Opening the Island to the World
06:39:15 | DEBUG   | aimbot.scrapers.news.be:parse:33 | Parsing story from https://www.bailiwickexpress.com/sponsored-content/elaine-millar-candidate-for-senator-we-need-solutions-that-work-for-jersey-now/
06:39:15 | DEBUG   | aimbot.scrapers.news.be:parse:37 | Found headline: Elaine Millar, candidate for Senator: “We need solutions that work for Jersey now”
06:39:15 | DEBUG   | aimbot.scrapers.news.be:parse:42 | Extracted 12 paragraphs, total length: 2491 chars
06:39:15 | DEBUG   | aimbot.scrapers.news.be:parse:47 | Parsed date: 2026-05-18 00:00:00
06:39:15 | DEBUG   | aimbot.scrapers.news.be:parse:57 | Found author: Bailiwick Express
06:39:15 | DEBUG   | aimbot.scrapers.news.be:parse:62 | Found image URL: https://i0.wp.com/www.bailiwickexpress.com/wp-content/uploads/2026/05/260408millar3-1.jpg
06:39:15 | DEBUG   | aimbot.scrapers.news.be:parse:67 | Successfully parsed story: Elaine Millar, candidate for Senator: “We need solutions that work for Jersey now”
06:39:15 | DEBUG   | aimbot.scrapers.news.base:fetch_n_stories_for_section:86 | Successfully parsed 5 stories out of 5 responses
06:39:18 | DEBUG   | aimbot.scrapers.news.base:fetch_n_stories_for_section:78 | Fetched 5 responses
06:39:18 | DEBUG   | aimbot.scrapers.news.be:parse:33 | Parsing story from https://www.bailiwickexpress.com/news/who-did-business-leaders-name-as-their-top-senatorial-candidate/
06:39:18 | DEBUG   | aimbot.scrapers.news.be:parse:37 | Found headline: Who did business leaders name as their top Senatorial candidate?
06:39:18 | DEBUG   | aimbot.scrapers.news.be:parse:42 | Extracted 16 paragraphs, total length: 4547 chars
06:39:18 | DEBUG   | aimbot.scrapers.news.be:parse:47 | Parsed date: 2026-05-21 00:00:00
06:39:18 | DEBUG   | aimbot.scrapers.news.be:parse:57 | Found author: Tom Innes
06:39:18 | DEBUG   | aimbot.scrapers.news.be:parse:62 | Found image URL: https://i0.wp.com/www.bailiwickexpress.com/wp-content/uploads/2026/05/Senator-Candidates-Chamber.jpg
06:39:18 | DEBUG   | aimbot.scrapers.news.be:parse:67 | Successfully parsed story: Who did business leaders name as their top Senatorial candidate?
06:39:18 | DEBUG   | aimbot.scrapers.news.be:parse:33 | Parsing story from https://www.bailiwickexpress.com/news/%e2%ac%a5election-live-keep-the-current-or-back-to-the-future-with-st-brelades-constable/
06:39:18 | DEBUG   | aimbot.scrapers.news.be:parse:37 | Found headline: ⬥ELECTION LIVE: Keep the current or back to the future with St Brelade’s Constable?
06:39:18 | DEBUG   | aimbot.scrapers.news.be:parse:42 | Extracted 0 paragraphs, total length: 0 chars
06:39:18 | DEBUG   | aimbot.scrapers.news.be:parse:47 | Parsed date: 2026-05-21 00:00:00
06:39:18 | DEBUG   | aimbot.scrapers.news.be:parse:57 | Found author: James Jeune
06:39:18 | DEBUG   | aimbot.scrapers.news.be:parse:62 | Found image URL: https://i0.wp.com/www.bailiwickexpress.com/wp-content/uploads/2026/05/MOST-READ-2.jpg
06:39:18 | DEBUG   | aimbot.scrapers.news.be:parse:67 | Successfully parsed story: ⬥ELECTION LIVE: Keep the current or back to the future with St Brelade’s Constable?
06:39:18 | DEBUG   | aimbot.scrapers.news.be:parse:33 | Parsing story from https://www.bailiwickexpress.com/news/part-of-controversial-nude-dunes-site-advertised-for-rent/
06:39:18 | DEBUG   | aimbot.scrapers.news.be:parse:37 | Found headline: Part of controversial Nude Dunes site advertised for rent
06:39:18 | DEBUG   | aimbot.scrapers.news.be:parse:42 | Extracted 12 paragraphs, total length: 2025 chars
06:39:18 | DEBUG   | aimbot.scrapers.news.be:parse:47 | Parsed date: 2026-05-21 00:00:00
06:39:18 | DEBUG   | aimbot.scrapers.news.be:parse:57 | Found author: James Jeune
06:39:18 | DEBUG   | aimbot.scrapers.news.be:parse:62 | Found image URL: https://i0.wp.com/www.bailiwickexpress.com/wp-content/uploads/2026/05/Img38948375.jpg
06:39:18 | DEBUG   | aimbot.scrapers.news.be:parse:67 | Successfully parsed story: Part of controversial Nude Dunes site advertised for rent
06:39:18 | DEBUG   | aimbot.scrapers.news.be:parse:33 | Parsing story from https://www.bailiwickexpress.com/news/man-jailed-after-series-of-violent-incidents/
06:39:18 | DEBUG   | aimbot.scrapers.news.be:parse:37 | Found headline: Man jailed after “series of violent incidents”
06:39:18 | DEBUG   | aimbot.scrapers.news.be:parse:42 | Extracted 34 paragraphs, total length: 5175 chars
06:39:18 | DEBUG   | aimbot.scrapers.news.be:parse:47 | Parsed date: 2026-05-21 00:00:00
06:39:18 | DEBUG   | aimbot.scrapers.news.be:parse:57 | Found author: James Sharp
06:39:18 | DEBUG   | aimbot.scrapers.news.be:parse:62 | Found image URL: https://i0.wp.com/www.bailiwickexpress.com/wp-content/uploads/2026/05/christie-covers-36.png
06:39:18 | DEBUG   | aimbot.scrapers.news.be:parse:67 | Successfully parsed story: Man jailed after “series of violent incidents”
06:39:18 | DEBUG   | aimbot.scrapers.news.be:parse:33 | Parsing story from https://www.bailiwickexpress.com/news/aim-for-chronic-fatigue-and-fibromyalgia-support-group-after-express-story/
06:39:18 | DEBUG   | aimbot.scrapers.news.be:parse:37 | Found headline: Aim for chronic fatigue and fibromyalgia support group after Express story
06:39:18 | DEBUG   | aimbot.scrapers.news.be:parse:42 | Extracted 28 paragraphs, total length: 4776 chars
06:39:18 | DEBUG   | aimbot.scrapers.news.be:parse:47 | Parsed date: 2026-05-21 00:00:00
06:39:18 | DEBUG   | aimbot.scrapers.news.be:parse:57 | Found author: Julien Morel
06:39:18 | DEBUG   | aimbot.scrapers.news.be:parse:62 | Found image URL: https://i0.wp.com/www.bailiwickexpress.com/wp-content/uploads/2026/05/christie-covers-37.png
06:39:18 | DEBUG   | aimbot.scrapers.news.be:parse:67 | Successfully parsed story: Aim for chronic fatigue and fibromyalgia support group after Express story
06:39:18 | DEBUG   | aimbot.scrapers.news.base:fetch_n_stories_for_section:86 | Successfully parsed 5 stories out of 5 responses
06:39:21 | DEBUG   | aimbot.scrapers.news.base:fetch_n_stories_for_section:78 | Fetched 5 responses
06:39:21 | DEBUG   | aimbot.scrapers.news.be:parse:33 | Parsing story from https://www.bailiwickexpress.com/opinion/open-letter-your-conclusions-overstate-both-the-risks-facing-jersey-and-the-shortcomings-of-current-preparedness/
06:39:21 | DEBUG   | aimbot.scrapers.news.be:parse:37 | Found headline: OPEN LETTER: “Your conclusions overstate both the risks facing Jersey and the shortcomings of current preparedness”
06:39:21 | DEBUG   | aimbot.scrapers.news.be:parse:42 | Extracted 19 paragraphs, total length: 4487 chars
06:39:21 | DEBUG   | aimbot.scrapers.news.be:parse:47 | Parsed date: 2026-04-02 00:00:00
06:39:21 | DEBUG   | aimbot.scrapers.news.be:parse:57 | Found author: Bailiwick Express News Team
06:39:21 | DEBUG   | aimbot.scrapers.news.be:parse:62 | Found image URL: https://i0.wp.com/www.bailiwickexpress.com/wp-content/uploads/2026/04/christie-covers-17.png
06:39:21 | DEBUG   | aimbot.scrapers.news.be:parse:67 | Successfully parsed story: OPEN LETTER: “Your conclusions overstate both the risks facing Jersey and the shortcomings of current preparedness”
06:39:21 | DEBUG   | aimbot.scrapers.news.be:parse:33 | Parsing story from https://www.bailiwickexpress.com/opinion/open-letter-go-the-extra-mile-now-to-ensure-the-safety-of-the-island/
06:39:21 | DEBUG   | aimbot.scrapers.news.be:parse:37 | Found headline: OPEN LETTER: “Go the extra mile now to ensure the safety of the island”
06:39:21 | DEBUG   | aimbot.scrapers.news.be:parse:42 | Extracted 10 paragraphs, total length: 2870 chars
06:39:21 | DEBUG   | aimbot.scrapers.news.be:parse:47 | Parsed date: 2026-03-30 00:00:00
06:39:21 | DEBUG   | aimbot.scrapers.news.be:parse:57 | Found author: Christie Bailey
06:39:21 | DEBUG   | aimbot.scrapers.news.be:parse:62 | Found image URL: https://i0.wp.com/www.bailiwickexpress.com/wp-content/uploads/2026/03/Screenshot-2026-03-30-at-12.14.38.png
06:39:21 | DEBUG   | aimbot.scrapers.news.be:parse:67 | Successfully parsed story: OPEN LETTER: “Go the extra mile now to ensure the safety of the island”
06:39:21 | DEBUG   | aimbot.scrapers.news.be:parse:33 | Parsing story from https://www.bailiwickexpress.com/opinion/review-the-winter-chill-of-the-gothic-tale-reached-its-full-potential/
06:39:21 | DEBUG   | aimbot.scrapers.news.be:parse:37 | Found headline: REVIEW: “The winter chill of the gothic tale reached its full potential”
06:39:21 | DEBUG   | aimbot.scrapers.news.be:parse:42 | Extracted 9 paragraphs, total length: 1604 chars
06:39:21 | DEBUG   | aimbot.scrapers.news.be:parse:47 | Parsed date: 2025-11-17 00:00:00
06:39:21 | DEBUG   | aimbot.scrapers.news.be:parse:57 | Found author: Hannah Esnouf
06:39:21 | DEBUG   | aimbot.scrapers.news.be:parse:62 | Found image URL: https://i0.wp.com/www.bailiwickexpress.com/wp-content/uploads/2025/11/The-Signalman-1-1-scaled.jpg
06:39:21 | DEBUG   | aimbot.scrapers.news.be:parse:67 | Successfully parsed story: REVIEW: “The winter chill of the gothic tale reached its full potential”
06:39:21 | DEBUG   | aimbot.scrapers.news.be:parse:33 | Parsing story from https://www.bailiwickexpress.com/opinion/review-what-a-perfect-way-to-spend-a-summer-evening/
06:39:21 | DEBUG   | aimbot.scrapers.news.be:parse:37 | Found headline: REVIEW: “What a perfect way to spend a summer evening”
06:39:21 | DEBUG   | aimbot.scrapers.news.be:parse:42 | Extracted 13 paragraphs, total length: 2130 chars
06:39:21 | DEBUG   | aimbot.scrapers.news.be:parse:47 | Parsed date: 2025-08-14 00:00:00
06:39:21 | DEBUG   | aimbot.scrapers.news.be:parse:57 | Found author: Hannah Esnouf
06:39:21 | DEBUG   | aimbot.scrapers.news.be:parse:62 | Found image URL: https://i0.wp.com/www.bailiwickexpress.com/wp-content/uploads/2025/08/40795125.jpg
06:39:21 | DEBUG   | aimbot.scrapers.news.be:parse:67 | Successfully parsed story: REVIEW: “What a perfect way to spend a summer evening”
06:39:21 | DEBUG   | aimbot.scrapers.news.be:parse:33 | Parsing story from https://www.bailiwickexpress.com/opinion/review-this-modern-take-on-a-shakespearean-classic-had-the-whole-audience-in-stitches/
06:39:21 | DEBUG   | aimbot.scrapers.news.be:parse:37 | Found headline: REVIEW: “This modern take on a Shakespearean classic had the whole audience in stitches”
06:39:21 | DEBUG   | aimbot.scrapers.news.be:parse:42 | Extracted 13 paragraphs, total length: 2431 chars
06:39:21 | DEBUG   | aimbot.scrapers.news.be:parse:47 | Parsed date: 2025-08-05 00:00:00
06:39:21 | DEBUG   | aimbot.scrapers.news.be:parse:57 | Found author: Ruby Filleul
06:39:21 | DEBUG   | aimbot.scrapers.news.be:parse:62 | Found image URL: https://i0.wp.com/www.bailiwickexpress.com/wp-content/uploads/2025/08/5157052-scaled.jpg
06:39:21 | DEBUG   | aimbot.scrapers.news.be:parse:67 | Successfully parsed story: REVIEW: “This modern take on a Shakespearean classic had the whole audience in stitches”
06:39:21 | DEBUG   | aimbot.scrapers.news.base:fetch_n_stories_for_section:86 | Successfully parsed 5 stories out of 5 responses
06:39:23 | DEBUG   | aimbot.scrapers.news.base:fetch_n_stories_for_section:78 | Fetched 5 responses
06:39:23 | DEBUG   | aimbot.scrapers.news.be:parse:33 | Parsing story from https://www.bailiwickexpress.com/sport/listen-siam-success-muratti-heartbreak-rozel-silverware/
06:39:23 | DEBUG   | aimbot.scrapers.news.be:parse:37 | Found headline: LISTEN: Siam success, Muratti heartbreak & Rozel silverware
06:39:23 | DEBUG   | aimbot.scrapers.news.be:parse:42 | Extracted 12 paragraphs, total length: 2878 chars
06:39:23 | DEBUG   | aimbot.scrapers.news.be:parse:47 | Parsed date: 2026-05-19 00:00:00
06:39:23 | DEBUG   | aimbot.scrapers.news.be:parse:57 | Found author: Bailiwick Express
06:39:23 | DEBUG   | aimbot.scrapers.news.be:parse:62 | Found image URL: https://i0.wp.com/www.bailiwickexpress.com/wp-content/uploads/2026/05/Pod-artwork-refresh-2.jpg
06:39:23 | DEBUG   | aimbot.scrapers.news.be:parse:67 | Successfully parsed story: LISTEN: Siam success, Muratti heartbreak & Rozel silverware
06:39:23 | DEBUG   | aimbot.scrapers.news.be:parse:33 | Parsing story from https://www.bailiwickexpress.com/sport/the-cool-down-hockey-glory-bulls-double-push-and-bowls-success/
06:39:23 | DEBUG   | aimbot.scrapers.news.be:parse:37 | Found headline: The Cool Down: Hockey Glory, Bulls Double Push and Bowls Success
06:39:23 | DEBUG   | aimbot.scrapers.news.be:parse:42 | Extracted 8 paragraphs, total length: 2150 chars
06:39:23 | DEBUG   | aimbot.scrapers.news.be:parse:47 | Parsed date: 2026-04-14 00:00:00
06:39:23 | DEBUG   | aimbot.scrapers.news.be:parse:57 | Found author: Bailiwick Express
06:39:23 | DEBUG   | aimbot.scrapers.news.be:parse:62 | Found image URL: https://i0.wp.com/www.bailiwickexpress.com/wp-content/uploads/2026/04/Pod-artwork-refresh.jpg
06:39:23 | DEBUG   | aimbot.scrapers.news.be:parse:67 | Successfully parsed story: The Cool Down: Hockey Glory, Bulls Double Push and Bowls Success
06:39:23 | DEBUG   | aimbot.scrapers.news.be:parse:33 | Parsing story from https://www.bailiwickexpress.com/sport/the-warm-up-bulls-chase-play-offs-as-muratti-and-lords-trip-take-centre-stage/
06:39:23 | DEBUG   | aimbot.scrapers.news.be:parse:37 | Found headline: The Warm Up: Bulls chase play-offs as Muratti and Lord’s trip take centre stage
06:39:23 | DEBUG   | aimbot.scrapers.news.be:parse:42 | Extracted 8 paragraphs, total length: 1622 chars
06:39:23 | DEBUG   | aimbot.scrapers.news.be:parse:47 | Parsed date: 2026-04-17 00:00:00
06:39:23 | DEBUG   | aimbot.scrapers.news.be:parse:57 | Found author: Bailiwick Express
06:39:23 | DEBUG   | aimbot.scrapers.news.be:parse:62 | Found image URL: https://i0.wp.com/www.bailiwickexpress.com/wp-content/uploads/2026/04/WARM-UP-1.jpg
06:39:23 | DEBUG   | aimbot.scrapers.news.be:parse:67 | Successfully parsed story: The Warm Up: Bulls chase play-offs as Muratti and Lord’s trip take centre stage
06:39:23 | DEBUG   | aimbot.scrapers.news.be:parse:33 | Parsing story from https://www.bailiwickexpress.com/sport/the-cool-down-returns-as-island-sport-delivers-drama-across-the-board/
06:39:23 | DEBUG   | aimbot.scrapers.news.be:parse:37 | Found headline: The Cool Down returns as island sport delivers drama across the board
06:39:23 | DEBUG   | aimbot.scrapers.news.be:parse:42 | Extracted 10 paragraphs, total length: 2039 chars
06:39:23 | DEBUG   | aimbot.scrapers.news.be:parse:47 | Parsed date: 2026-02-17 00:00:00
06:39:23 | DEBUG   | aimbot.scrapers.news.be:parse:57 | Found author: Bailiwick Express
06:39:24 | DEBUG   | aimbot.scrapers.news.be:parse:62 | Found image URL: https://i0.wp.com/www.bailiwickexpress.com/wp-content/uploads/2026/02/Pod-artwork-refresh-1.jpg
06:39:24 | DEBUG   | aimbot.scrapers.news.be:parse:67 | Successfully parsed story: The Cool Down returns as island sport delivers drama across the board
06:39:24 | DEBUG   | aimbot.scrapers.news.be:parse:33 | Parsing story from https://www.bailiwickexpress.com/sport/the-warm-up-eyes-on-the-run-in-and-beyond/
06:39:24 | DEBUG   | aimbot.scrapers.news.be:parse:37 | Found headline: The Warm Up: Eyes on the Run-In and Beyond
06:39:24 | DEBUG   | aimbot.scrapers.news.be:parse:42 | Extracted 7 paragraphs, total length: 1515 chars
06:39:24 | DEBUG   | aimbot.scrapers.news.be:parse:47 | Parsed date: 2026-04-03 00:00:00
06:39:24 | DEBUG   | aimbot.scrapers.news.be:parse:57 | Found author: Bailiwick Express
06:39:24 | DEBUG   | aimbot.scrapers.news.be:parse:62 | Found image URL: https://i0.wp.com/www.bailiwickexpress.com/wp-content/uploads/2026/04/WARM-UP.jpg
06:39:24 | DEBUG   | aimbot.scrapers.news.be:parse:67 | Successfully parsed story: The Warm Up: Eyes on the Run-In and Beyond
06:39:24 | DEBUG   | aimbot.scrapers.news.base:fetch_n_stories_for_section:86 | Successfully parsed 5 stories out of 5 responses
06:39:24 | DEBUG   | aimbot.scrapers.news.base:fetch_n_stories_for_section:78 | Fetched 5 responses
06:39:24 | DEBUG   | aimbot.scrapers.news.be:parse:33 | Parsing story from https://www.bailiwickexpress.com/community/hotel-group-gives-dementia-charity-20k-boost/
06:39:24 | DEBUG   | aimbot.scrapers.news.be:parse:37 | Found headline: Hotel group gives dementia charity £20k boost
06:39:24 | DEBUG   | aimbot.scrapers.news.be:parse:42 | Extracted 7 paragraphs, total length: 1471 chars
06:39:24 | DEBUG   | aimbot.scrapers.news.be:parse:47 | Parsed date: 2026-05-12 00:00:00
06:39:24 | DEBUG   | aimbot.scrapers.news.be:parse:57 | Found author: Bailiwick Express Community
06:39:24 | DEBUG   | aimbot.scrapers.news.be:parse:62 | Found image URL: https://i0.wp.com/www.bailiwickexpress.com/wp-content/uploads/2026/05/Dementia-Jersey-team-shot-scaled.jpeg
06:39:24 | DEBUG   | aimbot.scrapers.news.be:parse:67 | Successfully parsed story: Hotel group gives dementia charity £20k boost
06:39:24 | DEBUG   | aimbot.scrapers.news.be:parse:33 | Parsing story from https://www.bailiwickexpress.com/community/jersey-schools-snorkel-trail-education-programme-reaches-over-1500-pupils/
06:39:24 | DEBUG   | aimbot.scrapers.news.be:parse:37 | Found headline: Jersey schools snorkel trail education programme reaches over 1,500 pupils
06:39:24 | DEBUG   | aimbot.scrapers.news.be:parse:42 | Extracted 6 paragraphs, total length: 2285 chars
06:39:24 | DEBUG   | aimbot.scrapers.news.be:parse:47 | Parsed date: 2026-04-23 00:00:00
06:39:24 | DEBUG   | aimbot.scrapers.news.be:parse:57 | Found author: Bailiwick Express Community
06:39:24 | DEBUG   | aimbot.scrapers.news.be:parse:62 | Found image URL: https://i0.wp.com/www.bailiwickexpress.com/wp-content/uploads/2026/04/Mourant-Blue-Marine-Snorkel-Donation-3-scaled.jpg
06:39:24 | DEBUG   | aimbot.scrapers.news.be:parse:67 | Successfully parsed story: Jersey schools snorkel trail education programme reaches over 1,500 pupils
06:39:24 | DEBUG   | aimbot.scrapers.news.be:parse:33 | Parsing story from https://www.bailiwickexpress.com/community/food-waste-action-week-why-we-care-and-what-were-doing-about-it/
06:39:24 | DEBUG   | aimbot.scrapers.news.be:parse:37 | Found headline: Food Waste Action Week – Why we care and what we’re doing about it
06:39:24 | DEBUG   | aimbot.scrapers.news.be:parse:42 | Extracted 36 paragraphs, total length: 6196 chars
06:39:24 | DEBUG   | aimbot.scrapers.news.be:parse:47 | Parsed date: 2026-03-09 00:00:00
06:39:24 | DEBUG   | aimbot.scrapers.news.be:parse:57 | Found author: Bailiwick Express
06:39:24 | DEBUG   | aimbot.scrapers.news.be:parse:62 | Found image URL: https://i0.wp.com/www.bailiwickexpress.com/wp-content/uploads/2026/03/pexels-photo-57556.jpeg
06:39:24 | DEBUG   | aimbot.scrapers.news.be:parse:67 | Successfully parsed story: Food Waste Action Week – Why we care and what we’re doing about it
06:39:24 | DEBUG   | aimbot.scrapers.news.be:parse:33 | Parsing story from https://www.bailiwickexpress.com/community/highlands-college-to-host-peer-review-with-the-guernsey-institute-and-university-college-isle-of-man-further-education-partners/
06:39:24 | DEBUG   | aimbot.scrapers.news.be:parse:37 | Found headline: Highlands College to host peer review with The Guernsey Institute and University College Isle of Man further education partners
06:39:24 | DEBUG   | aimbot.scrapers.news.be:parse:42 | Extracted 9 paragraphs, total length: 1376 chars
06:39:24 | DEBUG   | aimbot.scrapers.news.be:parse:47 | Parsed date: 2026-03-09 00:00:00
06:39:24 | DEBUG   | aimbot.scrapers.news.be:parse:57 | Found author: Bailiwick Express
06:39:24 | DEBUG   | aimbot.scrapers.news.be:parse:62 | Found image URL: https://i0.wp.com/www.bailiwickexpress.com/wp-content/uploads/2025/05/Highlnads-scaled.jpg
06:39:24 | DEBUG   | aimbot.scrapers.news.be:parse:67 | Successfully parsed story: Highlands College to host peer review with The Guernsey Institute and University College Isle of Man further education partners
06:39:24 | DEBUG   | aimbot.scrapers.news.be:parse:33 | Parsing story from https://www.bailiwickexpress.com/community/say-yes-to-healthier-choices/
06:39:24 | DEBUG   | aimbot.scrapers.news.be:parse:37 | Found headline: Say YES to healthier choices
06:39:24 | DEBUG   | aimbot.scrapers.news.be:parse:42 | Extracted 18 paragraphs, total length: 2599 chars
06:39:24 | DEBUG   | aimbot.scrapers.news.be:parse:47 | Parsed date: 2026-02-25 00:00:00
06:39:24 | DEBUG   | aimbot.scrapers.news.be:parse:57 | Found author: Bailiwick Express Community
06:39:24 | DEBUG   | aimbot.scrapers.news.be:parse:62 | Found image URL: https://i0.wp.com/www.bailiwickexpress.com/wp-content/uploads/2026/02/5000128967273_YES-Wholemeal-Farmhouse-Loaf_35011-scaled.jpg
06:39:24 | DEBUG   | aimbot.scrapers.news.be:parse:67 | Successfully parsed story: Say YES to healthier choices
06:39:24 | DEBUG   | aimbot.scrapers.news.base:fetch_n_stories_for_section:86 | Successfully parsed 5 stories out of 5 responses
06:39:24 | DEBUG   | aimbot.scrapers.news.base:fetch_n_stories_for_section:78 | Fetched 5 responses
06:39:24 | DEBUG   | aimbot.scrapers.news.be:parse:33 | Parsing story from https://www.bailiwickexpress.com/sport/supertri-returns-to-jersey-for-all-star-showdown/
06:39:24 | DEBUG   | aimbot.scrapers.news.be:parse:37 | Found headline: Supertri returns to Jersey for all-star showdown
06:39:24 | DEBUG   | aimbot.scrapers.news.be:parse:42 | Extracted 15 paragraphs, total length: 2566 chars
06:39:24 | DEBUG   | aimbot.scrapers.news.be:parse:47 | Parsed date: 2026-05-20 00:00:00
06:39:24 | DEBUG   | aimbot.scrapers.news.be:parse:57 | Found author: Elliot Corbel
06:39:24 | DEBUG   | aimbot.scrapers.news.be:parse:62 | Found image URL: https://i0.wp.com/www.bailiwickexpress.com/wp-content/uploads/2025/09/40973926-scaled-e1779271058304.jpg
06:39:24 | DEBUG   | aimbot.scrapers.news.be:parse:67 | Successfully parsed story: Supertri returns to Jersey for all-star showdown
06:39:24 | DEBUG   | aimbot.scrapers.news.be:parse:33 | Parsing story from https://www.bailiwickexpress.com/sport/listen-siam-success-muratti-heartbreak-rozel-silverware/
06:39:24 | DEBUG   | aimbot.scrapers.news.be:parse:37 | Found headline: LISTEN: Siam success, Muratti heartbreak & Rozel silverware
06:39:24 | DEBUG   | aimbot.scrapers.news.be:parse:42 | Extracted 12 paragraphs, total length: 2878 chars
06:39:24 | DEBUG   | aimbot.scrapers.news.be:parse:47 | Parsed date: 2026-05-19 00:00:00
06:39:24 | DEBUG   | aimbot.scrapers.news.be:parse:57 | Found author: Bailiwick Express
06:39:24 | DEBUG   | aimbot.scrapers.news.be:parse:62 | Found image URL: https://i0.wp.com/www.bailiwickexpress.com/wp-content/uploads/2026/05/Pod-artwork-refresh-2.jpg
06:39:24 | DEBUG   | aimbot.scrapers.news.be:parse:67 | Successfully parsed story: LISTEN: Siam success, Muratti heartbreak & Rozel silverware
06:39:24 | DEBUG   | aimbot.scrapers.news.be:parse:33 | Parsing story from https://www.bailiwickexpress.com/sport/super-saturday-delivers-sporting-action-across-channel-islands/
06:39:24 | DEBUG   | aimbot.scrapers.news.be:parse:37 | Found headline: Super Saturday delivers sporting action across Channel Islands
06:39:24 | DEBUG   | aimbot.scrapers.news.be:parse:42 | Extracted 13 paragraphs, total length: 1982 chars
06:39:24 | DEBUG   | aimbot.scrapers.news.be:parse:47 | Parsed date: 2026-05-18 00:00:00
06:39:24 | DEBUG   | aimbot.scrapers.news.be:parse:57 | Found author: Archie Corbett
06:39:24 | DEBUG   | aimbot.scrapers.news.be:parse:62 | Found image URL: https://i0.wp.com/www.bailiwickexpress.com/wp-content/uploads/2026/05/Trophy-lift-scaled.jpg
06:39:24 | DEBUG   | aimbot.scrapers.news.be:parse:67 | Successfully parsed story: Super Saturday delivers sporting action across Channel Islands
06:39:24 | DEBUG   | aimbot.scrapers.news.be:parse:33 | Parsing story from https://www.bailiwickexpress.com/news/focus-running-club-tackles-barriers-keeping-teen-girls-from-exercise/
06:39:24 | DEBUG   | aimbot.scrapers.news.be:parse:37 | Found headline: FOCUS: Running club tackles barriers keeping teen girls from exercise
06:39:24 | DEBUG   | aimbot.scrapers.news.be:parse:42 | Extracted 69 paragraphs, total length: 8156 chars
06:39:24 | DEBUG   | aimbot.scrapers.news.be:parse:47 | Parsed date: 2025-02-20 00:00:00
06:39:24 | DEBUG   | aimbot.scrapers.news.be:parse:57 | Found author: Jodie Yettram
06:39:24 | DEBUG   | aimbot.scrapers.news.be:parse:62 | Found image URL: https://i0.wp.com/www.bailiwickexpress.com/wp-content/uploads/2025/02/See-her-run.jpg
06:39:24 | DEBUG   | aimbot.scrapers.news.be:parse:67 | Successfully parsed story: FOCUS: Running club tackles barriers keeping teen girls from exercise
06:39:24 | DEBUG   | aimbot.scrapers.news.be:parse:33 | Parsing story from https://www.bailiwickexpress.com/sport/focus-surge-in-female-cricket-participation-as-new-programmes-launch/
06:39:24 | DEBUG   | aimbot.scrapers.news.be:parse:37 | Found headline: FOCUS: Surge in female cricket participation as new programmes launch
06:39:24 | DEBUG   | aimbot.scrapers.news.be:parse:42 | Extracted 37 paragraphs, total length: 4617 chars
06:39:24 | DEBUG   | aimbot.scrapers.news.be:parse:47 | Parsed date: 2025-02-17 00:00:00
06:39:24 | DEBUG   | aimbot.scrapers.news.be:parse:57 | Found author: Jodie Yettram
06:39:24 | DEBUG   | aimbot.scrapers.news.be:parse:62 | Found image URL: https://i0.wp.com/www.bailiwickexpress.com/wp-content/uploads/2025/02/Untitled-design-8-2.png
06:39:24 | DEBUG   | aimbot.scrapers.news.be:parse:67 | Successfully parsed story: FOCUS: Surge in female cricket participation as new programmes launch
06:39:24 | DEBUG   | aimbot.scrapers.news.base:fetch_n_stories_for_section:86 | Successfully parsed 5 stories out of 5 responses
06:39:24 | DEBUG   | aimbot.scrapers.news.base:fetch_n_stories_for_section:74 | fetch_n_stories_for_section called for section 'news' with limit 5
06:39:24 | DEBUG   | aimbot.scrapers.news.base:fetch_n_stories_for_section:74 | fetch_n_stories_for_section called for section 'business' with limit 5
06:39:24 | DEBUG   | aimbot.scrapers.news.base:fetch_n_stories_for_section:74 | fetch_n_stories_for_section called for section 'sport' with limit 5
06:39:24 | DEBUG   | aimbot.scrapers.news.base:fetch_n_stories_for_section:74 | fetch_n_stories_for_section called for section 'opinion' with limit 5
06:39:24 | DEBUG   | aimbot.scrapers.news.base:fetch_n_stories_for_section:74 | fetch_n_stories_for_section called for section 'community' with limit 5
06:39:24 | DEBUG   | aimbot.scrapers.news.base:fetch_n_stories_for_section:74 | fetch_n_stories_for_section called for section 'podcasts' with limit 5
06:39:26 | DEBUG   | aimbot.scrapers.news.base:fetch_n_stories_for_section:76 | Got 5 URLs to fetch
06:39:26 | DEBUG   | aimbot.scrapers.news.base:fetch_n_stories_for_section:76 | Got 5 URLs to fetch
06:39:26 | DEBUG   | aimbot.scrapers.news.base:fetch_n_stories_for_section:76 | Got 5 URLs to fetch
06:39:26 | DEBUG   | aimbot.scrapers.news.base:fetch_n_stories_for_section:76 | Got 5 URLs to fetch
06:39:28 | DEBUG   | aimbot.scrapers.news.base:fetch_n_stories_for_section:76 | Got 5 URLs to fetch
06:39:28 | DEBUG   | aimbot.scrapers.news.base:fetch_n_stories_for_section:76 | Got 5 URLs to fetch
06:39:30 | DEBUG   | aimbot.scrapers.news.base:fetch_n_stories_for_section:78 | Fetched 5 responses
06:39:30 | DEBUG   | aimbot.scrapers.news.base:fetch_n_stories_for_section:86 | Successfully parsed 5 stories out of 5 responses
06:39:35 | DEBUG   | aimbot.scrapers.news.base:fetch_n_stories_for_section:78 | Fetched 5 responses
06:39:35 | DEBUG   | aimbot.scrapers.news.base:fetch_n_stories_for_section:86 | Successfully parsed 5 stories out of 5 responses
06:39:37 | DEBUG   | aimbot.scrapers.news.base:fetch_n_stories_for_section:78 | Fetched 5 responses
06:39:37 | DEBUG   | aimbot.scrapers.news.base:fetch_n_stories_for_section:86 | Successfully parsed 5 stories out of 5 responses
06:39:39 | DEBUG   | aimbot.scrapers.news.base:fetch_n_stories_for_section:78 | Fetched 5 responses
06:39:39 | DEBUG   | aimbot.scrapers.news.base:fetch_n_stories_for_section:86 | Successfully parsed 5 stories out of 5 responses
06:39:39 | DEBUG   | aimbot.scrapers.news.base:fetch_n_stories_for_section:78 | Fetched 5 responses
06:39:39 | DEBUG   | aimbot.scrapers.news.base:fetch_n_stories_for_section:86 | Successfully parsed 5 stories out of 5 responses
06:39:39 | DEBUG   | aimbot.scrapers.news.base:fetch_n_stories_for_section:78 | Fetched 5 responses
06:39:39 | DEBUG   | aimbot.scrapers.news.base:fetch_n_stories_for_section:86 | Successfully parsed 5 stories out of 5 responses
06:39:39 | DEBUG   | aimbot.scrapers.news.base:fetch_n_stories_for_section:74 | fetch_n_stories_for_section called for section 'news' with limit 5
06:39:39 | DEBUG   | aimbot.scrapers.news.base:fetch_n_stories_for_section:74 | fetch_n_stories_for_section called for section 'premium' with limit 5
06:39:41 | DEBUG   | aimbot.scrapers.news.base:fetch_n_stories_for_section:76 | Got 10 URLs to fetch
06:39:41 | DEBUG   | aimbot.scrapers.news.base:fetch_n_stories_for_section:76 | Got 10 URLs to fetch
06:39:48 | DEBUG   | aimbot.scrapers.news.base:fetch_n_stories_for_section:78 | Fetched 10 responses
06:39:48 | DEBUG   | aimbot.scrapers.news.base:fetch_n_stories_for_section:86 | Successfully parsed 10 stories out of 10 responses
06:39:50 | DEBUG   | aimbot.scrapers.news.base:fetch_n_stories_for_section:78 | Fetched 10 responses
06:39:50 | DEBUG   | aimbot.scrapers.news.base:fetch_n_stories_for_section:86 | Successfully parsed 10 stories out of 10 responses
06:41:01 | ERROR   | aimbot.main:global_exception_handler:74 | Unhandled exception on GET /api/emails/be
Traceback (most recent call last):

  File "/home/pi/.local/share/uv/python/cpython-3.9.6-linux-aarch64-gnu/lib/python3.9/threading.py", line 930, in _bootstrap
    self._bootstrap_inner()
    │    └ <function Thread._bootstrap_inner at 0x7f940c9790>
    └ <Thread(asyncio-portal-7f9122fb50, started daemon 547894780288)>
  File "/home/pi/.local/share/uv/python/cpython-3.9.6-linux-aarch64-gnu/lib/python3.9/threading.py", line 973, in _bootstrap_inner
    self.run()
    │    └ <function Thread.run at 0x7f940c94c0>
    └ <Thread(asyncio-portal-7f9122fb50, started daemon 547894780288)>
  File "/home/pi/.local/share/uv/python/cpython-3.9.6-linux-aarch64-gnu/lib/python3.9/threading.py", line 910, in run
    self._target(*self._args, **self._kwargs)
    │    │        │    │        │    └ {}
    │    │        │    │        └ <Thread(asyncio-portal-7f9122fb50, started daemon 547894780288)>
    │    │        │    └ ()
    │    │        └ <Thread(asyncio-portal-7f9122fb50, started daemon 547894780288)>
    │    └ <function start_blocking_portal.<locals>.run_blocking_portal at 0x7f91264430>
    └ <Thread(asyncio-portal-7f9122fb50, started daemon 547894780288)>
  File "/home/pi/repo/aimbot/aimbot-backend/.venv/lib/python3.9/site-packages/anyio/from_thread.py", line 519, in run_blocking_portal
    run_eventloop(
    └ <function run at 0x7f93921a60>
  File "/home/pi/repo/aimbot/aimbot-backend/.venv/lib/python3.9/site-packages/anyio/_core/_eventloop.py", line 74, in run
    return async_backend.run(func, args, {}, backend_options)
           │             │   │     │         └ {}
           │             │   │     └ ()
           │             │   └ <function start_blocking_portal.<locals>.run_portal at 0x7f912640d0>
           │             └ <classmethod object at 0x7f913ae5b0>
           └ <class 'anyio._backends._asyncio.AsyncIOBackend'>
  File "/home/pi/repo/aimbot/aimbot-backend/.venv/lib/python3.9/site-packages/anyio/_backends/_asyncio.py", line 2325, in run
    return runner.run(wrapper())
           │      │   └ <function start_blocking_portal.<locals>.run_portal at 0x7f91264550>
           │      └ <function Runner.run at 0x7f912f03a0>
           └ <anyio._backends._asyncio.Runner object at 0x7f9122f940>
  File "/home/pi/repo/aimbot/aimbot-backend/.venv/lib/python3.9/site-packages/anyio/_backends/_asyncio.py", line 218, in run
    return self._loop.run_until_complete(task)
           │    │     │                  └ <Task pending name='anyio.from_thread.start_blocking_portal.<locals>.run_portal' coro=<start_blocking_portal.<locals>.run_por...
           │    │     └ <function BaseEventLoop.run_until_complete at 0x7f93781040>
           │    └ <_UnixSelectorEventLoop running=True closed=False debug=False>
           └ <anyio._backends._asyncio.Runner object at 0x7f9122f940>
  File "/home/pi/.local/share/uv/python/cpython-3.9.6-linux-aarch64-gnu/lib/python3.9/asyncio/base_events.py", line 629, in run_until_complete
    self.run_forever()
    │    └ <function BaseEventLoop.run_forever at 0x7f9377ef70>
    └ <_UnixSelectorEventLoop running=True closed=False debug=False>
  File "/home/pi/.local/share/uv/python/cpython-3.9.6-linux-aarch64-gnu/lib/python3.9/asyncio/base_events.py", line 596, in run_forever
    self._run_once()
    │    └ <function BaseEventLoop._run_once at 0x7f93783af0>
    └ <_UnixSelectorEventLoop running=True closed=False debug=False>
  File "/home/pi/.local/share/uv/python/cpython-3.9.6-linux-aarch64-gnu/lib/python3.9/asyncio/base_events.py", line 1890, in _run_once
    handle._run()
    │      └ <function Handle._run at 0x7f937b3430>
    └ <Handle <TaskStepMethWrapper object at 0x7f912b7bb0>()>
  File "/home/pi/.local/share/uv/python/cpython-3.9.6-linux-aarch64-gnu/lib/python3.9/asyncio/events.py", line 80, in _run
    self._context.run(self._callback, *self._args)
    │    │            │    │           │    └ <member '_args' of 'Handle' objects>
    │    │            │    │           └ <Handle <TaskStepMethWrapper object at 0x7f912b7bb0>()>
    │    │            │    └ <member '_callback' of 'Handle' objects>
    │    │            └ <Handle <TaskStepMethWrapper object at 0x7f912b7bb0>()>
    │    └ <member '_context' of 'Handle' objects>
    └ <Handle <TaskStepMethWrapper object at 0x7f912b7bb0>()>
  File "/home/pi/repo/aimbot/aimbot-backend/.venv/lib/python3.9/site-packages/anyio/from_thread.py", line 252, in _call_func
    retval = await retval_or_awaitable
                   └ <coroutine object FastAPI.__call__ at 0x7f911fd4c0>
  File "/home/pi/repo/aimbot/aimbot-backend/.venv/lib/python3.9/site-packages/fastapi/applications.py", line 1134, in __call__
    await super().__call__(scope, receive, send)
                           │      │        └ <function _TestClientTransport.handle_request.<locals>.send at 0x7f911fb8b0>
                           │      └ <function _TestClientTransport.handle_request.<locals>.receive at 0x7f911fbdc0>
                           └ {'type': 'http', 'http_version': '1.1', 'method': 'GET', 'path': '/api/emails/be', 'raw_path': b'/api/emails/be', 'root_path'...
  File "/home/pi/repo/aimbot/aimbot-backend/.venv/lib/python3.9/site-packages/starlette/applications.py", line 113, in __call__
    await self.middleware_stack(scope, receive, send)
          │    │                │      │        └ <function _TestClientTransport.handle_request.<locals>.send at 0x7f911fb8b0>
          │    │                │      └ <function _TestClientTransport.handle_request.<locals>.receive at 0x7f911fbdc0>
          │    │                └ {'type': 'http', 'http_version': '1.1', 'method': 'GET', 'path': '/api/emails/be', 'raw_path': b'/api/emails/be', 'root_path'...
          │    └ <starlette.middleware.errors.ServerErrorMiddleware object at 0x7f913ad790>
          └ <fastapi.applications.FastAPI object at 0x7f913c0e20>
> File "/home/pi/repo/aimbot/aimbot-backend/.venv/lib/python3.9/site-packages/starlette/middleware/errors.py", line 164, in __call__
    await self.app(scope, receive, _send)
          │    │   │      │        └ <function ServerErrorMiddleware.__call__.<locals>._send at 0x7f911fb670>
          │    │   │      └ <function _TestClientTransport.handle_request.<locals>.receive at 0x7f911fbdc0>
          │    │   └ {'type': 'http', 'http_version': '1.1', 'method': 'GET', 'path': '/api/emails/be', 'raw_path': b'/api/emails/be', 'root_path'...
          │    └ <starlette.middleware.cors.CORSMiddleware object at 0x7f913ad3d0>
          └ <starlette.middleware.errors.ServerErrorMiddleware object at 0x7f913ad790>
  File "/home/pi/repo/aimbot/aimbot-backend/.venv/lib/python3.9/site-packages/starlette/middleware/cors.py", line 85, in __call__
    await self.app(scope, receive, send)
          │    │   │      │        └ <function ServerErrorMiddleware.__call__.<locals>._send at 0x7f911fb670>
          │    │   │      └ <function _TestClientTransport.handle_request.<locals>.receive at 0x7f911fbdc0>
          │    │   └ {'type': 'http', 'http_version': '1.1', 'method': 'GET', 'path': '/api/emails/be', 'raw_path': b'/api/emails/be', 'root_path'...
          │    └ <starlette.middleware.exceptions.ExceptionMiddleware object at 0x7f913adfd0>
          └ <starlette.middleware.cors.CORSMiddleware object at 0x7f913ad3d0>
  File "/home/pi/repo/aimbot/aimbot-backend/.venv/lib/python3.9/site-packages/starlette/middleware/exceptions.py", line 63, in __call__
    await wrap_app_handling_exceptions(self.app, conn)(scope, receive, send)
          │                            │    │    │     │      │        └ <function ServerErrorMiddleware.__call__.<locals>._send at 0x7f911fb670>
          │                            │    │    │     │      └ <function _TestClientTransport.handle_request.<locals>.receive at 0x7f911fbdc0>
          │                            │    │    │     └ {'type': 'http', 'http_version': '1.1', 'method': 'GET', 'path': '/api/emails/be', 'raw_path': b'/api/emails/be', 'root_path'...
          │                            │    │    └ <starlette.requests.Request object at 0x7f912b7520>
          │                            │    └ <fastapi.middleware.asyncexitstack.AsyncExitStackMiddleware object at 0x7f913ad370>
          │                            └ <starlette.middleware.exceptions.ExceptionMiddleware object at 0x7f913adfd0>
          └ <function wrap_app_handling_exceptions at 0x7f928eb1f0>
  File "/home/pi/repo/aimbot/aimbot-backend/.venv/lib/python3.9/site-packages/starlette/_exception_handler.py", line 53, in wrapped_app
    raise exc
  File "/home/pi/repo/aimbot/aimbot-backend/.venv/lib/python3.9/site-packages/starlette/_exception_handler.py", line 42, in wrapped_app
    await app(scope, receive, sender)
          │   │      │        └ <function wrap_app_handling_exceptions.<locals>.wrapped_app.<locals>.sender at 0x7f911fbaf0>
          │   │      └ <function _TestClientTransport.handle_request.<locals>.receive at 0x7f911fbdc0>
          │   └ {'type': 'http', 'http_version': '1.1', 'method': 'GET', 'path': '/api/emails/be', 'raw_path': b'/api/emails/be', 'root_path'...
          └ <fastapi.middleware.asyncexitstack.AsyncExitStackMiddleware object at 0x7f913ad370>
  File "/home/pi/repo/aimbot/aimbot-backend/.venv/lib/python3.9/site-packages/fastapi/middleware/asyncexitstack.py", line 18, in __call__
    await self.app(scope, receive, send)
          │    │   │      │        └ <function wrap_app_handling_exceptions.<locals>.wrapped_app.<locals>.sender at 0x7f911fbaf0>
          │    │   │      └ <function _TestClientTransport.handle_request.<locals>.receive at 0x7f911fbdc0>
          │    │   └ {'type': 'http', 'http_version': '1.1', 'method': 'GET', 'path': '/api/emails/be', 'raw_path': b'/api/emails/be', 'root_path'...
          │    └ <fastapi.routing.APIRouter object at 0x7f913cb280>
          └ <fastapi.middleware.asyncexitstack.AsyncExitStackMiddleware object at 0x7f913ad370>
  File "/home/pi/repo/aimbot/aimbot-backend/.venv/lib/python3.9/site-packages/starlette/routing.py", line 716, in __call__
    await self.middleware_stack(scope, receive, send)
          │    │                │      │        └ <function wrap_app_handling_exceptions.<locals>.wrapped_app.<locals>.sender at 0x7f911fbaf0>
          │    │                │      └ <function _TestClientTransport.handle_request.<locals>.receive at 0x7f911fbdc0>
          │    │                └ {'type': 'http', 'http_version': '1.1', 'method': 'GET', 'path': '/api/emails/be', 'raw_path': b'/api/emails/be', 'root_path'...
          │    └ <bound method Router.app of <fastapi.routing.APIRouter object at 0x7f913cb280>>
          └ <fastapi.routing.APIRouter object at 0x7f913cb280>
  File "/home/pi/repo/aimbot/aimbot-backend/.venv/lib/python3.9/site-packages/starlette/routing.py", line 736, in app
    await route.handle(scope, receive, send)
          │     │      │      │        └ <function wrap_app_handling_exceptions.<locals>.wrapped_app.<locals>.sender at 0x7f911fbaf0>
          │     │      │      └ <function _TestClientTransport.handle_request.<locals>.receive at 0x7f911fbdc0>
          │     │      └ {'type': 'http', 'http_version': '1.1', 'method': 'GET', 'path': '/api/emails/be', 'raw_path': b'/api/emails/be', 'root_path'...
          │     └ <function Route.handle at 0x7f928f9790>
          └ APIRoute(path='/api/emails/{email_type}', name='fetch_email', methods=['GET'])
  File "/home/pi/repo/aimbot/aimbot-backend/.venv/lib/python3.9/site-packages/starlette/routing.py", line 290, in handle
    await self.app(scope, receive, send)
          │    │   │      │        └ <function wrap_app_handling_exceptions.<locals>.wrapped_app.<locals>.sender at 0x7f911fbaf0>
          │    │   │      └ <function _TestClientTransport.handle_request.<locals>.receive at 0x7f911fbdc0>
          │    │   └ {'type': 'http', 'http_version': '1.1', 'method': 'GET', 'path': '/api/emails/be', 'raw_path': b'/api/emails/be', 'root_path'...
          │    └ <function request_response.<locals>.app at 0x7f9138d700>
          └ APIRoute(path='/api/emails/{email_type}', name='fetch_email', methods=['GET'])
  File "/home/pi/repo/aimbot/aimbot-backend/.venv/lib/python3.9/site-packages/fastapi/routing.py", line 125, in app
    await wrap_app_handling_exceptions(app, request)(scope, receive, send)
          │                            │    │        │      │        └ <function wrap_app_handling_exceptions.<locals>.wrapped_app.<locals>.sender at 0x7f911fbaf0>
          │                            │    │        │      └ <function _TestClientTransport.handle_request.<locals>.receive at 0x7f911fbdc0>
          │                            │    │        └ {'type': 'http', 'http_version': '1.1', 'method': 'GET', 'path': '/api/emails/be', 'raw_path': b'/api/emails/be', 'root_path'...
          │                            │    └ <starlette.requests.Request object at 0x7f912b7820>
          │                            └ <function request_response.<locals>.app.<locals>.app at 0x7f911fbc10>
          └ <function wrap_app_handling_exceptions at 0x7f928eb1f0>
  File "/home/pi/repo/aimbot/aimbot-backend/.venv/lib/python3.9/site-packages/starlette/_exception_handler.py", line 53, in wrapped_app
    raise exc
  File "/home/pi/repo/aimbot/aimbot-backend/.venv/lib/python3.9/site-packages/starlette/_exception_handler.py", line 42, in wrapped_app
    await app(scope, receive, sender)
          │   │      │        └ <function wrap_app_handling_exceptions.<locals>.wrapped_app.<locals>.sender at 0x7f911fb700>
          │   │      └ <function _TestClientTransport.handle_request.<locals>.receive at 0x7f911fbdc0>
          │   └ {'type': 'http', 'http_version': '1.1', 'method': 'GET', 'path': '/api/emails/be', 'raw_path': b'/api/emails/be', 'root_path'...
          └ <function request_response.<locals>.app.<locals>.app at 0x7f911fbc10>
  File "/home/pi/repo/aimbot/aimbot-backend/.venv/lib/python3.9/site-packages/fastapi/routing.py", line 111, in app
    response = await f(request)
                     │ └ <starlette.requests.Request object at 0x7f912b7820>
                     └ <function get_request_handler.<locals>.app at 0x7f9138d670>
  File "/home/pi/repo/aimbot/aimbot-backend/.venv/lib/python3.9/site-packages/fastapi/routing.py", line 391, in app
    raw_response = await run_endpoint_function(
                         └ <function run_endpoint_function at 0x7f929014c0>
  File "/home/pi/repo/aimbot/aimbot-backend/.venv/lib/python3.9/site-packages/fastapi/routing.py", line 290, in run_endpoint_function
    return await dependant.call(**values)
                 │         │      └ {'email_type': <EmailType.BE: 'be'>}
                 │         └ <function fetch_email at 0x7f913e3700>
                 └ Dependant(path_params=[ModelField(field_info=Path(PydanticUndefined), name='email_type', mode='validation')], query_params=[]...

  File "/home/pi/repo/aimbot/aimbot-backend/aimbot/main.py", line 174, in fetch_email
    results = await _gather_scraper_tasks(tasks)
                    │                     └ {'news_stories': <coroutine object BaseScraper.fetch_n_stories_for_section at 0x7f911fde40>, 'sports_stories': <coroutine obj...
                    └ <AsyncMock name='_gather_scraper_tasks' id='547894822272'>

  File "/home/pi/.local/share/uv/python/cpython-3.9.6-linux-aarch64-gnu/lib/python3.9/unittest/mock.py", line 2154, in _execute_mock_call
    raise effect
          └ RuntimeError('Something went terribly wrong')

RuntimeError: Something went terribly wrong
06:41:02 | ERROR   | aimbot.main:save_email:348 | Failed to save email for be
Traceback (most recent call last):

  File "/home/pi/.local/share/uv/python/cpython-3.9.6-linux-aarch64-gnu/lib/python3.9/threading.py", line 930, in _bootstrap
    self._bootstrap_inner()
    │    └ <function Thread._bootstrap_inner at 0x7f940c9790>
    └ <Thread(asyncio-portal-7f8bbab130, started daemon 547894780288)>
  File "/home/pi/.local/share/uv/python/cpython-3.9.6-linux-aarch64-gnu/lib/python3.9/threading.py", line 973, in _bootstrap_inner
    self.run()
    │    └ <function Thread.run at 0x7f940c94c0>
    └ <Thread(asyncio-portal-7f8bbab130, started daemon 547894780288)>
  File "/home/pi/.local/share/uv/python/cpython-3.9.6-linux-aarch64-gnu/lib/python3.9/threading.py", line 910, in run
    self._target(*self._args, **self._kwargs)
    │    │        │    │        │    └ {}
    │    │        │    │        └ <Thread(asyncio-portal-7f8bbab130, started daemon 547894780288)>
    │    │        │    └ ()
    │    │        └ <Thread(asyncio-portal-7f8bbab130, started daemon 547894780288)>
    │    └ <function start_blocking_portal.<locals>.run_blocking_portal at 0x7f8be1a3a0>
    └ <Thread(asyncio-portal-7f8bbab130, started daemon 547894780288)>
  File "/home/pi/repo/aimbot/aimbot-backend/.venv/lib/python3.9/site-packages/anyio/from_thread.py", line 519, in run_blocking_portal
    run_eventloop(
    └ <function run at 0x7f93921a60>
  File "/home/pi/repo/aimbot/aimbot-backend/.venv/lib/python3.9/site-packages/anyio/_core/_eventloop.py", line 74, in run
    return async_backend.run(func, args, {}, backend_options)
           │             │   │     │         └ {}
           │             │   │     └ ()
           │             │   └ <function start_blocking_portal.<locals>.run_portal at 0x7f8be1a310>
           │             └ <classmethod object at 0x7f913ae5b0>
           └ <class 'anyio._backends._asyncio.AsyncIOBackend'>
  File "/home/pi/repo/aimbot/aimbot-backend/.venv/lib/python3.9/site-packages/anyio/_backends/_asyncio.py", line 2325, in run
    return runner.run(wrapper())
           │      │   └ <function start_blocking_portal.<locals>.run_portal at 0x7f8be1a4c0>
           │      └ <function Runner.run at 0x7f912f03a0>
           └ <anyio._backends._asyncio.Runner object at 0x7f8bbb9280>
  File "/home/pi/repo/aimbot/aimbot-backend/.venv/lib/python3.9/site-packages/anyio/_backends/_asyncio.py", line 218, in run
    return self._loop.run_until_complete(task)
           │    │     │                  └ <Task pending name='anyio.from_thread.start_blocking_portal.<locals>.run_portal' coro=<start_blocking_portal.<locals>.run_por...
           │    │     └ <function BaseEventLoop.run_until_complete at 0x7f93781040>
           │    └ <_UnixSelectorEventLoop running=True closed=False debug=False>
           └ <anyio._backends._asyncio.Runner object at 0x7f8bbb9280>
  File "/home/pi/.local/share/uv/python/cpython-3.9.6-linux-aarch64-gnu/lib/python3.9/asyncio/base_events.py", line 629, in run_until_complete
    self.run_forever()
    │    └ <function BaseEventLoop.run_forever at 0x7f9377ef70>
    └ <_UnixSelectorEventLoop running=True closed=False debug=False>
  File "/home/pi/.local/share/uv/python/cpython-3.9.6-linux-aarch64-gnu/lib/python3.9/asyncio/base_events.py", line 596, in run_forever
    self._run_once()
    │    └ <function BaseEventLoop._run_once at 0x7f93783af0>
    └ <_UnixSelectorEventLoop running=True closed=False debug=False>
  File "/home/pi/.local/share/uv/python/cpython-3.9.6-linux-aarch64-gnu/lib/python3.9/asyncio/base_events.py", line 1890, in _run_once
    handle._run()
    │      └ <function Handle._run at 0x7f937b3430>
    └ <Handle <TaskStepMethWrapper object at 0x7f8bbab7f0>()>
  File "/home/pi/.local/share/uv/python/cpython-3.9.6-linux-aarch64-gnu/lib/python3.9/asyncio/events.py", line 80, in _run
    self._context.run(self._callback, *self._args)
    │    │            │    │           │    └ <member '_args' of 'Handle' objects>
    │    │            │    │           └ <Handle <TaskStepMethWrapper object at 0x7f8bbab7f0>()>
    │    │            │    └ <member '_callback' of 'Handle' objects>
    │    │            └ <Handle <TaskStepMethWrapper object at 0x7f8bbab7f0>()>
    │    └ <member '_context' of 'Handle' objects>
    └ <Handle <TaskStepMethWrapper object at 0x7f8bbab7f0>()>
  File "/home/pi/repo/aimbot/aimbot-backend/.venv/lib/python3.9/site-packages/anyio/from_thread.py", line 252, in _call_func
    retval = await retval_or_awaitable
                   └ <coroutine object FastAPI.__call__ at 0x7f8bdd69c0>
  File "/home/pi/repo/aimbot/aimbot-backend/.venv/lib/python3.9/site-packages/fastapi/applications.py", line 1134, in __call__
    await super().__call__(scope, receive, send)
                           │      │        └ <function _TestClientTransport.handle_request.<locals>.send at 0x7f8be1a1f0>
                           │      └ <function _TestClientTransport.handle_request.<locals>.receive at 0x7f8be1ae50>
                           └ {'type': 'http', 'http_version': '1.1', 'method': 'POST', 'path': '/api/emails/be/save', 'raw_path': b'/api/emails/be/save', ...
  File "/home/pi/repo/aimbot/aimbot-backend/.venv/lib/python3.9/site-packages/starlette/applications.py", line 113, in __call__
    await self.middleware_stack(scope, receive, send)
          │    │                │      │        └ <function _TestClientTransport.handle_request.<locals>.send at 0x7f8be1a1f0>
          │    │                │      └ <function _TestClientTransport.handle_request.<locals>.receive at 0x7f8be1ae50>
          │    │                └ {'type': 'http', 'http_version': '1.1', 'method': 'POST', 'path': '/api/emails/be/save', 'raw_path': b'/api/emails/be/save', ...
          │    └ <starlette.middleware.errors.ServerErrorMiddleware object at 0x7f913ad790>
          └ <fastapi.applications.FastAPI object at 0x7f913c0e20>
  File "/home/pi/repo/aimbot/aimbot-backend/.venv/lib/python3.9/site-packages/starlette/middleware/errors.py", line 164, in __call__
    await self.app(scope, receive, _send)
          │    │   │      │        └ <function ServerErrorMiddleware.__call__.<locals>._send at 0x7f8be1a820>
          │    │   │      └ <function _TestClientTransport.handle_request.<locals>.receive at 0x7f8be1ae50>
          │    │   └ {'type': 'http', 'http_version': '1.1', 'method': 'POST', 'path': '/api/emails/be/save', 'raw_path': b'/api/emails/be/save', ...
          │    └ <starlette.middleware.cors.CORSMiddleware object at 0x7f913ad3d0>
          └ <starlette.middleware.errors.ServerErrorMiddleware object at 0x7f913ad790>
  File "/home/pi/repo/aimbot/aimbot-backend/.venv/lib/python3.9/site-packages/starlette/middleware/cors.py", line 85, in __call__
    await self.app(scope, receive, send)
          │    │   │      │        └ <function ServerErrorMiddleware.__call__.<locals>._send at 0x7f8be1a820>
          │    │   │      └ <function _TestClientTransport.handle_request.<locals>.receive at 0x7f8be1ae50>
          │    │   └ {'type': 'http', 'http_version': '1.1', 'method': 'POST', 'path': '/api/emails/be/save', 'raw_path': b'/api/emails/be/save', ...
          │    └ <starlette.middleware.exceptions.ExceptionMiddleware object at 0x7f913adfd0>
          └ <starlette.middleware.cors.CORSMiddleware object at 0x7f913ad3d0>
  File "/home/pi/repo/aimbot/aimbot-backend/.venv/lib/python3.9/site-packages/starlette/middleware/exceptions.py", line 63, in __call__
    await wrap_app_handling_exceptions(self.app, conn)(scope, receive, send)
          │                            │    │    │     │      │        └ <function ServerErrorMiddleware.__call__.<locals>._send at 0x7f8be1a820>
          │                            │    │    │     │      └ <function _TestClientTransport.handle_request.<locals>.receive at 0x7f8be1ae50>
          │                            │    │    │     └ {'type': 'http', 'http_version': '1.1', 'method': 'POST', 'path': '/api/emails/be/save', 'raw_path': b'/api/emails/be/save', ...
          │                            │    │    └ <starlette.requests.Request object at 0x7f8bbab580>
          │                            │    └ <fastapi.middleware.asyncexitstack.AsyncExitStackMiddleware object at 0x7f913ad370>
          │                            └ <starlette.middleware.exceptions.ExceptionMiddleware object at 0x7f913adfd0>
          └ <function wrap_app_handling_exceptions at 0x7f928eb1f0>
  File "/home/pi/repo/aimbot/aimbot-backend/.venv/lib/python3.9/site-packages/starlette/_exception_handler.py", line 42, in wrapped_app
    await app(scope, receive, sender)
          │   │      │        └ <function wrap_app_handling_exceptions.<locals>.wrapped_app.<locals>.sender at 0x7f8be1a8b0>
          │   │      └ <function _TestClientTransport.handle_request.<locals>.receive at 0x7f8be1ae50>
          │   └ {'type': 'http', 'http_version': '1.1', 'method': 'POST', 'path': '/api/emails/be/save', 'raw_path': b'/api/emails/be/save', ...
          └ <fastapi.middleware.asyncexitstack.AsyncExitStackMiddleware object at 0x7f913ad370>
  File "/home/pi/repo/aimbot/aimbot-backend/.venv/lib/python3.9/site-packages/fastapi/middleware/asyncexitstack.py", line 18, in __call__
    await self.app(scope, receive, send)
          │    │   │      │        └ <function wrap_app_handling_exceptions.<locals>.wrapped_app.<locals>.sender at 0x7f8be1a8b0>
          │    │   │      └ <function _TestClientTransport.handle_request.<locals>.receive at 0x7f8be1ae50>
          │    │   └ {'type': 'http', 'http_version': '1.1', 'method': 'POST', 'path': '/api/emails/be/save', 'raw_path': b'/api/emails/be/save', ...
          │    └ <fastapi.routing.APIRouter object at 0x7f913cb280>
          └ <fastapi.middleware.asyncexitstack.AsyncExitStackMiddleware object at 0x7f913ad370>
  File "/home/pi/repo/aimbot/aimbot-backend/.venv/lib/python3.9/site-packages/starlette/routing.py", line 716, in __call__
    await self.middleware_stack(scope, receive, send)
          │    │                │      │        └ <function wrap_app_handling_exceptions.<locals>.wrapped_app.<locals>.sender at 0x7f8be1a8b0>
          │    │                │      └ <function _TestClientTransport.handle_request.<locals>.receive at 0x7f8be1ae50>
          │    │                └ {'type': 'http', 'http_version': '1.1', 'method': 'POST', 'path': '/api/emails/be/save', 'raw_path': b'/api/emails/be/save', ...
          │    └ <bound method Router.app of <fastapi.routing.APIRouter object at 0x7f913cb280>>
          └ <fastapi.routing.APIRouter object at 0x7f913cb280>
  File "/home/pi/repo/aimbot/aimbot-backend/.venv/lib/python3.9/site-packages/starlette/routing.py", line 736, in app
    await route.handle(scope, receive, send)
          │     │      │      │        └ <function wrap_app_handling_exceptions.<locals>.wrapped_app.<locals>.sender at 0x7f8be1a8b0>
          │     │      │      └ <function _TestClientTransport.handle_request.<locals>.receive at 0x7f8be1ae50>
          │     │      └ {'type': 'http', 'http_version': '1.1', 'method': 'POST', 'path': '/api/emails/be/save', 'raw_path': b'/api/emails/be/save', ...
          │     └ <function Route.handle at 0x7f928f9790>
          └ APIRoute(path='/api/emails/{email_type}/save', name='save_email', methods=['POST'])
  File "/home/pi/repo/aimbot/aimbot-backend/.venv/lib/python3.9/site-packages/starlette/routing.py", line 290, in handle
    await self.app(scope, receive, send)
          │    │   │      │        └ <function wrap_app_handling_exceptions.<locals>.wrapped_app.<locals>.sender at 0x7f8be1a8b0>
          │    │   │      └ <function _TestClientTransport.handle_request.<locals>.receive at 0x7f8be1ae50>
          │    │   └ {'type': 'http', 'http_version': '1.1', 'method': 'POST', 'path': '/api/emails/be/save', 'raw_path': b'/api/emails/be/save', ...
          │    └ <function request_response.<locals>.app at 0x7f91399040>
          └ APIRoute(path='/api/emails/{email_type}/save', name='save_email', methods=['POST'])
  File "/home/pi/repo/aimbot/aimbot-backend/.venv/lib/python3.9/site-packages/fastapi/routing.py", line 125, in app
    await wrap_app_handling_exceptions(app, request)(scope, receive, send)
          │                            │    │        │      │        └ <function wrap_app_handling_exceptions.<locals>.wrapped_app.<locals>.sender at 0x7f8be1a8b0>
          │                            │    │        │      └ <function _TestClientTransport.handle_request.<locals>.receive at 0x7f8be1ae50>
          │                            │    │        └ {'type': 'http', 'http_version': '1.1', 'method': 'POST', 'path': '/api/emails/be/save', 'raw_path': b'/api/emails/be/save', ...
          │                            │    └ <starlette.requests.Request object at 0x7f8bbab5e0>
          │                            └ <function request_response.<locals>.app.<locals>.app at 0x7f8be1a940>
          └ <function wrap_app_handling_exceptions at 0x7f928eb1f0>
  File "/home/pi/repo/aimbot/aimbot-backend/.venv/lib/python3.9/site-packages/starlette/_exception_handler.py", line 42, in wrapped_app
    await app(scope, receive, sender)
          │   │      │        └ <function wrap_app_handling_exceptions.<locals>.wrapped_app.<locals>.sender at 0x7f8be1a9d0>
          │   │      └ <function _TestClientTransport.handle_request.<locals>.receive at 0x7f8be1ae50>
          │   └ {'type': 'http', 'http_version': '1.1', 'method': 'POST', 'path': '/api/emails/be/save', 'raw_path': b'/api/emails/be/save', ...
          └ <function request_response.<locals>.app.<locals>.app at 0x7f8be1a940>
  File "/home/pi/repo/aimbot/aimbot-backend/.venv/lib/python3.9/site-packages/fastapi/routing.py", line 111, in app
    response = await f(request)
                     │ └ <starlette.requests.Request object at 0x7f8bbab5e0>
                     └ <function get_request_handler.<locals>.app at 0x7f9138df70>
  File "/home/pi/repo/aimbot/aimbot-backend/.venv/lib/python3.9/site-packages/fastapi/routing.py", line 391, in app
    raw_response = await run_endpoint_function(
                         └ <function run_endpoint_function at 0x7f929014c0>
  File "/home/pi/repo/aimbot/aimbot-backend/.venv/lib/python3.9/site-packages/fastapi/routing.py", line 290, in run_endpoint_function
    return await dependant.call(**values)
                 │         │      └ {'email_type': <EmailType.BE: 'be'>, 'email_data': BEEmailData(date=1 June 2025, 0 news stories)}
                 │         └ <function save_email at 0x7f91383160>
                 └ Dependant(path_params=[ModelField(field_info=Path(PydanticUndefined), name='email_type', mode='validation')], query_params=[]...

> File "/home/pi/repo/aimbot/aimbot-backend/aimbot/main.py", line 342, in save_email
    success = email_cache.save(email_type.value, email_data.model_dump())
              │           │    │          │      │          └ <function BaseModel.model_dump at 0x7f92d5a040>
              │           │    │          │      └ BEEmailData(date=1 June 2025, 0 news stories)
              │           │    │          └ <types.DynamicClassAttribute object at 0x7f94302340>
              │           │    └ <EmailType.BE: 'be'>
              │           └ <MagicMock name='save' id='547802670848'>
              └ <aimbot.cache.EmailCache object at 0x7f913cb640>

  File "/home/pi/.local/share/uv/python/cpython-3.9.6-linux-aarch64-gnu/lib/python3.9/unittest/mock.py", line 1093, in __call__
    return self._mock_call(*args, **kwargs)
           │    │           │       └ {}
           │    │           └ ('be', {'top_image': {'url': '', 'author': '', 'text': '', 'link': None, 'takeover': False}, 'tides': '', 'weather': '', 'dat...
           │    └ <function CallableMixin._mock_call at 0x7f935bdca0>
           └ <MagicMock name='save' id='547802670848'>
  File "/home/pi/.local/share/uv/python/cpython-3.9.6-linux-aarch64-gnu/lib/python3.9/unittest/mock.py", line 1097, in _mock_call
    return self._execute_mock_call(*args, **kwargs)
           │    │                   │       └ {}
           │    │                   └ ('be', {'top_image': {'url': '', 'author': '', 'text': '', 'link': None, 'takeover': False}, 'tides': '', 'weather': '', 'dat...
           │    └ <function CallableMixin._execute_mock_call at 0x7f935bddc0>
           └ <MagicMock name='save' id='547802670848'>
  File "/home/pi/.local/share/uv/python/cpython-3.9.6-linux-aarch64-gnu/lib/python3.9/unittest/mock.py", line 1152, in _execute_mock_call
    raise effect
          └ ValueError('Disk full')

ValueError: Disk full
06:41:03 | ERROR   | aimbot.main:_gather_scraper_tasks:121 | Scraper task 'fail' failed: Boom!
06:41:03 | ERROR   | aimbot.main:_gather_scraper_tasks:121 | Scraper task 'a' failed: err_a
06:41:03 | ERROR   | aimbot.main:_gather_scraper_tasks:121 | Scraper task 'b' failed: err_b
06:41:18 | ERROR   | aimbot.main:global_exception_handler:74 | Unhandled exception on GET /api/emails/be
Traceback (most recent call last):

  File "/home/pi/.local/share/uv/python/cpython-3.9.6-linux-aarch64-gnu/lib/python3.9/threading.py", line 930, in _bootstrap
    self._bootstrap_inner()
    │    └ <function Thread._bootstrap_inner at 0x7fb8a29820>
    └ <Thread(asyncio-portal-7fb5442d30, started daemon 548510687616)>
  File "/home/pi/.local/share/uv/python/cpython-3.9.6-linux-aarch64-gnu/lib/python3.9/threading.py", line 973, in _bootstrap_inner
    self.run()
    │    └ <function Thread.run at 0x7fb8a29550>
    └ <Thread(asyncio-portal-7fb5442d30, started daemon 548510687616)>
  File "/home/pi/.local/share/uv/python/cpython-3.9.6-linux-aarch64-gnu/lib/python3.9/threading.py", line 910, in run
    self._target(*self._args, **self._kwargs)
    │    │        │    │        │    └ {}
    │    │        │    │        └ <Thread(asyncio-portal-7fb5442d30, started daemon 548510687616)>
    │    │        │    └ ()
    │    │        └ <Thread(asyncio-portal-7fb5442d30, started daemon 548510687616)>
    │    └ <function start_blocking_portal.<locals>.run_blocking_portal at 0x7fb5d0a3a0>
    └ <Thread(asyncio-portal-7fb5442d30, started daemon 548510687616)>
  File "/home/pi/repo/aimbot/aimbot-backend/.venv/lib/python3.9/site-packages/anyio/from_thread.py", line 519, in run_blocking_portal
    run_eventloop(
    └ <function run at 0x7fb827faf0>
  File "/home/pi/repo/aimbot/aimbot-backend/.venv/lib/python3.9/site-packages/anyio/_core/_eventloop.py", line 74, in run
    return async_backend.run(func, args, {}, backend_options)
           │             │   │     │         └ {}
           │             │   │     └ ()
           │             │   └ <function start_blocking_portal.<locals>.run_portal at 0x7fb5d0a310>
           │             └ <classmethod object at 0x7fb5468e50>
           └ <class 'anyio._backends._asyncio.AsyncIOBackend'>
  File "/home/pi/repo/aimbot/aimbot-backend/.venv/lib/python3.9/site-packages/anyio/_backends/_asyncio.py", line 2325, in run
    return runner.run(wrapper())
           │      │   └ <function start_blocking_portal.<locals>.run_portal at 0x7fb5d0a4c0>
           │      └ <function Runner.run at 0x7fb544f820>
           └ <anyio._backends._asyncio.Runner object at 0x7fb5cb4190>
  File "/home/pi/repo/aimbot/aimbot-backend/.venv/lib/python3.9/site-packages/anyio/_backends/_asyncio.py", line 218, in run
    return self._loop.run_until_complete(task)
           │    │     │                  └ <Task pending name='anyio.from_thread.start_blocking_portal.<locals>.run_portal' coro=<start_blocking_portal.<locals>.run_por...
           │    │     └ <function BaseEventLoop.run_until_complete at 0x7fb80e00d0>
           │    └ <_UnixSelectorEventLoop running=True closed=False debug=False>
           └ <anyio._backends._asyncio.Runner object at 0x7fb5cb4190>
  File "/home/pi/.local/share/uv/python/cpython-3.9.6-linux-aarch64-gnu/lib/python3.9/asyncio/base_events.py", line 629, in run_until_complete
    self.run_forever()
    │    └ <function BaseEventLoop.run_forever at 0x7fb80e0040>
    └ <_UnixSelectorEventLoop running=True closed=False debug=False>
  File "/home/pi/.local/share/uv/python/cpython-3.9.6-linux-aarch64-gnu/lib/python3.9/asyncio/base_events.py", line 596, in run_forever
    self._run_once()
    │    └ <function BaseEventLoop._run_once at 0x7fb80e2b80>
    └ <_UnixSelectorEventLoop running=True closed=False debug=False>
  File "/home/pi/.local/share/uv/python/cpython-3.9.6-linux-aarch64-gnu/lib/python3.9/asyncio/base_events.py", line 1890, in _run_once
    handle._run()
    │      └ <function Handle._run at 0x7fb81124c0>
    └ <Handle <TaskStepMethWrapper object at 0x7fb5461b50>()>
  File "/home/pi/.local/share/uv/python/cpython-3.9.6-linux-aarch64-gnu/lib/python3.9/asyncio/events.py", line 80, in _run
    self._context.run(self._callback, *self._args)
    │    │            │    │           │    └ <member '_args' of 'Handle' objects>
    │    │            │    │           └ <Handle <TaskStepMethWrapper object at 0x7fb5461b50>()>
    │    │            │    └ <member '_callback' of 'Handle' objects>
    │    │            └ <Handle <TaskStepMethWrapper object at 0x7fb5461b50>()>
    │    └ <member '_context' of 'Handle' objects>
    └ <Handle <TaskStepMethWrapper object at 0x7fb5461b50>()>
  File "/home/pi/repo/aimbot/aimbot-backend/.venv/lib/python3.9/site-packages/anyio/from_thread.py", line 252, in _call_func
    retval = await retval_or_awaitable
                   └ <coroutine object FastAPI.__call__ at 0x7fb5454a40>
  File "/home/pi/repo/aimbot/aimbot-backend/.venv/lib/python3.9/site-packages/fastapi/applications.py", line 1134, in __call__
    await super().__call__(scope, receive, send)
                           │      │        └ <function _TestClientTransport.handle_request.<locals>.send at 0x7fb5d0a160>
                           │      └ <function _TestClientTransport.handle_request.<locals>.receive at 0x7fb7f4b8b0>
                           └ {'type': 'http', 'http_version': '1.1', 'method': 'GET', 'path': '/api/emails/be', 'raw_path': b'/api/emails/be', 'root_path'...
  File "/home/pi/repo/aimbot/aimbot-backend/.venv/lib/python3.9/site-packages/starlette/applications.py", line 113, in __call__
    await self.middleware_stack(scope, receive, send)
          │    │                │      │        └ <function _TestClientTransport.handle_request.<locals>.send at 0x7fb5d0a160>
          │    │                │      └ <function _TestClientTransport.handle_request.<locals>.receive at 0x7fb7f4b8b0>
          │    │                └ {'type': 'http', 'http_version': '1.1', 'method': 'GET', 'path': '/api/emails/be', 'raw_path': b'/api/emails/be', 'root_path'...
          │    └ <starlette.middleware.errors.ServerErrorMiddleware object at 0x7fb5461850>
          └ <fastapi.applications.FastAPI object at 0x7fb5d14c70>
> File "/home/pi/repo/aimbot/aimbot-backend/.venv/lib/python3.9/site-packages/starlette/middleware/errors.py", line 164, in __call__
    await self.app(scope, receive, _send)
          │    │   │      │        └ <function ServerErrorMiddleware.__call__.<locals>._send at 0x7fb546b040>
          │    │   │      └ <function _TestClientTransport.handle_request.<locals>.receive at 0x7fb7f4b8b0>
          │    │   └ {'type': 'http', 'http_version': '1.1', 'method': 'GET', 'path': '/api/emails/be', 'raw_path': b'/api/emails/be', 'root_path'...
          │    └ <starlette.middleware.cors.CORSMiddleware object at 0x7fb5461f70>
          └ <starlette.middleware.errors.ServerErrorMiddleware object at 0x7fb5461850>
  File "/home/pi/repo/aimbot/aimbot-backend/.venv/lib/python3.9/site-packages/starlette/middleware/cors.py", line 85, in __call__
    await self.app(scope, receive, send)
          │    │   │      │        └ <function ServerErrorMiddleware.__call__.<locals>._send at 0x7fb546b040>
          │    │   │      └ <function _TestClientTransport.handle_request.<locals>.receive at 0x7fb7f4b8b0>
          │    │   └ {'type': 'http', 'http_version': '1.1', 'method': 'GET', 'path': '/api/emails/be', 'raw_path': b'/api/emails/be', 'root_path'...
          │    └ <starlette.middleware.exceptions.ExceptionMiddleware object at 0x7fb5461e50>
          └ <starlette.middleware.cors.CORSMiddleware object at 0x7fb5461f70>
  File "/home/pi/repo/aimbot/aimbot-backend/.venv/lib/python3.9/site-packages/starlette/middleware/exceptions.py", line 63, in __call__
    await wrap_app_handling_exceptions(self.app, conn)(scope, receive, send)
          │                            │    │    │     │      │        └ <function ServerErrorMiddleware.__call__.<locals>._send at 0x7fb546b040>
          │                            │    │    │     │      └ <function _TestClientTransport.handle_request.<locals>.receive at 0x7fb7f4b8b0>
          │                            │    │    │     └ {'type': 'http', 'http_version': '1.1', 'method': 'GET', 'path': '/api/emails/be', 'raw_path': b'/api/emails/be', 'root_path'...
          │                            │    │    └ <starlette.requests.Request object at 0x7fb5461c70>
          │                            │    └ <fastapi.middleware.asyncexitstack.AsyncExitStackMiddleware object at 0x7fb5461bb0>
          │                            └ <starlette.middleware.exceptions.ExceptionMiddleware object at 0x7fb5461e50>
          └ <function wrap_app_handling_exceptions at 0x7fb7243280>
  File "/home/pi/repo/aimbot/aimbot-backend/.venv/lib/python3.9/site-packages/starlette/_exception_handler.py", line 53, in wrapped_app
    raise exc
  File "/home/pi/repo/aimbot/aimbot-backend/.venv/lib/python3.9/site-packages/starlette/_exception_handler.py", line 42, in wrapped_app
    await app(scope, receive, sender)
          │   │      │        └ <function wrap_app_handling_exceptions.<locals>.wrapped_app.<locals>.sender at 0x7fb5400790>
          │   │      └ <function _TestClientTransport.handle_request.<locals>.receive at 0x7fb7f4b8b0>
          │   └ {'type': 'http', 'http_version': '1.1', 'method': 'GET', 'path': '/api/emails/be', 'raw_path': b'/api/emails/be', 'root_path'...
          └ <fastapi.middleware.asyncexitstack.AsyncExitStackMiddleware object at 0x7fb5461bb0>
  File "/home/pi/repo/aimbot/aimbot-backend/.venv/lib/python3.9/site-packages/fastapi/middleware/asyncexitstack.py", line 18, in __call__
    await self.app(scope, receive, send)
          │    │   │      │        └ <function wrap_app_handling_exceptions.<locals>.wrapped_app.<locals>.sender at 0x7fb5400790>
          │    │   │      └ <function _TestClientTransport.handle_request.<locals>.receive at 0x7fb7f4b8b0>
          │    │   └ {'type': 'http', 'http_version': '1.1', 'method': 'GET', 'path': '/api/emails/be', 'raw_path': b'/api/emails/be', 'root_path'...
          │    └ <fastapi.routing.APIRouter object at 0x7fb5d147f0>
          └ <fastapi.middleware.asyncexitstack.AsyncExitStackMiddleware object at 0x7fb5461bb0>
  File "/home/pi/repo/aimbot/aimbot-backend/.venv/lib/python3.9/site-packages/starlette/routing.py", line 716, in __call__
    await self.middleware_stack(scope, receive, send)
          │    │                │      │        └ <function wrap_app_handling_exceptions.<locals>.wrapped_app.<locals>.sender at 0x7fb5400790>
          │    │                │      └ <function _TestClientTransport.handle_request.<locals>.receive at 0x7fb7f4b8b0>
          │    │                └ {'type': 'http', 'http_version': '1.1', 'method': 'GET', 'path': '/api/emails/be', 'raw_path': b'/api/emails/be', 'root_path'...
          │    └ <bound method Router.app of <fastapi.routing.APIRouter object at 0x7fb5d147f0>>
          └ <fastapi.routing.APIRouter object at 0x7fb5d147f0>
  File "/home/pi/repo/aimbot/aimbot-backend/.venv/lib/python3.9/site-packages/starlette/routing.py", line 736, in app
    await route.handle(scope, receive, send)
          │     │      │      │        └ <function wrap_app_handling_exceptions.<locals>.wrapped_app.<locals>.sender at 0x7fb5400790>
          │     │      │      └ <function _TestClientTransport.handle_request.<locals>.receive at 0x7fb7f4b8b0>
          │     │      └ {'type': 'http', 'http_version': '1.1', 'method': 'GET', 'path': '/api/emails/be', 'raw_path': b'/api/emails/be', 'root_path'...
          │     └ <function Route.handle at 0x7fb724e820>
          └ APIRoute(path='/api/emails/{email_type}', name='fetch_email', methods=['GET'])
  File "/home/pi/repo/aimbot/aimbot-backend/.venv/lib/python3.9/site-packages/starlette/routing.py", line 290, in handle
    await self.app(scope, receive, send)
          │    │   │      │        └ <function wrap_app_handling_exceptions.<locals>.wrapped_app.<locals>.sender at 0x7fb5400790>
          │    │   │      └ <function _TestClientTransport.handle_request.<locals>.receive at 0x7fb7f4b8b0>
          │    │   └ {'type': 'http', 'http_version': '1.1', 'method': 'GET', 'path': '/api/emails/be', 'raw_path': b'/api/emails/be', 'root_path'...
          │    └ <function request_response.<locals>.app at 0x7fb5cdc790>
          └ APIRoute(path='/api/emails/{email_type}', name='fetch_email', methods=['GET'])
  File "/home/pi/repo/aimbot/aimbot-backend/.venv/lib/python3.9/site-packages/fastapi/routing.py", line 125, in app
    await wrap_app_handling_exceptions(app, request)(scope, receive, send)
          │                            │    │        │      │        └ <function wrap_app_handling_exceptions.<locals>.wrapped_app.<locals>.sender at 0x7fb5400790>
          │                            │    │        │      └ <function _TestClientTransport.handle_request.<locals>.receive at 0x7fb7f4b8b0>
          │                            │    │        └ {'type': 'http', 'http_version': '1.1', 'method': 'GET', 'path': '/api/emails/be', 'raw_path': b'/api/emails/be', 'root_path'...
          │                            │    └ <starlette.requests.Request object at 0x7fb5461e80>
          │                            └ <function request_response.<locals>.app.<locals>.app at 0x7fb5400820>
          └ <function wrap_app_handling_exceptions at 0x7fb7243280>
  File "/home/pi/repo/aimbot/aimbot-backend/.venv/lib/python3.9/site-packages/starlette/_exception_handler.py", line 53, in wrapped_app
    raise exc
  File "/home/pi/repo/aimbot/aimbot-backend/.venv/lib/python3.9/site-packages/starlette/_exception_handler.py", line 42, in wrapped_app
    await app(scope, receive, sender)
          │   │      │        └ <function wrap_app_handling_exceptions.<locals>.wrapped_app.<locals>.sender at 0x7fb54008b0>
          │   │      └ <function _TestClientTransport.handle_request.<locals>.receive at 0x7fb7f4b8b0>
          │   └ {'type': 'http', 'http_version': '1.1', 'method': 'GET', 'path': '/api/emails/be', 'raw_path': b'/api/emails/be', 'root_path'...
          └ <function request_response.<locals>.app.<locals>.app at 0x7fb5400820>
  File "/home/pi/repo/aimbot/aimbot-backend/.venv/lib/python3.9/site-packages/fastapi/routing.py", line 111, in app
    response = await f(request)
                     │ └ <starlette.requests.Request object at 0x7fb5461e80>
                     └ <function get_request_handler.<locals>.app at 0x7fb5cdc700>
  File "/home/pi/repo/aimbot/aimbot-backend/.venv/lib/python3.9/site-packages/fastapi/routing.py", line 391, in app
    raw_response = await run_endpoint_function(
                         └ <function run_endpoint_function at 0x7fb7257550>
  File "/home/pi/repo/aimbot/aimbot-backend/.venv/lib/python3.9/site-packages/fastapi/routing.py", line 290, in run_endpoint_function
    return await dependant.call(**values)
                 │         │      └ {'email_type': <EmailType.BE: 'be'>}
                 │         └ <function fetch_email at 0x7fb5d33790>
                 └ Dependant(path_params=[ModelField(field_info=Path(PydanticUndefined), name='email_type', mode='validation')], query_params=[]...

  File "/home/pi/repo/aimbot/aimbot-backend/aimbot/main.py", line 174, in fetch_email
    results = await _gather_scraper_tasks(tasks)
                    │                     └ {'news_stories': <coroutine object BaseScraper.fetch_n_stories_for_section at 0x7fb540e2c0>, 'sports_stories': <coroutine obj...
                    └ <AsyncMock name='_gather_scraper_tasks' id='548511082768'>

  File "/home/pi/.local/share/uv/python/cpython-3.9.6-linux-aarch64-gnu/lib/python3.9/unittest/mock.py", line 2154, in _execute_mock_call
    raise effect
          └ RuntimeError('Something went terribly wrong')

RuntimeError: Something went terribly wrong
06:42:03 | ERROR   | aimbot.main:global_exception_handler:74 | Unhandled exception on GET /api/emails/be
Traceback (most recent call last):

  File "/home/pi/.local/share/uv/python/cpython-3.9.6-linux-aarch64-gnu/lib/python3.9/threading.py", line 930, in _bootstrap
    self._bootstrap_inner()
    │    └ <function Thread._bootstrap_inner at 0x7f910b84c0>
    └ <Thread(asyncio-portal-7f8e0004f0, started daemon 547851923840)>
  File "/home/pi/.local/share/uv/python/cpython-3.9.6-linux-aarch64-gnu/lib/python3.9/threading.py", line 973, in _bootstrap_inner
    self.run()
    │    └ <function Thread.run at 0x7f910b81f0>
    └ <Thread(asyncio-portal-7f8e0004f0, started daemon 547851923840)>
  File "/home/pi/.local/share/uv/python/cpython-3.9.6-linux-aarch64-gnu/lib/python3.9/threading.py", line 910, in run
    self._target(*self._args, **self._kwargs)
    │    │        │    │        │    └ {}
    │    │        │    │        └ <Thread(asyncio-portal-7f8e0004f0, started daemon 547851923840)>
    │    │        │    └ ()
    │    │        └ <Thread(asyncio-portal-7f8e0004f0, started daemon 547851923840)>
    │    └ <function start_blocking_portal.<locals>.run_blocking_portal at 0x7f8e882040>
    └ <Thread(asyncio-portal-7f8e0004f0, started daemon 547851923840)>
  File "/home/pi/repo/aimbot/aimbot-backend/.venv/lib/python3.9/site-packages/anyio/from_thread.py", line 519, in run_blocking_portal
    run_eventloop(
    └ <function run at 0x7f9048b280>
  File "/home/pi/repo/aimbot/aimbot-backend/.venv/lib/python3.9/site-packages/anyio/_core/_eventloop.py", line 74, in run
    return async_backend.run(func, args, {}, backend_options)
           │             │   │     │         └ {}
           │             │   │     └ ()
           │             │   └ <function start_blocking_portal.<locals>.run_portal at 0x7f8e856f70>
           │             └ <classmethod object at 0x7f8e020d00>
           └ <class 'anyio._backends._asyncio.AsyncIOBackend'>
  File "/home/pi/repo/aimbot/aimbot-backend/.venv/lib/python3.9/site-packages/anyio/_backends/_asyncio.py", line 2325, in run
    return runner.run(wrapper())
           │      │   └ <function start_blocking_portal.<locals>.run_portal at 0x7f8e882160>
           │      └ <function Runner.run at 0x7f8e00b820>
           └ <anyio._backends._asyncio.Runner object at 0x7f8e85bee0>
  File "/home/pi/repo/aimbot/aimbot-backend/.venv/lib/python3.9/site-packages/anyio/_backends/_asyncio.py", line 218, in run
    return self._loop.run_until_complete(task)
           │    │     │                  └ <Task pending name='anyio.from_thread.start_blocking_portal.<locals>.run_portal' coro=<start_blocking_portal.<locals>.run_por...
           │    │     └ <function BaseEventLoop.run_until_complete at 0x7f906a8430>
           │    └ <_UnixSelectorEventLoop running=True closed=False debug=False>
           └ <anyio._backends._asyncio.Runner object at 0x7f8e85bee0>
  File "/home/pi/.local/share/uv/python/cpython-3.9.6-linux-aarch64-gnu/lib/python3.9/asyncio/base_events.py", line 629, in run_until_complete
    self.run_forever()
    │    └ <function BaseEventLoop.run_forever at 0x7f906a83a0>
    └ <_UnixSelectorEventLoop running=True closed=False debug=False>
  File "/home/pi/.local/share/uv/python/cpython-3.9.6-linux-aarch64-gnu/lib/python3.9/asyncio/base_events.py", line 596, in run_forever
    self._run_once()
    │    └ <function BaseEventLoop._run_once at 0x7f906aaee0>
    └ <_UnixSelectorEventLoop running=True closed=False debug=False>
  File "/home/pi/.local/share/uv/python/cpython-3.9.6-linux-aarch64-gnu/lib/python3.9/asyncio/base_events.py", line 1890, in _run_once
    handle._run()
    │      └ <function Handle._run at 0x7f9074f820>
    └ <Handle <TaskStepMethWrapper object at 0x7f8e01ca30>()>
  File "/home/pi/.local/share/uv/python/cpython-3.9.6-linux-aarch64-gnu/lib/python3.9/asyncio/events.py", line 80, in _run
    self._context.run(self._callback, *self._args)
    │    │            │    │           │    └ <member '_args' of 'Handle' objects>
    │    │            │    │           └ <Handle <TaskStepMethWrapper object at 0x7f8e01ca30>()>
    │    │            │    └ <member '_callback' of 'Handle' objects>
    │    │            └ <Handle <TaskStepMethWrapper object at 0x7f8e01ca30>()>
    │    └ <member '_context' of 'Handle' objects>
    └ <Handle <TaskStepMethWrapper object at 0x7f8e01ca30>()>
  File "/home/pi/repo/aimbot/aimbot-backend/.venv/lib/python3.9/site-packages/anyio/from_thread.py", line 252, in _call_func
    retval = await retval_or_awaitable
                   └ <coroutine object FastAPI.__call__ at 0x7f8e02b140>
  File "/home/pi/repo/aimbot/aimbot-backend/.venv/lib/python3.9/site-packages/fastapi/applications.py", line 1134, in __call__
    await super().__call__(scope, receive, send)
                           │      │        └ <function _TestClientTransport.handle_request.<locals>.send at 0x7f8e856dc0>
                           │      └ <function _TestClientTransport.handle_request.<locals>.receive at 0x7f8e8ad1f0>
                           └ {'type': 'http', 'http_version': '1.1', 'method': 'GET', 'path': '/api/emails/be', 'raw_path': b'/api/emails/be', 'root_path'...
  File "/home/pi/repo/aimbot/aimbot-backend/.venv/lib/python3.9/site-packages/starlette/applications.py", line 113, in __call__
    await self.middleware_stack(scope, receive, send)
          │    │                │      │        └ <function _TestClientTransport.handle_request.<locals>.send at 0x7f8e856dc0>
          │    │                │      └ <function _TestClientTransport.handle_request.<locals>.receive at 0x7f8e8ad1f0>
          │    │                └ {'type': 'http', 'http_version': '1.1', 'method': 'GET', 'path': '/api/emails/be', 'raw_path': b'/api/emails/be', 'root_path'...
          │    └ <starlette.middleware.errors.ServerErrorMiddleware object at 0x7f8e01c940>
          └ <fastapi.applications.FastAPI object at 0x7f8e9b2d30>
> File "/home/pi/repo/aimbot/aimbot-backend/.venv/lib/python3.9/site-packages/starlette/middleware/errors.py", line 164, in __call__
    await self.app(scope, receive, _send)
          │    │   │      │        └ <function ServerErrorMiddleware.__call__.<locals>._send at 0x7f8e01fe50>
          │    │   │      └ <function _TestClientTransport.handle_request.<locals>.receive at 0x7f8e8ad1f0>
          │    │   └ {'type': 'http', 'http_version': '1.1', 'method': 'GET', 'path': '/api/emails/be', 'raw_path': b'/api/emails/be', 'root_path'...
          │    └ <starlette.middleware.cors.CORSMiddleware object at 0x7f8e01c9a0>
          └ <starlette.middleware.errors.ServerErrorMiddleware object at 0x7f8e01c940>
  File "/home/pi/repo/aimbot/aimbot-backend/.venv/lib/python3.9/site-packages/starlette/middleware/cors.py", line 85, in __call__
    await self.app(scope, receive, send)
          │    │   │      │        └ <function ServerErrorMiddleware.__call__.<locals>._send at 0x7f8e01fe50>
          │    │   │      └ <function _TestClientTransport.handle_request.<locals>.receive at 0x7f8e8ad1f0>
          │    │   └ {'type': 'http', 'http_version': '1.1', 'method': 'GET', 'path': '/api/emails/be', 'raw_path': b'/api/emails/be', 'root_path'...
          │    └ <starlette.middleware.exceptions.ExceptionMiddleware object at 0x7f8e01c610>
          └ <starlette.middleware.cors.CORSMiddleware object at 0x7f8e01c9a0>
  File "/home/pi/repo/aimbot/aimbot-backend/.venv/lib/python3.9/site-packages/starlette/middleware/exceptions.py", line 63, in __call__
    await wrap_app_handling_exceptions(self.app, conn)(scope, receive, send)
          │                            │    │    │     │      │        └ <function ServerErrorMiddleware.__call__.<locals>._send at 0x7f8e01fe50>
          │                            │    │    │     │      └ <function _TestClientTransport.handle_request.<locals>.receive at 0x7f8e8ad1f0>
          │                            │    │    │     └ {'type': 'http', 'http_version': '1.1', 'method': 'GET', 'path': '/api/emails/be', 'raw_path': b'/api/emails/be', 'root_path'...
          │                            │    │    └ <starlette.requests.Request object at 0x7f8e01ca00>
          │                            │    └ <fastapi.middleware.asyncexitstack.AsyncExitStackMiddleware object at 0x7f8e01c820>
          │                            └ <starlette.middleware.exceptions.ExceptionMiddleware object at 0x7f8e01c610>
          └ <function wrap_app_handling_exceptions at 0x7f8feea8b0>
  File "/home/pi/repo/aimbot/aimbot-backend/.venv/lib/python3.9/site-packages/starlette/_exception_handler.py", line 53, in wrapped_app
    raise exc
  File "/home/pi/repo/aimbot/aimbot-backend/.venv/lib/python3.9/site-packages/starlette/_exception_handler.py", line 42, in wrapped_app
    await app(scope, receive, sender)
          │   │      │        └ <function wrap_app_handling_exceptions.<locals>.wrapped_app.<locals>.sender at 0x7f8e0375e0>
          │   │      └ <function _TestClientTransport.handle_request.<locals>.receive at 0x7f8e8ad1f0>
          │   └ {'type': 'http', 'http_version': '1.1', 'method': 'GET', 'path': '/api/emails/be', 'raw_path': b'/api/emails/be', 'root_path'...
          └ <fastapi.middleware.asyncexitstack.AsyncExitStackMiddleware object at 0x7f8e01c820>
  File "/home/pi/repo/aimbot/aimbot-backend/.venv/lib/python3.9/site-packages/fastapi/middleware/asyncexitstack.py", line 18, in __call__
    await self.app(scope, receive, send)
          │    │   │      │        └ <function wrap_app_handling_exceptions.<locals>.wrapped_app.<locals>.sender at 0x7f8e0375e0>
          │    │   │      └ <function _TestClientTransport.handle_request.<locals>.receive at 0x7f8e8ad1f0>
          │    │   └ {'type': 'http', 'http_version': '1.1', 'method': 'GET', 'path': '/api/emails/be', 'raw_path': b'/api/emails/be', 'root_path'...
          │    └ <fastapi.routing.APIRouter object at 0x7f8e9c0190>
          └ <fastapi.middleware.asyncexitstack.AsyncExitStackMiddleware object at 0x7f8e01c820>
  File "/home/pi/repo/aimbot/aimbot-backend/.venv/lib/python3.9/site-packages/starlette/routing.py", line 716, in __call__
    await self.middleware_stack(scope, receive, send)
          │    │                │      │        └ <function wrap_app_handling_exceptions.<locals>.wrapped_app.<locals>.sender at 0x7f8e0375e0>
          │    │                │      └ <function _TestClientTransport.handle_request.<locals>.receive at 0x7f8e8ad1f0>
          │    │                └ {'type': 'http', 'http_version': '1.1', 'method': 'GET', 'path': '/api/emails/be', 'raw_path': b'/api/emails/be', 'root_path'...
          │    └ <bound method Router.app of <fastapi.routing.APIRouter object at 0x7f8e9c0190>>
          └ <fastapi.routing.APIRouter object at 0x7f8e9c0190>
  File "/home/pi/repo/aimbot/aimbot-backend/.venv/lib/python3.9/site-packages/starlette/routing.py", line 736, in app
    await route.handle(scope, receive, send)
          │     │      │      │        └ <function wrap_app_handling_exceptions.<locals>.wrapped_app.<locals>.sender at 0x7f8e0375e0>
          │     │      │      └ <function _TestClientTransport.handle_request.<locals>.receive at 0x7f8e8ad1f0>
          │     │      └ {'type': 'http', 'http_version': '1.1', 'method': 'GET', 'path': '/api/emails/be', 'raw_path': b'/api/emails/be', 'root_path'...
          │     └ <function Route.handle at 0x7f8ff02e50>
          └ APIRoute(path='/api/emails/{email_type}', name='fetch_email', methods=['GET'])
  File "/home/pi/repo/aimbot/aimbot-backend/.venv/lib/python3.9/site-packages/starlette/routing.py", line 290, in handle
    await self.app(scope, receive, send)
          │    │   │      │        └ <function wrap_app_handling_exceptions.<locals>.wrapped_app.<locals>.sender at 0x7f8e0375e0>
          │    │   │      └ <function _TestClientTransport.handle_request.<locals>.receive at 0x7f8e8ad1f0>
          │    │   └ {'type': 'http', 'http_version': '1.1', 'method': 'GET', 'path': '/api/emails/be', 'raw_path': b'/api/emails/be', 'root_path'...
          │    └ <function request_response.<locals>.app at 0x7f8e97c550>
          └ APIRoute(path='/api/emails/{email_type}', name='fetch_email', methods=['GET'])
  File "/home/pi/repo/aimbot/aimbot-backend/.venv/lib/python3.9/site-packages/fastapi/routing.py", line 125, in app
    await wrap_app_handling_exceptions(app, request)(scope, receive, send)
          │                            │    │        │      │        └ <function wrap_app_handling_exceptions.<locals>.wrapped_app.<locals>.sender at 0x7f8e0375e0>
          │                            │    │        │      └ <function _TestClientTransport.handle_request.<locals>.receive at 0x7f8e8ad1f0>
          │                            │    │        └ {'type': 'http', 'http_version': '1.1', 'method': 'GET', 'path': '/api/emails/be', 'raw_path': b'/api/emails/be', 'root_path'...
          │                            │    └ <starlette.requests.Request object at 0x7f8e01c640>
          │                            └ <function request_response.<locals>.app.<locals>.app at 0x7f8e037670>
          └ <function wrap_app_handling_exceptions at 0x7f8feea8b0>
  File "/home/pi/repo/aimbot/aimbot-backend/.venv/lib/python3.9/site-packages/starlette/_exception_handler.py", line 53, in wrapped_app
    raise exc
  File "/home/pi/repo/aimbot/aimbot-backend/.venv/lib/python3.9/site-packages/starlette/_exception_handler.py", line 42, in wrapped_app
    await app(scope, receive, sender)
          │   │      │        └ <function wrap_app_handling_exceptions.<locals>.wrapped_app.<locals>.sender at 0x7f8e037700>
          │   │      └ <function _TestClientTransport.handle_request.<locals>.receive at 0x7f8e8ad1f0>
          │   └ {'type': 'http', 'http_version': '1.1', 'method': 'GET', 'path': '/api/emails/be', 'raw_path': b'/api/emails/be', 'root_path'...
          └ <function request_response.<locals>.app.<locals>.app at 0x7f8e037670>
  File "/home/pi/repo/aimbot/aimbot-backend/.venv/lib/python3.9/site-packages/fastapi/routing.py", line 111, in app
    response = await f(request)
                     │ └ <starlette.requests.Request object at 0x7f8e01c640>
                     └ <function get_request_handler.<locals>.app at 0x7f8e97c4c0>
  File "/home/pi/repo/aimbot/aimbot-backend/.venv/lib/python3.9/site-packages/fastapi/routing.py", line 391, in app
    raw_response = await run_endpoint_function(
                         └ <function run_endpoint_function at 0x7f8ff0cb80>
  File "/home/pi/repo/aimbot/aimbot-backend/.venv/lib/python3.9/site-packages/fastapi/routing.py", line 290, in run_endpoint_function
    return await dependant.call(**values)
                 │         │      └ {'email_type': <EmailType.BE: 'be'>}
                 │         └ <function fetch_email at 0x7f8e956550>
                 └ Dependant(path_params=[ModelField(field_info=Path(PydanticUndefined), name='email_type', mode='validation')], query_params=[]...

  File "/home/pi/repo/aimbot/aimbot-backend/aimbot/main.py", line 174, in fetch_email
    results = await _gather_scraper_tasks(tasks)
                    │                     └ {'news_stories': <coroutine object BaseScraper.fetch_n_stories_for_section at 0x7f8e02b940>, 'sports_stories': <coroutine obj...
                    └ <AsyncMock name='_gather_scraper_tasks' id='547895037808'>

  File "/home/pi/.local/share/uv/python/cpython-3.9.6-linux-aarch64-gnu/lib/python3.9/unittest/mock.py", line 2154, in _execute_mock_call
    raise effect
          └ RuntimeError('Something went terribly wrong')

RuntimeError: Something went terribly wrong
06:42:37 | ERROR   | aimbot.main:global_exception_handler:74 | Unhandled exception on GET /api/emails/be
Traceback (most recent call last):

  File "/home/pi/.local/share/uv/python/cpython-3.9.6-linux-aarch64-gnu/lib/python3.9/threading.py", line 930, in _bootstrap
    self._bootstrap_inner()
    │    └ <function Thread._bootstrap_inner at 0x7fbcf19790>
    └ <Thread(asyncio-portal-7fb8ffecd0, started daemon 548581925248)>
  File "/home/pi/.local/share/uv/python/cpython-3.9.6-linux-aarch64-gnu/lib/python3.9/threading.py", line 973, in _bootstrap_inner
    self.run()
    │    └ <function Thread.run at 0x7fbcf194c0>
    └ <Thread(asyncio-portal-7fb8ffecd0, started daemon 548581925248)>
  File "/home/pi/.local/share/uv/python/cpython-3.9.6-linux-aarch64-gnu/lib/python3.9/threading.py", line 910, in run
    self._target(*self._args, **self._kwargs)
    │    │        │    │        │    └ {}
    │    │        │    │        └ <Thread(asyncio-portal-7fb8ffecd0, started daemon 548581925248)>
    │    │        │    └ ()
    │    │        └ <Thread(asyncio-portal-7fb8ffecd0, started daemon 548581925248)>
    │    └ <function start_blocking_portal.<locals>.run_blocking_portal at 0x7fb9007310>
    └ <Thread(asyncio-portal-7fb8ffecd0, started daemon 548581925248)>
  File "/home/pi/repo/aimbot/aimbot-backend/.venv/lib/python3.9/site-packages/anyio/from_thread.py", line 519, in run_blocking_portal
    run_eventloop(
    └ <function run at 0x7fbc771a60>
  File "/home/pi/repo/aimbot/aimbot-backend/.venv/lib/python3.9/site-packages/anyio/_core/_eventloop.py", line 74, in run
    return async_backend.run(func, args, {}, backend_options)
           │             │   │     │         └ {}
           │             │   │     └ ()
           │             │   └ <function start_blocking_portal.<locals>.run_portal at 0x7fb90073a0>
           │             └ <classmethod object at 0x7fba11dbb0>
           └ <class 'anyio._backends._asyncio.AsyncIOBackend'>
  File "/home/pi/repo/aimbot/aimbot-backend/.venv/lib/python3.9/site-packages/anyio/_backends/_asyncio.py", line 2325, in run
    return runner.run(wrapper())
           │      │   └ <function start_blocking_portal.<locals>.run_portal at 0x7fb9007ca0>
           │      └ <function Runner.run at 0x7fba168ca0>
           └ <anyio._backends._asyncio.Runner object at 0x7fb8ffeac0>
  File "/home/pi/repo/aimbot/aimbot-backend/.venv/lib/python3.9/site-packages/anyio/_backends/_asyncio.py", line 218, in run
    return self._loop.run_until_complete(task)
           │    │     │                  └ <Task pending name='anyio.from_thread.start_blocking_portal.<locals>.run_portal' coro=<start_blocking_portal.<locals>.run_por...
           │    │     └ <function BaseEventLoop.run_until_complete at 0x7fbc5d0040>
           │    └ <_UnixSelectorEventLoop running=True closed=False debug=False>
           └ <anyio._backends._asyncio.Runner object at 0x7fb8ffeac0>
  File "/home/pi/.local/share/uv/python/cpython-3.9.6-linux-aarch64-gnu/lib/python3.9/asyncio/base_events.py", line 629, in run_until_complete
    self.run_forever()
    │    └ <function BaseEventLoop.run_forever at 0x7fbc5cdf70>
    └ <_UnixSelectorEventLoop running=True closed=False debug=False>
  File "/home/pi/.local/share/uv/python/cpython-3.9.6-linux-aarch64-gnu/lib/python3.9/asyncio/base_events.py", line 596, in run_forever
    self._run_once()
    │    └ <function BaseEventLoop._run_once at 0x7fbc5d2af0>
    └ <_UnixSelectorEventLoop running=True closed=False debug=False>
  File "/home/pi/.local/share/uv/python/cpython-3.9.6-linux-aarch64-gnu/lib/python3.9/asyncio/base_events.py", line 1890, in _run_once
    handle._run()
    │      └ <function Handle._run at 0x7fbc603430>
    └ <Handle <TaskStepMethWrapper object at 0x7fba0ff460>()>
  File "/home/pi/.local/share/uv/python/cpython-3.9.6-linux-aarch64-gnu/lib/python3.9/asyncio/events.py", line 80, in _run
    self._context.run(self._callback, *self._args)
    │    │            │    │           │    └ <member '_args' of 'Handle' objects>
    │    │            │    │           └ <Handle <TaskStepMethWrapper object at 0x7fba0ff460>()>
    │    │            │    └ <member '_callback' of 'Handle' objects>
    │    │            └ <Handle <TaskStepMethWrapper object at 0x7fba0ff460>()>
    │    └ <member '_context' of 'Handle' objects>
    └ <Handle <TaskStepMethWrapper object at 0x7fba0ff460>()>
  File "/home/pi/repo/aimbot/aimbot-backend/.venv/lib/python3.9/site-packages/anyio/from_thread.py", line 252, in _call_func
    retval = await retval_or_awaitable
                   └ <coroutine object FastAPI.__call__ at 0x7fb8ff1340>
  File "/home/pi/repo/aimbot/aimbot-backend/.venv/lib/python3.9/site-packages/fastapi/applications.py", line 1134, in __call__
    await super().__call__(scope, receive, send)
                           │      │        └ <function _TestClientTransport.handle_request.<locals>.send at 0x7fb90074c0>
                           │      └ <function _TestClientTransport.handle_request.<locals>.receive at 0x7fb9007280>
                           └ {'type': 'http', 'http_version': '1.1', 'method': 'GET', 'path': '/api/emails/be', 'raw_path': b'/api/emails/be', 'root_path'...
  File "/home/pi/repo/aimbot/aimbot-backend/.venv/lib/python3.9/site-packages/starlette/applications.py", line 113, in __call__
    await self.middleware_stack(scope, receive, send)
          │    │                │      │        └ <function _TestClientTransport.handle_request.<locals>.send at 0x7fb90074c0>
          │    │                │      └ <function _TestClientTransport.handle_request.<locals>.receive at 0x7fb9007280>
          │    │                └ {'type': 'http', 'http_version': '1.1', 'method': 'GET', 'path': '/api/emails/be', 'raw_path': b'/api/emails/be', 'root_path'...
          │    └ <starlette.middleware.errors.ServerErrorMiddleware object at 0x7fba0ff100>
          └ <fastapi.applications.FastAPI object at 0x7fba2077f0>
> File "/home/pi/repo/aimbot/aimbot-backend/.venv/lib/python3.9/site-packages/starlette/middleware/errors.py", line 164, in __call__
    await self.app(scope, receive, _send)
          │    │   │      │        └ <function ServerErrorMiddleware.__call__.<locals>._send at 0x7fb9007e50>
          │    │   │      └ <function _TestClientTransport.handle_request.<locals>.receive at 0x7fb9007280>
          │    │   └ {'type': 'http', 'http_version': '1.1', 'method': 'GET', 'path': '/api/emails/be', 'raw_path': b'/api/emails/be', 'root_path'...
          │    └ <starlette.middleware.cors.CORSMiddleware object at 0x7fba11d130>
          └ <starlette.middleware.errors.ServerErrorMiddleware object at 0x7fba0ff100>
  File "/home/pi/repo/aimbot/aimbot-backend/.venv/lib/python3.9/site-packages/starlette/middleware/cors.py", line 85, in __call__
    await self.app(scope, receive, send)
          │    │   │      │        └ <function ServerErrorMiddleware.__call__.<locals>._send at 0x7fb9007e50>
          │    │   │      └ <function _TestClientTransport.handle_request.<locals>.receive at 0x7fb9007280>
          │    │   └ {'type': 'http', 'http_version': '1.1', 'method': 'GET', 'path': '/api/emails/be', 'raw_path': b'/api/emails/be', 'root_path'...
          │    └ <starlette.middleware.exceptions.ExceptionMiddleware object at 0x7fba11d160>
          └ <starlette.middleware.cors.CORSMiddleware object at 0x7fba11d130>
  File "/home/pi/repo/aimbot/aimbot-backend/.venv/lib/python3.9/site-packages/starlette/middleware/exceptions.py", line 63, in __call__
    await wrap_app_handling_exceptions(self.app, conn)(scope, receive, send)
          │                            │    │    │     │      │        └ <function ServerErrorMiddleware.__call__.<locals>._send at 0x7fb9007e50>
          │                            │    │    │     │      └ <function _TestClientTransport.handle_request.<locals>.receive at 0x7fb9007280>
          │                            │    │    │     └ {'type': 'http', 'http_version': '1.1', 'method': 'GET', 'path': '/api/emails/be', 'raw_path': b'/api/emails/be', 'root_path'...
          │                            │    │    └ <starlette.requests.Request object at 0x7fba0ff790>
          │                            │    └ <fastapi.middleware.asyncexitstack.AsyncExitStackMiddleware object at 0x7fba11d1c0>
          │                            └ <starlette.middleware.exceptions.ExceptionMiddleware object at 0x7fba11d160>
          └ <function wrap_app_handling_exceptions at 0x7fbb73f160>
  File "/home/pi/repo/aimbot/aimbot-backend/.venv/lib/python3.9/site-packages/starlette/_exception_handler.py", line 53, in wrapped_app
    raise exc
  File "/home/pi/repo/aimbot/aimbot-backend/.venv/lib/python3.9/site-packages/starlette/_exception_handler.py", line 42, in wrapped_app
    await app(scope, receive, sender)
          │   │      │        └ <function wrap_app_handling_exceptions.<locals>.wrapped_app.<locals>.sender at 0x7fb9007b80>
          │   │      └ <function _TestClientTransport.handle_request.<locals>.receive at 0x7fb9007280>
          │   └ {'type': 'http', 'http_version': '1.1', 'method': 'GET', 'path': '/api/emails/be', 'raw_path': b'/api/emails/be', 'root_path'...
          └ <fastapi.middleware.asyncexitstack.AsyncExitStackMiddleware object at 0x7fba11d1c0>
  File "/home/pi/repo/aimbot/aimbot-backend/.venv/lib/python3.9/site-packages/fastapi/middleware/asyncexitstack.py", line 18, in __call__
    await self.app(scope, receive, send)
          │    │   │      │        └ <function wrap_app_handling_exceptions.<locals>.wrapped_app.<locals>.sender at 0x7fb9007b80>
          │    │   │      └ <function _TestClientTransport.handle_request.<locals>.receive at 0x7fb9007280>
          │    │   └ {'type': 'http', 'http_version': '1.1', 'method': 'GET', 'path': '/api/emails/be', 'raw_path': b'/api/emails/be', 'root_path'...
          │    └ <fastapi.routing.APIRouter object at 0x7fba216580>
          └ <fastapi.middleware.asyncexitstack.AsyncExitStackMiddleware object at 0x7fba11d1c0>
  File "/home/pi/repo/aimbot/aimbot-backend/.venv/lib/python3.9/site-packages/starlette/routing.py", line 716, in __call__
    await self.middleware_stack(scope, receive, send)
          │    │                │      │        └ <function wrap_app_handling_exceptions.<locals>.wrapped_app.<locals>.sender at 0x7fb9007b80>
          │    │                │      └ <function _TestClientTransport.handle_request.<locals>.receive at 0x7fb9007280>
          │    │                └ {'type': 'http', 'http_version': '1.1', 'method': 'GET', 'path': '/api/emails/be', 'raw_path': b'/api/emails/be', 'root_path'...
          │    └ <bound method Router.app of <fastapi.routing.APIRouter object at 0x7fba216580>>
          └ <fastapi.routing.APIRouter object at 0x7fba216580>
  File "/home/pi/repo/aimbot/aimbot-backend/.venv/lib/python3.9/site-packages/starlette/routing.py", line 736, in app
    await route.handle(scope, receive, send)
          │     │      │      │        └ <function wrap_app_handling_exceptions.<locals>.wrapped_app.<locals>.sender at 0x7fb9007b80>
          │     │      │      └ <function _TestClientTransport.handle_request.<locals>.receive at 0x7fb9007280>
          │     │      └ {'type': 'http', 'http_version': '1.1', 'method': 'GET', 'path': '/api/emails/be', 'raw_path': b'/api/emails/be', 'root_path'...
          │     └ <function Route.handle at 0x7fbb747700>
          └ APIRoute(path='/api/emails/{email_type}', name='fetch_email', methods=['GET'])
  File "/home/pi/repo/aimbot/aimbot-backend/.venv/lib/python3.9/site-packages/starlette/routing.py", line 290, in handle
    await self.app(scope, receive, send)
          │    │   │      │        └ <function wrap_app_handling_exceptions.<locals>.wrapped_app.<locals>.sender at 0x7fb9007b80>
          │    │   │      └ <function _TestClientTransport.handle_request.<locals>.receive at 0x7fb9007280>
          │    │   └ {'type': 'http', 'http_version': '1.1', 'method': 'GET', 'path': '/api/emails/be', 'raw_path': b'/api/emails/be', 'root_path'...
          │    └ <function request_response.<locals>.app at 0x7fba1db670>
          └ APIRoute(path='/api/emails/{email_type}', name='fetch_email', methods=['GET'])
  File "/home/pi/repo/aimbot/aimbot-backend/.venv/lib/python3.9/site-packages/fastapi/routing.py", line 125, in app
    await wrap_app_handling_exceptions(app, request)(scope, receive, send)
          │                            │    │        │      │        └ <function wrap_app_handling_exceptions.<locals>.wrapped_app.<locals>.sender at 0x7fb9007b80>
          │                            │    │        │      └ <function _TestClientTransport.handle_request.<locals>.receive at 0x7fb9007280>
          │                            │    │        └ {'type': 'http', 'http_version': '1.1', 'method': 'GET', 'path': '/api/emails/be', 'raw_path': b'/api/emails/be', 'root_path'...
          │                            │    └ <starlette.requests.Request object at 0x7fba0ff700>
          │                            └ <function request_response.<locals>.app.<locals>.app at 0x7fb9007700>
          └ <function wrap_app_handling_exceptions at 0x7fbb73f160>
  File "/home/pi/repo/aimbot/aimbot-backend/.venv/lib/python3.9/site-packages/starlette/_exception_handler.py", line 53, in wrapped_app
    raise exc
  File "/home/pi/repo/aimbot/aimbot-backend/.venv/lib/python3.9/site-packages/starlette/_exception_handler.py", line 42, in wrapped_app
    await app(scope, receive, sender)
          │   │      │        └ <function wrap_app_handling_exceptions.<locals>.wrapped_app.<locals>.sender at 0x7fb9007160>
          │   │      └ <function _TestClientTransport.handle_request.<locals>.receive at 0x7fb9007280>
          │   └ {'type': 'http', 'http_version': '1.1', 'method': 'GET', 'path': '/api/emails/be', 'raw_path': b'/api/emails/be', 'root_path'...
          └ <function request_response.<locals>.app.<locals>.app at 0x7fb9007700>
  File "/home/pi/repo/aimbot/aimbot-backend/.venv/lib/python3.9/site-packages/fastapi/routing.py", line 111, in app
    response = await f(request)
                     │ └ <starlette.requests.Request object at 0x7fba0ff700>
                     └ <function get_request_handler.<locals>.app at 0x7fba1db5e0>
  File "/home/pi/repo/aimbot/aimbot-backend/.venv/lib/python3.9/site-packages/fastapi/routing.py", line 391, in app
    raw_response = await run_endpoint_function(
                         └ <function run_endpoint_function at 0x7fbb74f430>
  File "/home/pi/repo/aimbot/aimbot-backend/.venv/lib/python3.9/site-packages/fastapi/routing.py", line 290, in run_endpoint_function
    return await dependant.call(**values)
                 │         │      └ {'email_type': <EmailType.BE: 'be'>}
                 │         └ <function fetch_email at 0x7fba231670>
                 └ Dependant(path_params=[ModelField(field_info=Path(PydanticUndefined), name='email_type', mode='validation')], query_params=[]...

  File "/home/pi/repo/aimbot/aimbot-backend/aimbot/main.py", line 174, in fetch_email
    results = await _gather_scraper_tasks(tasks)
                    │                     └ {'news_stories': <coroutine object BaseScraper.fetch_n_stories_for_section at 0x7fb8ff1cc0>, 'sports_stories': <coroutine obj...
                    └ <AsyncMock name='_gather_scraper_tasks' id='548564595088'>

  File "/home/pi/.local/share/uv/python/cpython-3.9.6-linux-aarch64-gnu/lib/python3.9/unittest/mock.py", line 2154, in _execute_mock_call
    raise effect
          └ RuntimeError('Something went terribly wrong')

RuntimeError: Something went terribly wrong
06:42:37 | ERROR   | aimbot.main:save_email:348 | Failed to save email for be
Traceback (most recent call last):

  File "/home/pi/.local/share/uv/python/cpython-3.9.6-linux-aarch64-gnu/lib/python3.9/threading.py", line 930, in _bootstrap
    self._bootstrap_inner()
    │    └ <function Thread._bootstrap_inner at 0x7fbcf19790>
    └ <Thread(asyncio-portal-7fb8e11280, started daemon 548581925248)>
  File "/home/pi/.local/share/uv/python/cpython-3.9.6-linux-aarch64-gnu/lib/python3.9/threading.py", line 973, in _bootstrap_inner
    self.run()
    │    └ <function Thread.run at 0x7fbcf194c0>
    └ <Thread(asyncio-portal-7fb8e11280, started daemon 548581925248)>
  File "/home/pi/.local/share/uv/python/cpython-3.9.6-linux-aarch64-gnu/lib/python3.9/threading.py", line 910, in run
    self._target(*self._args, **self._kwargs)
    │    │        │    │        │    └ {}
    │    │        │    │        └ <Thread(asyncio-portal-7fb8e11280, started daemon 548581925248)>
    │    │        │    └ ()
    │    │        └ <Thread(asyncio-portal-7fb8e11280, started daemon 548581925248)>
    │    └ <function start_blocking_portal.<locals>.run_blocking_portal at 0x7fb8df6f70>
    └ <Thread(asyncio-portal-7fb8e11280, started daemon 548581925248)>
  File "/home/pi/repo/aimbot/aimbot-backend/.venv/lib/python3.9/site-packages/anyio/from_thread.py", line 519, in run_blocking_portal
    run_eventloop(
    └ <function run at 0x7fbc771a60>
  File "/home/pi/repo/aimbot/aimbot-backend/.venv/lib/python3.9/site-packages/anyio/_core/_eventloop.py", line 74, in run
    return async_backend.run(func, args, {}, backend_options)
           │             │   │     │         └ {}
           │             │   │     └ ()
           │             │   └ <function start_blocking_portal.<locals>.run_portal at 0x7fb8df6dc0>
           │             └ <classmethod object at 0x7fba11dbb0>
           └ <class 'anyio._backends._asyncio.AsyncIOBackend'>
  File "/home/pi/repo/aimbot/aimbot-backend/.venv/lib/python3.9/site-packages/anyio/_backends/_asyncio.py", line 2325, in run
    return runner.run(wrapper())
           │      │   └ <function start_blocking_portal.<locals>.run_portal at 0x7fb8df6ca0>
           │      └ <function Runner.run at 0x7fba168ca0>
           └ <anyio._backends._asyncio.Runner object at 0x7fb8e11070>
  File "/home/pi/repo/aimbot/aimbot-backend/.venv/lib/python3.9/site-packages/anyio/_backends/_asyncio.py", line 218, in run
    return self._loop.run_until_complete(task)
           │    │     │                  └ <Task pending name='anyio.from_thread.start_blocking_portal.<locals>.run_portal' coro=<start_blocking_portal.<locals>.run_por...
           │    │     └ <function BaseEventLoop.run_until_complete at 0x7fbc5d0040>
           │    └ <_UnixSelectorEventLoop running=True closed=False debug=False>
           └ <anyio._backends._asyncio.Runner object at 0x7fb8e11070>
  File "/home/pi/.local/share/uv/python/cpython-3.9.6-linux-aarch64-gnu/lib/python3.9/asyncio/base_events.py", line 629, in run_until_complete
    self.run_forever()
    │    └ <function BaseEventLoop.run_forever at 0x7fbc5cdf70>
    └ <_UnixSelectorEventLoop running=True closed=False debug=False>
  File "/home/pi/.local/share/uv/python/cpython-3.9.6-linux-aarch64-gnu/lib/python3.9/asyncio/base_events.py", line 596, in run_forever
    self._run_once()
    │    └ <function BaseEventLoop._run_once at 0x7fbc5d2af0>
    └ <_UnixSelectorEventLoop running=True closed=False debug=False>
  File "/home/pi/.local/share/uv/python/cpython-3.9.6-linux-aarch64-gnu/lib/python3.9/asyncio/base_events.py", line 1890, in _run_once
    handle._run()
    │      └ <function Handle._run at 0x7fbc603430>
    └ <Handle <TaskStepMethWrapper object at 0x7fb8e11790>()>
  File "/home/pi/.local/share/uv/python/cpython-3.9.6-linux-aarch64-gnu/lib/python3.9/asyncio/events.py", line 80, in _run
    self._context.run(self._callback, *self._args)
    │    │            │    │           │    └ <member '_args' of 'Handle' objects>
    │    │            │    │           └ <Handle <TaskStepMethWrapper object at 0x7fb8e11790>()>
    │    │            │    └ <member '_callback' of 'Handle' objects>
    │    │            └ <Handle <TaskStepMethWrapper object at 0x7fb8e11790>()>
    │    └ <member '_context' of 'Handle' objects>
    └ <Handle <TaskStepMethWrapper object at 0x7fb8e11790>()>
  File "/home/pi/repo/aimbot/aimbot-backend/.venv/lib/python3.9/site-packages/anyio/from_thread.py", line 252, in _call_func
    retval = await retval_or_awaitable
                   └ <coroutine object FastAPI.__call__ at 0x7fb8ff1540>
  File "/home/pi/repo/aimbot/aimbot-backend/.venv/lib/python3.9/site-packages/fastapi/applications.py", line 1134, in __call__
    await super().__call__(scope, receive, send)
                           │      │        └ <function _TestClientTransport.handle_request.<locals>.send at 0x7fb8df6ee0>
                           │      └ <function _TestClientTransport.handle_request.<locals>.receive at 0x7fba0f34c0>
                           └ {'type': 'http', 'http_version': '1.1', 'method': 'POST', 'path': '/api/emails/be/save', 'raw_path': b'/api/emails/be/save', ...
  File "/home/pi/repo/aimbot/aimbot-backend/.venv/lib/python3.9/site-packages/starlette/applications.py", line 113, in __call__
    await self.middleware_stack(scope, receive, send)
          │    │                │      │        └ <function _TestClientTransport.handle_request.<locals>.send at 0x7fb8df6ee0>
          │    │                │      └ <function _TestClientTransport.handle_request.<locals>.receive at 0x7fba0f34c0>
          │    │                └ {'type': 'http', 'http_version': '1.1', 'method': 'POST', 'path': '/api/emails/be/save', 'raw_path': b'/api/emails/be/save', ...
          │    └ <starlette.middleware.errors.ServerErrorMiddleware object at 0x7fba0ff100>
          └ <fastapi.applications.FastAPI object at 0x7fba2077f0>
  File "/home/pi/repo/aimbot/aimbot-backend/.venv/lib/python3.9/site-packages/starlette/middleware/errors.py", line 164, in __call__
    await self.app(scope, receive, _send)
          │    │   │      │        └ <function ServerErrorMiddleware.__call__.<locals>._send at 0x7fb8df68b0>
          │    │   │      └ <function _TestClientTransport.handle_request.<locals>.receive at 0x7fba0f34c0>
          │    │   └ {'type': 'http', 'http_version': '1.1', 'method': 'POST', 'path': '/api/emails/be/save', 'raw_path': b'/api/emails/be/save', ...
          │    └ <starlette.middleware.cors.CORSMiddleware object at 0x7fba11d130>
          └ <starlette.middleware.errors.ServerErrorMiddleware object at 0x7fba0ff100>
  File "/home/pi/repo/aimbot/aimbot-backend/.venv/lib/python3.9/site-packages/starlette/middleware/cors.py", line 85, in __call__
    await self.app(scope, receive, send)
          │    │   │      │        └ <function ServerErrorMiddleware.__call__.<locals>._send at 0x7fb8df68b0>
          │    │   │      └ <function _TestClientTransport.handle_request.<locals>.receive at 0x7fba0f34c0>
          │    │   └ {'type': 'http', 'http_version': '1.1', 'method': 'POST', 'path': '/api/emails/be/save', 'raw_path': b'/api/emails/be/save', ...
          │    └ <starlette.middleware.exceptions.ExceptionMiddleware object at 0x7fba11d160>
          └ <starlette.middleware.cors.CORSMiddleware object at 0x7fba11d130>
  File "/home/pi/repo/aimbot/aimbot-backend/.venv/lib/python3.9/site-packages/starlette/middleware/exceptions.py", line 63, in __call__
    await wrap_app_handling_exceptions(self.app, conn)(scope, receive, send)
          │                            │    │    │     │      │        └ <function ServerErrorMiddleware.__call__.<locals>._send at 0x7fb8df68b0>
          │                            │    │    │     │      └ <function _TestClientTransport.handle_request.<locals>.receive at 0x7fba0f34c0>
          │                            │    │    │     └ {'type': 'http', 'http_version': '1.1', 'method': 'POST', 'path': '/api/emails/be/save', 'raw_path': b'/api/emails/be/save', ...
          │                            │    │    └ <starlette.requests.Request object at 0x7fb8e116a0>
          │                            │    └ <fastapi.middleware.asyncexitstack.AsyncExitStackMiddleware object at 0x7fba11d1c0>
          │                            └ <starlette.middleware.exceptions.ExceptionMiddleware object at 0x7fba11d160>
          └ <function wrap_app_handling_exceptions at 0x7fbb73f160>
  File "/home/pi/repo/aimbot/aimbot-backend/.venv/lib/python3.9/site-packages/starlette/_exception_handler.py", line 42, in wrapped_app
    await app(scope, receive, sender)
          │   │      │        └ <function wrap_app_handling_exceptions.<locals>.wrapped_app.<locals>.sender at 0x7fb8fe8f70>
          │   │      └ <function _TestClientTransport.handle_request.<locals>.receive at 0x7fba0f34c0>
          │   └ {'type': 'http', 'http_version': '1.1', 'method': 'POST', 'path': '/api/emails/be/save', 'raw_path': b'/api/emails/be/save', ...
          └ <fastapi.middleware.asyncexitstack.AsyncExitStackMiddleware object at 0x7fba11d1c0>
  File "/home/pi/repo/aimbot/aimbot-backend/.venv/lib/python3.9/site-packages/fastapi/middleware/asyncexitstack.py", line 18, in __call__
    await self.app(scope, receive, send)
          │    │   │      │        └ <function wrap_app_handling_exceptions.<locals>.wrapped_app.<locals>.sender at 0x7fb8fe8f70>
          │    │   │      └ <function _TestClientTransport.handle_request.<locals>.receive at 0x7fba0f34c0>
          │    │   └ {'type': 'http', 'http_version': '1.1', 'method': 'POST', 'path': '/api/emails/be/save', 'raw_path': b'/api/emails/be/save', ...
          │    └ <fastapi.routing.APIRouter object at 0x7fba216580>
          └ <fastapi.middleware.asyncexitstack.AsyncExitStackMiddleware object at 0x7fba11d1c0>
  File "/home/pi/repo/aimbot/aimbot-backend/.venv/lib/python3.9/site-packages/starlette/routing.py", line 716, in __call__
    await self.middleware_stack(scope, receive, send)
          │    │                │      │        └ <function wrap_app_handling_exceptions.<locals>.wrapped_app.<locals>.sender at 0x7fb8fe8f70>
          │    │                │      └ <function _TestClientTransport.handle_request.<locals>.receive at 0x7fba0f34c0>
          │    │                └ {'type': 'http', 'http_version': '1.1', 'method': 'POST', 'path': '/api/emails/be/save', 'raw_path': b'/api/emails/be/save', ...
          │    └ <bound method Router.app of <fastapi.routing.APIRouter object at 0x7fba216580>>
          └ <fastapi.routing.APIRouter object at 0x7fba216580>
  File "/home/pi/repo/aimbot/aimbot-backend/.venv/lib/python3.9/site-packages/starlette/routing.py", line 736, in app
    await route.handle(scope, receive, send)
          │     │      │      │        └ <function wrap_app_handling_exceptions.<locals>.wrapped_app.<locals>.sender at 0x7fb8fe8f70>
          │     │      │      └ <function _TestClientTransport.handle_request.<locals>.receive at 0x7fba0f34c0>
          │     │      └ {'type': 'http', 'http_version': '1.1', 'method': 'POST', 'path': '/api/emails/be/save', 'raw_path': b'/api/emails/be/save', ...
          │     └ <function Route.handle at 0x7fbb747700>
          └ APIRoute(path='/api/emails/{email_type}/save', name='save_email', methods=['POST'])
  File "/home/pi/repo/aimbot/aimbot-backend/.venv/lib/python3.9/site-packages/starlette/routing.py", line 290, in handle
    await self.app(scope, receive, send)
          │    │   │      │        └ <function wrap_app_handling_exceptions.<locals>.wrapped_app.<locals>.sender at 0x7fb8fe8f70>
          │    │   │      └ <function _TestClientTransport.handle_request.<locals>.receive at 0x7fba0f34c0>
          │    │   └ {'type': 'http', 'http_version': '1.1', 'method': 'POST', 'path': '/api/emails/be/save', 'raw_path': b'/api/emails/be/save', ...
          │    └ <function request_response.<locals>.app at 0x7fba1dbf70>
          └ APIRoute(path='/api/emails/{email_type}/save', name='save_email', methods=['POST'])
  File "/home/pi/repo/aimbot/aimbot-backend/.venv/lib/python3.9/site-packages/fastapi/routing.py", line 125, in app
    await wrap_app_handling_exceptions(app, request)(scope, receive, send)
          │                            │    │        │      │        └ <function wrap_app_handling_exceptions.<locals>.wrapped_app.<locals>.sender at 0x7fb8fe8f70>
          │                            │    │        │      └ <function _TestClientTransport.handle_request.<locals>.receive at 0x7fba0f34c0>
          │                            │    │        └ {'type': 'http', 'http_version': '1.1', 'method': 'POST', 'path': '/api/emails/be/save', 'raw_path': b'/api/emails/be/save', ...
          │                            │    └ <starlette.requests.Request object at 0x7fb8ffe340>
          │                            └ <function request_response.<locals>.app.<locals>.app at 0x7fb8fe8dc0>
          └ <function wrap_app_handling_exceptions at 0x7fbb73f160>
  File "/home/pi/repo/aimbot/aimbot-backend/.venv/lib/python3.9/site-packages/starlette/_exception_handler.py", line 42, in wrapped_app
    await app(scope, receive, sender)
          │   │      │        └ <function wrap_app_handling_exceptions.<locals>.wrapped_app.<locals>.sender at 0x7fb8fe8ee0>
          │   │      └ <function _TestClientTransport.handle_request.<locals>.receive at 0x7fba0f34c0>
          │   └ {'type': 'http', 'http_version': '1.1', 'method': 'POST', 'path': '/api/emails/be/save', 'raw_path': b'/api/emails/be/save', ...
          └ <function request_response.<locals>.app.<locals>.app at 0x7fb8fe8dc0>
  File "/home/pi/repo/aimbot/aimbot-backend/.venv/lib/python3.9/site-packages/fastapi/routing.py", line 111, in app
    response = await f(request)
                     │ └ <starlette.requests.Request object at 0x7fb8ffe340>
                     └ <function get_request_handler.<locals>.app at 0x7fba1dbee0>
  File "/home/pi/repo/aimbot/aimbot-backend/.venv/lib/python3.9/site-packages/fastapi/routing.py", line 391, in app
    raw_response = await run_endpoint_function(
                         └ <function run_endpoint_function at 0x7fbb74f430>
  File "/home/pi/repo/aimbot/aimbot-backend/.venv/lib/python3.9/site-packages/fastapi/routing.py", line 290, in run_endpoint_function
    return await dependant.call(**values)
                 │         │      └ {'email_type': <EmailType.BE: 'be'>, 'email_data': BEEmailData(date=1 June 2025, 0 news stories)}
                 │         └ <function save_email at 0x7fba1ce0d0>
                 └ Dependant(path_params=[ModelField(field_info=Path(PydanticUndefined), name='email_type', mode='validation')], query_params=[]...

> File "/home/pi/repo/aimbot/aimbot-backend/aimbot/main.py", line 342, in save_email
    success = email_cache.save(email_type.value, email_data.model_dump())
              │           │    │          │      │          └ <function BaseModel.model_dump at 0x7fbbba3f70>
              │           │    │          │      └ BEEmailData(date=1 June 2025, 0 news stories)
              │           │    │          └ <types.DynamicClassAttribute object at 0x7fbd152340>
              │           │    └ <EmailType.BE: 'be'>
              │           └ <MagicMock name='save' id='548564596960'>
              └ <aimbot.cache.EmailCache object at 0x7fba216940>

  File "/home/pi/.local/share/uv/python/cpython-3.9.6-linux-aarch64-gnu/lib/python3.9/unittest/mock.py", line 1093, in __call__
    return self._mock_call(*args, **kwargs)
           │    │           │       └ {}
           │    │           └ ('be', {'top_image': {'url': '', 'author': '', 'text': '', 'link': None, 'takeover': False}, 'tides': '', 'weather': '', 'dat...
           │    └ <function CallableMixin._mock_call at 0x7fbc3eec10>
           └ <MagicMock name='save' id='548564596960'>
  File "/home/pi/.local/share/uv/python/cpython-3.9.6-linux-aarch64-gnu/lib/python3.9/unittest/mock.py", line 1097, in _mock_call
    return self._execute_mock_call(*args, **kwargs)
           │    │                   │       └ {}
           │    │                   └ ('be', {'top_image': {'url': '', 'author': '', 'text': '', 'link': None, 'takeover': False}, 'tides': '', 'weather': '', 'dat...
           │    └ <function CallableMixin._execute_mock_call at 0x7fbc3eed30>
           └ <MagicMock name='save' id='548564596960'>
  File "/home/pi/.local/share/uv/python/cpython-3.9.6-linux-aarch64-gnu/lib/python3.9/unittest/mock.py", line 1152, in _execute_mock_call
    raise effect
          └ ValueError('Disk full')

ValueError: Disk full
06:42:38 | DEBUG   | aimbot.scrapers.news.base:fetch_n_stories_for_section:74 | fetch_n_stories_for_section called for section 'news' with limit 10
06:42:38 | DEBUG   | aimbot.scrapers.news.be:get_story_urls:81 | Fetching story URLs for section: news
06:42:38 | DEBUG   | aimbot.scrapers.news.be:get_story_urls:86 | Fetching homepage: https://www.bailiwickexpress.com/news/
06:42:38 | DEBUG   | aimbot.scrapers.news.base:fetch_n_stories_for_section:74 | fetch_n_stories_for_section called for section 'sport' with limit 2
06:42:38 | DEBUG   | aimbot.scrapers.news.be:get_story_urls:81 | Fetching story URLs for section: sport
06:42:38 | DEBUG   | aimbot.scrapers.news.be:get_story_urls:86 | Fetching homepage: https://www.bailiwickexpress.com/jsy-sport/
06:42:38 | DEBUG   | aimbot.scrapers.news.base:fetch_n_stories_for_section:74 | fetch_n_stories_for_section called for section 'business' with limit 2
06:42:38 | DEBUG   | aimbot.scrapers.news.be:get_story_urls:81 | Fetching story URLs for section: business
06:42:38 | DEBUG   | aimbot.scrapers.news.be:get_story_urls:86 | Fetching homepage: https://www.bailiwickexpress.com/jsy-business/
06:42:38 | DEBUG   | aimbot.scrapers.news.base:fetch_n_stories_for_section:74 | fetch_n_stories_for_section called for section 'opinion' with limit 2
06:42:38 | DEBUG   | aimbot.scrapers.news.be:get_story_urls:81 | Fetching story URLs for section: opinion
06:42:38 | DEBUG   | aimbot.scrapers.news.be:get_story_urls:86 | Fetching homepage: https://www.bailiwickexpress.com/opinion-jersey/
06:42:38 | DEBUG   | aimbot.scrapers.news.base:fetch_n_stories_for_section:74 | fetch_n_stories_for_section called for section 'community' with limit 2
06:42:38 | DEBUG   | aimbot.scrapers.news.be:get_story_urls:81 | Fetching story URLs for section: community
06:42:38 | DEBUG   | aimbot.scrapers.news.be:get_story_urls:86 | Fetching homepage: https://www.bailiwickexpress.com/jsy-community/
06:42:38 | DEBUG   | aimbot.scrapers.news.base:fetch_n_stories_for_section:74 | fetch_n_stories_for_section called for section 'podcasts' with limit 2
06:42:38 | DEBUG   | aimbot.scrapers.news.be:get_story_urls:81 | Fetching story URLs for section: podcasts
06:42:38 | DEBUG   | aimbot.scrapers.news.be:get_story_urls:86 | Fetching homepage: https://www.bailiwickexpress.com/jsy-radio-podcasts/
06:42:40 | DEBUG   | aimbot.scrapers.news.be:get_story_urls:90 | Found 16 articles on homepage
06:42:40 | DEBUG   | aimbot.scrapers.news.be:get_story_urls:98 | Extracted 2 unique story URLs
06:42:40 | DEBUG   | aimbot.scrapers.news.base:fetch_n_stories_for_section:76 | Got 2 URLs to fetch
06:42:40 | DEBUG   | aimbot.scrapers.news.be:get_story_urls:90 | Found 20 articles on homepage
06:42:40 | DEBUG   | aimbot.scrapers.news.be:get_story_urls:98 | Extracted 2 unique story URLs
06:42:40 | DEBUG   | aimbot.scrapers.news.base:fetch_n_stories_for_section:76 | Got 2 URLs to fetch
06:42:40 | DEBUG   | aimbot.scrapers.news.be:get_story_urls:90 | Found 33 articles on homepage
06:42:40 | DEBUG   | aimbot.scrapers.news.be:get_story_urls:98 | Extracted 10 unique story URLs
06:42:40 | DEBUG   | aimbot.scrapers.news.base:fetch_n_stories_for_section:76 | Got 10 URLs to fetch
06:42:40 | DEBUG   | aimbot.scrapers.news.be:get_story_urls:90 | Found 16 articles on homepage
06:42:40 | DEBUG   | aimbot.scrapers.news.be:get_story_urls:98 | Extracted 2 unique story URLs
06:42:40 | DEBUG   | aimbot.scrapers.news.base:fetch_n_stories_for_section:76 | Got 2 URLs to fetch
06:42:40 | DEBUG   | aimbot.scrapers.news.be:get_story_urls:90 | Found 16 articles on homepage
06:42:40 | DEBUG   | aimbot.scrapers.news.be:get_story_urls:98 | Extracted 2 unique story URLs
06:42:40 | DEBUG   | aimbot.scrapers.news.base:fetch_n_stories_for_section:76 | Got 2 URLs to fetch
06:42:43 | DEBUG   | aimbot.scrapers.news.base:fetch_n_stories_for_section:78 | Fetched 2 responses
06:42:43 | DEBUG   | aimbot.scrapers.news.be:parse:33 | Parsing story from https://www.bailiwickexpress.com/sport/supertri-returns-to-jersey-for-all-star-showdown/
06:42:43 | DEBUG   | aimbot.scrapers.news.be:parse:37 | Found headline: Supertri returns to Jersey for all-star showdown
06:42:43 | DEBUG   | aimbot.scrapers.news.be:parse:42 | Extracted 15 paragraphs, total length: 2566 chars
06:42:43 | DEBUG   | aimbot.scrapers.news.be:parse:47 | Parsed date: 2026-05-20 00:00:00
06:42:43 | DEBUG   | aimbot.scrapers.news.be:parse:57 | Found author: Elliot Corbel
06:42:43 | DEBUG   | aimbot.scrapers.news.be:parse:62 | Found image URL: https://i0.wp.com/www.bailiwickexpress.com/wp-content/uploads/2025/09/40973926-scaled-e1779271058304.jpg
06:42:43 | DEBUG   | aimbot.scrapers.news.be:parse:67 | Successfully parsed story: Supertri returns to Jersey for all-star showdown
06:42:43 | DEBUG   | aimbot.scrapers.news.be:parse:33 | Parsing story from https://www.bailiwickexpress.com/sport/listen-siam-success-muratti-heartbreak-rozel-silverware/
06:42:43 | DEBUG   | aimbot.scrapers.news.be:parse:37 | Found headline: LISTEN: Siam success, Muratti heartbreak & Rozel silverware
06:42:43 | DEBUG   | aimbot.scrapers.news.be:parse:42 | Extracted 12 paragraphs, total length: 2878 chars
06:42:43 | DEBUG   | aimbot.scrapers.news.be:parse:47 | Parsed date: 2026-05-19 00:00:00
06:42:43 | DEBUG   | aimbot.scrapers.news.be:parse:57 | Found author: Bailiwick Express
06:42:43 | DEBUG   | aimbot.scrapers.news.be:parse:62 | Found image URL: https://i0.wp.com/www.bailiwickexpress.com/wp-content/uploads/2026/05/Pod-artwork-refresh-2.jpg
06:42:43 | DEBUG   | aimbot.scrapers.news.be:parse:67 | Successfully parsed story: LISTEN: Siam success, Muratti heartbreak & Rozel silverware
06:42:43 | DEBUG   | aimbot.scrapers.news.base:fetch_n_stories_for_section:86 | Successfully parsed 2 stories out of 2 responses
06:42:43 | DEBUG   | aimbot.scrapers.news.base:fetch_n_stories_for_section:78 | Fetched 2 responses
06:42:43 | DEBUG   | aimbot.scrapers.news.be:parse:33 | Parsing story from https://www.bailiwickexpress.com/business/highly-respected-operational-leader-at-jersey-water-shortlisted-for-award/
06:42:43 | DEBUG   | aimbot.scrapers.news.be:parse:37 | Found headline: “Highly respected” operational leader at Jersey Water shortlisted for award
06:42:43 | DEBUG   | aimbot.scrapers.news.be:parse:42 | Extracted 10 paragraphs, total length: 1749 chars
06:42:43 | DEBUG   | aimbot.scrapers.news.be:parse:47 | Parsed date: 2026-05-21 00:00:00
06:42:43 | DEBUG   | aimbot.scrapers.news.be:parse:57 | Found author: James Jeune
06:42:43 | DEBUG   | aimbot.scrapers.news.be:parse:62 | Found image URL: https://i0.wp.com/www.bailiwickexpress.com/wp-content/uploads/2026/05/Jeanette-Sheldon-scaled.jpg
06:42:43 | DEBUG   | aimbot.scrapers.news.be:parse:67 | Successfully parsed story: “Highly respected” operational leader at Jersey Water shortlisted for award
06:42:43 | DEBUG   | aimbot.scrapers.news.be:parse:33 | Parsing story from https://www.bailiwickexpress.com/business/polygon-pensions-acquired-by-bwci-group/
06:42:43 | DEBUG   | aimbot.scrapers.news.be:parse:37 | Found headline: Polygon Pensions acquired by BWCI Group
06:42:43 | DEBUG   | aimbot.scrapers.news.be:parse:42 | Extracted 13 paragraphs, total length: 2286 chars
06:42:43 | DEBUG   | aimbot.scrapers.news.be:parse:47 | Parsed date: 2026-05-20 00:00:00
06:42:43 | DEBUG   | aimbot.scrapers.news.be:parse:57 | Found author: James Jeune
06:42:43 | DEBUG   | aimbot.scrapers.news.be:parse:62 | Found image URL: https://i0.wp.com/www.bailiwickexpress.com/wp-content/uploads/2026/05/Stephen-Ainsworth-3-scaled.jpg
06:42:43 | DEBUG   | aimbot.scrapers.news.be:parse:67 | Successfully parsed story: Polygon Pensions acquired by BWCI Group
06:42:43 | DEBUG   | aimbot.scrapers.news.base:fetch_n_stories_for_section:86 | Successfully parsed 2 stories out of 2 responses
06:42:43 | DEBUG   | aimbot.scrapers.news.be:get_story_urls:90 | Found 71 articles on homepage
06:42:43 | DEBUG   | aimbot.scrapers.news.be:get_story_urls:98 | Extracted 2 unique story URLs
06:42:43 | DEBUG   | aimbot.scrapers.news.base:fetch_n_stories_for_section:76 | Got 2 URLs to fetch
06:42:47 | DEBUG   | aimbot.scrapers.news.base:fetch_n_stories_for_section:78 | Fetched 2 responses
06:42:47 | DEBUG   | aimbot.scrapers.news.be:parse:33 | Parsing story from https://www.bailiwickexpress.com/opinion/open-letter-your-conclusions-overstate-both-the-risks-facing-jersey-and-the-shortcomings-of-current-preparedness/
06:42:47 | DEBUG   | aimbot.scrapers.news.be:parse:37 | Found headline: OPEN LETTER: “Your conclusions overstate both the risks facing Jersey and the shortcomings of current preparedness”
06:42:47 | DEBUG   | aimbot.scrapers.news.be:parse:42 | Extracted 19 paragraphs, total length: 4487 chars
06:42:47 | DEBUG   | aimbot.scrapers.news.be:parse:47 | Parsed date: 2026-04-02 00:00:00
06:42:47 | DEBUG   | aimbot.scrapers.news.be:parse:57 | Found author: Bailiwick Express News Team
06:42:47 | DEBUG   | aimbot.scrapers.news.be:parse:62 | Found image URL: https://i0.wp.com/www.bailiwickexpress.com/wp-content/uploads/2026/04/christie-covers-17.png
06:42:47 | DEBUG   | aimbot.scrapers.news.be:parse:67 | Successfully parsed story: OPEN LETTER: “Your conclusions overstate both the risks facing Jersey and the shortcomings of current preparedness”
06:42:47 | DEBUG   | aimbot.scrapers.news.be:parse:33 | Parsing story from https://www.bailiwickexpress.com/opinion/open-letter-go-the-extra-mile-now-to-ensure-the-safety-of-the-island/
06:42:47 | DEBUG   | aimbot.scrapers.news.be:parse:37 | Found headline: OPEN LETTER: “Go the extra mile now to ensure the safety of the island”
06:42:47 | DEBUG   | aimbot.scrapers.news.be:parse:42 | Extracted 10 paragraphs, total length: 2870 chars
06:42:47 | DEBUG   | aimbot.scrapers.news.be:parse:47 | Parsed date: 2026-03-30 00:00:00
06:42:47 | DEBUG   | aimbot.scrapers.news.be:parse:57 | Found author: Christie Bailey
06:42:47 | DEBUG   | aimbot.scrapers.news.be:parse:62 | Found image URL: https://i0.wp.com/www.bailiwickexpress.com/wp-content/uploads/2026/03/Screenshot-2026-03-30-at-12.14.38.png
06:42:47 | DEBUG   | aimbot.scrapers.news.be:parse:67 | Successfully parsed story: OPEN LETTER: “Go the extra mile now to ensure the safety of the island”
06:42:47 | DEBUG   | aimbot.scrapers.news.base:fetch_n_stories_for_section:86 | Successfully parsed 2 stories out of 2 responses
06:42:48 | DEBUG   | aimbot.scrapers.news.base:fetch_n_stories_for_section:78 | Fetched 2 responses
06:42:48 | DEBUG   | aimbot.scrapers.news.be:parse:33 | Parsing story from https://www.bailiwickexpress.com/sport/listen-siam-success-muratti-heartbreak-rozel-silverware/
06:42:48 | DEBUG   | aimbot.scrapers.news.be:parse:37 | Found headline: LISTEN: Siam success, Muratti heartbreak & Rozel silverware
06:42:48 | DEBUG   | aimbot.scrapers.news.be:parse:42 | Extracted 12 paragraphs, total length: 2878 chars
06:42:48 | DEBUG   | aimbot.scrapers.news.be:parse:47 | Parsed date: 2026-05-19 00:00:00
06:42:48 | DEBUG   | aimbot.scrapers.news.be:parse:57 | Found author: Bailiwick Express
06:42:48 | DEBUG   | aimbot.scrapers.news.be:parse:62 | Found image URL: https://i0.wp.com/www.bailiwickexpress.com/wp-content/uploads/2026/05/Pod-artwork-refresh-2.jpg
06:42:48 | DEBUG   | aimbot.scrapers.news.be:parse:67 | Successfully parsed story: LISTEN: Siam success, Muratti heartbreak & Rozel silverware
06:42:48 | DEBUG   | aimbot.scrapers.news.be:parse:33 | Parsing story from https://www.bailiwickexpress.com/sport/the-cool-down-hockey-glory-bulls-double-push-and-bowls-success/
06:42:48 | DEBUG   | aimbot.scrapers.news.be:parse:37 | Found headline: The Cool Down: Hockey Glory, Bulls Double Push and Bowls Success
06:42:48 | DEBUG   | aimbot.scrapers.news.be:parse:42 | Extracted 8 paragraphs, total length: 2150 chars
06:42:48 | DEBUG   | aimbot.scrapers.news.be:parse:47 | Parsed date: 2026-04-14 00:00:00
06:42:48 | DEBUG   | aimbot.scrapers.news.be:parse:57 | Found author: Bailiwick Express
06:42:48 | DEBUG   | aimbot.scrapers.news.be:parse:62 | Found image URL: https://i0.wp.com/www.bailiwickexpress.com/wp-content/uploads/2026/04/Pod-artwork-refresh.jpg
06:42:48 | DEBUG   | aimbot.scrapers.news.be:parse:67 | Successfully parsed story: The Cool Down: Hockey Glory, Bulls Double Push and Bowls Success
06:42:48 | DEBUG   | aimbot.scrapers.news.base:fetch_n_stories_for_section:86 | Successfully parsed 2 stories out of 2 responses
06:42:48 | DEBUG   | aimbot.scrapers.news.base:fetch_n_stories_for_section:78 | Fetched 2 responses
06:42:48 | DEBUG   | aimbot.scrapers.news.be:parse:33 | Parsing story from https://www.bailiwickexpress.com/community/hotel-group-gives-dementia-charity-20k-boost/
06:42:48 | DEBUG   | aimbot.scrapers.news.be:parse:37 | Found headline: Hotel group gives dementia charity £20k boost
06:42:48 | DEBUG   | aimbot.scrapers.news.be:parse:42 | Extracted 7 paragraphs, total length: 1471 chars
06:42:48 | DEBUG   | aimbot.scrapers.news.be:parse:47 | Parsed date: 2026-05-12 00:00:00
06:42:48 | DEBUG   | aimbot.scrapers.news.be:parse:57 | Found author: Bailiwick Express Community
06:42:48 | DEBUG   | aimbot.scrapers.news.be:parse:62 | Found image URL: https://i0.wp.com/www.bailiwickexpress.com/wp-content/uploads/2026/05/Dementia-Jersey-team-shot-scaled.jpeg
06:42:48 | DEBUG   | aimbot.scrapers.news.be:parse:67 | Successfully parsed story: Hotel group gives dementia charity £20k boost
06:42:48 | DEBUG   | aimbot.scrapers.news.be:parse:33 | Parsing story from https://www.bailiwickexpress.com/community/jersey-schools-snorkel-trail-education-programme-reaches-over-1500-pupils/
06:42:48 | DEBUG   | aimbot.scrapers.news.be:parse:37 | Found headline: Jersey schools snorkel trail education programme reaches over 1,500 pupils
06:42:48 | DEBUG   | aimbot.scrapers.news.be:parse:42 | Extracted 6 paragraphs, total length: 2285 chars
06:42:48 | DEBUG   | aimbot.scrapers.news.be:parse:47 | Parsed date: 2026-04-23 00:00:00
06:42:48 | DEBUG   | aimbot.scrapers.news.be:parse:57 | Found author: Bailiwick Express Community
06:42:48 | DEBUG   | aimbot.scrapers.news.be:parse:62 | Found image URL: https://i0.wp.com/www.bailiwickexpress.com/wp-content/uploads/2026/04/Mourant-Blue-Marine-Snorkel-Donation-3-scaled.jpg
06:42:48 | DEBUG   | aimbot.scrapers.news.be:parse:67 | Successfully parsed story: Jersey schools snorkel trail education programme reaches over 1,500 pupils
06:42:48 | DEBUG   | aimbot.scrapers.news.base:fetch_n_stories_for_section:86 | Successfully parsed 2 stories out of 2 responses
06:42:48 | DEBUG   | aimbot.scrapers.news.base:fetch_n_stories_for_section:78 | Fetched 10 responses
06:42:48 | DEBUG   | aimbot.scrapers.news.be:parse:33 | Parsing story from https://www.bailiwickexpress.com/news/who-did-business-leaders-name-as-their-top-senatorial-candidate/
06:42:48 | DEBUG   | aimbot.scrapers.news.be:parse:37 | Found headline: Who did business leaders name as their top Senatorial candidate?
06:42:48 | DEBUG   | aimbot.scrapers.news.be:parse:42 | Extracted 16 paragraphs, total length: 4547 chars
06:42:48 | DEBUG   | aimbot.scrapers.news.be:parse:47 | Parsed date: 2026-05-21 00:00:00
06:42:48 | DEBUG   | aimbot.scrapers.news.be:parse:57 | Found author: Tom Innes
06:42:48 | DEBUG   | aimbot.scrapers.news.be:parse:62 | Found image URL: https://i0.wp.com/www.bailiwickexpress.com/wp-content/uploads/2026/05/Senator-Candidates-Chamber.jpg
06:42:48 | DEBUG   | aimbot.scrapers.news.be:parse:67 | Successfully parsed story: Who did business leaders name as their top Senatorial candidate?
06:42:48 | DEBUG   | aimbot.scrapers.news.be:parse:33 | Parsing story from https://www.bailiwickexpress.com/news/%e2%ac%a5election-live-keep-the-current-or-back-to-the-future-with-st-brelades-constable/
06:42:48 | DEBUG   | aimbot.scrapers.news.be:parse:37 | Found headline: ⬥ELECTION LIVE: Keep the current or back to the future with St Brelade’s Constable?
06:42:48 | DEBUG   | aimbot.scrapers.news.be:parse:42 | Extracted 0 paragraphs, total length: 0 chars
06:42:48 | DEBUG   | aimbot.scrapers.news.be:parse:47 | Parsed date: 2026-05-21 00:00:00
06:42:48 | DEBUG   | aimbot.scrapers.news.be:parse:57 | Found author: James Jeune
06:42:48 | DEBUG   | aimbot.scrapers.news.be:parse:62 | Found image URL: https://i0.wp.com/www.bailiwickexpress.com/wp-content/uploads/2026/05/MOST-READ-2.jpg
06:42:48 | DEBUG   | aimbot.scrapers.news.be:parse:67 | Successfully parsed story: ⬥ELECTION LIVE: Keep the current or back to the future with St Brelade’s Constable?
06:42:48 | DEBUG   | aimbot.scrapers.news.be:parse:33 | Parsing story from https://www.bailiwickexpress.com/news/part-of-controversial-nude-dunes-site-advertised-for-rent/
06:42:48 | DEBUG   | aimbot.scrapers.news.be:parse:37 | Found headline: Part of controversial Nude Dunes site advertised for rent
06:42:48 | DEBUG   | aimbot.scrapers.news.be:parse:42 | Extracted 12 paragraphs, total length: 2025 chars
06:42:48 | DEBUG   | aimbot.scrapers.news.be:parse:47 | Parsed date: 2026-05-21 00:00:00
06:42:48 | DEBUG   | aimbot.scrapers.news.be:parse:57 | Found author: James Jeune
06:42:48 | DEBUG   | aimbot.scrapers.news.be:parse:62 | Found image URL: https://i0.wp.com/www.bailiwickexpress.com/wp-content/uploads/2026/05/Img38948375.jpg
06:42:48 | DEBUG   | aimbot.scrapers.news.be:parse:67 | Successfully parsed story: Part of controversial Nude Dunes site advertised for rent
06:42:48 | DEBUG   | aimbot.scrapers.news.be:parse:33 | Parsing story from https://www.bailiwickexpress.com/news/man-jailed-after-series-of-violent-incidents/
06:42:48 | DEBUG   | aimbot.scrapers.news.be:parse:37 | Found headline: Man jailed after “series of violent incidents”
06:42:48 | DEBUG   | aimbot.scrapers.news.be:parse:42 | Extracted 34 paragraphs, total length: 5175 chars
06:42:48 | DEBUG   | aimbot.scrapers.news.be:parse:47 | Parsed date: 2026-05-21 00:00:00
06:42:48 | DEBUG   | aimbot.scrapers.news.be:parse:57 | Found author: James Sharp
06:42:48 | DEBUG   | aimbot.scrapers.news.be:parse:62 | Found image URL: https://i0.wp.com/www.bailiwickexpress.com/wp-content/uploads/2026/05/christie-covers-36.png
06:42:48 | DEBUG   | aimbot.scrapers.news.be:parse:67 | Successfully parsed story: Man jailed after “series of violent incidents”
06:42:48 | DEBUG   | aimbot.scrapers.news.be:parse:33 | Parsing story from https://www.bailiwickexpress.com/news/aim-for-chronic-fatigue-and-fibromyalgia-support-group-after-express-story/
06:42:48 | DEBUG   | aimbot.scrapers.news.be:parse:37 | Found headline: Aim for chronic fatigue and fibromyalgia support group after Express story
06:42:48 | DEBUG   | aimbot.scrapers.news.be:parse:42 | Extracted 28 paragraphs, total length: 4776 chars
06:42:48 | DEBUG   | aimbot.scrapers.news.be:parse:47 | Parsed date: 2026-05-21 00:00:00
06:42:48 | DEBUG   | aimbot.scrapers.news.be:parse:57 | Found author: Julien Morel
06:42:48 | DEBUG   | aimbot.scrapers.news.be:parse:62 | Found image URL: https://i0.wp.com/www.bailiwickexpress.com/wp-content/uploads/2026/05/christie-covers-37.png
06:42:48 | DEBUG   | aimbot.scrapers.news.be:parse:67 | Successfully parsed story: Aim for chronic fatigue and fibromyalgia support group after Express story
06:42:48 | DEBUG   | aimbot.scrapers.news.be:parse:33 | Parsing story from https://www.bailiwickexpress.com/news/focus-who-is-standing-for-deputy-in-st-john-st-lawrence-and-trinity/
06:42:48 | DEBUG   | aimbot.scrapers.news.be:parse:37 | Found headline: FOCUS: Who is standing for Deputy in St John, St Lawrence and Trinity?
06:42:48 | DEBUG   | aimbot.scrapers.news.be:parse:42 | Extracted 33 paragraphs, total length: 5057 chars
06:42:48 | DEBUG   | aimbot.scrapers.news.be:parse:47 | Parsed date: 2026-05-21 00:00:00
06:42:48 | DEBUG   | aimbot.scrapers.news.be:parse:57 | Found author: Antonia Rubio
06:42:48 | DEBUG   | aimbot.scrapers.news.be:parse:62 | Found image URL: https://i0.wp.com/www.bailiwickexpress.com/wp-content/uploads/2026/05/Antonia-Covers-36.jpg
06:42:48 | DEBUG   | aimbot.scrapers.news.be:parse:67 | Successfully parsed story: FOCUS: Who is standing for Deputy in St John, St Lawrence and Trinity?
06:42:48 | DEBUG   | aimbot.scrapers.news.be:parse:33 | Parsing story from https://www.bailiwickexpress.com/news/witnesses-sought-after-window-shattered-at-town-barber-shop/
06:42:48 | DEBUG   | aimbot.scrapers.news.be:parse:37 | Found headline: Witnesses sought after window shattered at town barber shop
06:42:48 | DEBUG   | aimbot.scrapers.news.be:parse:42 | Extracted 6 paragraphs, total length: 1009 chars
06:42:48 | DEBUG   | aimbot.scrapers.news.be:parse:47 | Parsed date: 2026-05-21 00:00:00
06:42:48 | DEBUG   | aimbot.scrapers.news.be:parse:57 | Found author: Fiona Potigny
06:42:48 | DEBUG   | aimbot.scrapers.news.be:parse:62 | Found image URL: https://i0.wp.com/www.bailiwickexpress.com/wp-content/uploads/2025/04/EMERGENCY-SERVICES.States-of-Jersey-Police.jpg
06:42:48 | DEBUG   | aimbot.scrapers.news.be:parse:67 | Successfully parsed story: Witnesses sought after window shattered at town barber shop
06:42:48 | DEBUG   | aimbot.scrapers.news.be:parse:33 | Parsing story from https://www.bailiwickexpress.com/news/%e2%ac%a5election-live-trio-battle-for-constable-of-st-saviour/
06:42:48 | DEBUG   | aimbot.scrapers.news.be:parse:37 | Found headline: ⬥ELECTION LIVE: Trio battle for Constable of St Saviour
06:42:48 | DEBUG   | aimbot.scrapers.news.be:parse:42 | Extracted 0 paragraphs, total length: 0 chars
06:42:48 | DEBUG   | aimbot.scrapers.news.be:parse:47 | Parsed date: 2026-05-20 00:00:00
06:42:48 | DEBUG   | aimbot.scrapers.news.be:parse:57 | Found author: Tom Innes
06:42:48 | DEBUG   | aimbot.scrapers.news.be:parse:62 | Found image URL: https://i0.wp.com/www.bailiwickexpress.com/wp-content/uploads/2026/05/ST-SAVIOUR-CONSTABLE-2.jpg
06:42:48 | DEBUG   | aimbot.scrapers.news.be:parse:67 | Successfully parsed story: ⬥ELECTION LIVE: Trio battle for Constable of St Saviour
06:42:48 | DEBUG   | aimbot.scrapers.news.be:parse:33 | Parsing story from https://www.bailiwickexpress.com/news/%e2%ac%a5election-live-senatorial-hustings-in-st-martin/
06:42:48 | DEBUG   | aimbot.scrapers.news.be:parse:37 | Found headline: ⬥ELECTION LIVE: Senatorial hustings in St Martin
06:42:48 | DEBUG   | aimbot.scrapers.news.be:parse:42 | Extracted 2 paragraphs, total length: 294 chars
06:42:48 | DEBUG   | aimbot.scrapers.news.be:parse:47 | Parsed date: 2026-05-20 00:00:00
06:42:48 | DEBUG   | aimbot.scrapers.news.be:parse:57 | Found author: Julien Morel
06:42:48 | DEBUG   | aimbot.scrapers.news.be:parse:62 | Found image URL: https://i0.wp.com/www.bailiwickexpress.com/wp-content/uploads/2026/05/Screenshot-2026-05-20-at-16.49.03.png
06:42:48 | DEBUG   | aimbot.scrapers.news.be:parse:67 | Successfully parsed story: ⬥ELECTION LIVE: Senatorial hustings in St Martin
06:42:48 | DEBUG   | aimbot.scrapers.news.be:parse:33 | Parsing story from https://www.bailiwickexpress.com/news/family-homes-planned-for-abandoned-site-on-college-hill/
06:42:48 | DEBUG   | aimbot.scrapers.news.be:parse:37 | Found headline: Family homes planned for abandoned site on College Hill
06:42:48 | DEBUG   | aimbot.scrapers.news.be:parse:42 | Extracted 11 paragraphs, total length: 1658 chars
06:42:48 | DEBUG   | aimbot.scrapers.news.be:parse:47 | Parsed date: 2026-05-20 00:00:00
06:42:48 | DEBUG   | aimbot.scrapers.news.be:parse:57 | Found author: Christie Bailey
06:42:48 | DEBUG   | aimbot.scrapers.news.be:parse:62 | Found image URL: https://i0.wp.com/www.bailiwickexpress.com/wp-content/uploads/2026/05/christie-covers-35.png
06:42:48 | DEBUG   | aimbot.scrapers.news.be:parse:67 | Successfully parsed story: Family homes planned for abandoned site on College Hill
06:42:48 | DEBUG   | aimbot.scrapers.news.base:fetch_n_stories_for_section:86 | Successfully parsed 10 stories out of 10 responses
06:42:48 | DEBUG   | aimbot.scrapers.news.base:fetch_n_stories_for_section:74 | fetch_n_stories_for_section called for section 'news' with limit 10
06:42:48 | DEBUG   | aimbot.scrapers.news.base:fetch_n_stories_for_section:74 | fetch_n_stories_for_section called for section 'sport' with limit 2
06:42:48 | DEBUG   | aimbot.scrapers.news.base:fetch_n_stories_for_section:74 | fetch_n_stories_for_section called for section 'opinion' with limit 2
06:42:48 | DEBUG   | aimbot.scrapers.news.base:fetch_n_stories_for_section:74 | fetch_n_stories_for_section called for section 'business' with limit 2
06:42:48 | DEBUG   | aimbot.scrapers.news.base:fetch_n_stories_for_section:74 | fetch_n_stories_for_section called for section 'community' with limit 2
06:42:48 | DEBUG   | aimbot.scrapers.news.base:fetch_n_stories_for_section:74 | fetch_n_stories_for_section called for section 'podcasts' with limit 2
06:42:51 | DEBUG   | aimbot.scrapers.news.base:fetch_n_stories_for_section:76 | Got 2 URLs to fetch
06:42:51 | DEBUG   | aimbot.scrapers.news.base:fetch_n_stories_for_section:76 | Got 10 URLs to fetch
06:42:51 | DEBUG   | aimbot.scrapers.news.base:fetch_n_stories_for_section:76 | Got 2 URLs to fetch
06:42:51 | DEBUG   | aimbot.scrapers.news.base:fetch_n_stories_for_section:76 | Got 2 URLs to fetch
06:42:53 | DEBUG   | aimbot.scrapers.news.base:fetch_n_stories_for_section:78 | Fetched 2 responses
06:42:53 | DEBUG   | aimbot.scrapers.news.base:fetch_n_stories_for_section:86 | Successfully parsed 2 stories out of 2 responses
06:42:53 | DEBUG   | aimbot.scrapers.news.base:fetch_n_stories_for_section:76 | Got 2 URLs to fetch
06:42:53 | DEBUG   | aimbot.scrapers.news.base:fetch_n_stories_for_section:76 | Got 2 URLs to fetch
06:42:57 | DEBUG   | aimbot.scrapers.news.base:fetch_n_stories_for_section:78 | Fetched 2 responses
06:42:57 | DEBUG   | aimbot.scrapers.news.base:fetch_n_stories_for_section:86 | Successfully parsed 2 stories out of 2 responses
06:42:57 | DEBUG   | aimbot.scrapers.news.base:fetch_n_stories_for_section:78 | Fetched 2 responses
06:42:57 | DEBUG   | aimbot.scrapers.news.base:fetch_n_stories_for_section:86 | Successfully parsed 2 stories out of 2 responses
06:42:59 | DEBUG   | aimbot.scrapers.news.base:fetch_n_stories_for_section:78 | Fetched 2 responses
06:42:59 | DEBUG   | aimbot.scrapers.news.base:fetch_n_stories_for_section:86 | Successfully parsed 2 stories out of 2 responses
06:42:59 | DEBUG   | aimbot.scrapers.news.base:fetch_n_stories_for_section:78 | Fetched 2 responses
06:42:59 | DEBUG   | aimbot.scrapers.news.base:fetch_n_stories_for_section:86 | Successfully parsed 2 stories out of 2 responses
06:42:59 | DEBUG   | aimbot.scrapers.news.base:fetch_n_stories_for_section:78 | Fetched 10 responses
06:42:59 | DEBUG   | aimbot.scrapers.news.base:fetch_n_stories_for_section:86 | Successfully parsed 10 stories out of 10 responses
06:42:59 | DEBUG   | aimbot.scrapers.news.base:fetch_n_stories_for_section:74 | fetch_n_stories_for_section called for section 'news' with limit 10
06:43:01 | DEBUG   | aimbot.scrapers.news.base:fetch_n_stories_for_section:76 | Got 10 URLs to fetch
06:43:06 | DEBUG   | aimbot.scrapers.news.base:fetch_n_stories_for_section:78 | Fetched 10 responses
06:43:06 | DEBUG   | aimbot.scrapers.news.base:fetch_n_stories_for_section:86 | Successfully parsed 10 stories out of 10 responses
06:43:06 | DEBUG   | aimbot.scrapers.news.base:fetch_n_stories_for_section:74 | fetch_n_stories_for_section called for section 'premium' with limit 10
06:43:09 | DEBUG   | aimbot.scrapers.news.base:fetch_n_stories_for_section:76 | Got 10 URLs to fetch
06:43:14 | DEBUG   | aimbot.scrapers.news.base:fetch_n_stories_for_section:78 | Fetched 10 responses
06:43:14 | DEBUG   | aimbot.scrapers.news.base:fetch_n_stories_for_section:86 | Successfully parsed 10 stories out of 10 responses
06:43:14 | DEBUG   | aimbot.scrapers.news.base:fetch_n_stories_for_section:74 | fetch_n_stories_for_section called for section 'business' with limit 10
06:43:14 | DEBUG   | aimbot.scrapers.news.be:get_story_urls:81 | Fetching story URLs for section: business
06:43:14 | DEBUG   | aimbot.scrapers.news.be:get_story_urls:86 | Fetching homepage: https://www.bailiwickexpress.com/jsy-business/
06:43:16 | DEBUG   | aimbot.scrapers.news.be:get_story_urls:90 | Found 16 articles on homepage
06:43:16 | DEBUG   | aimbot.scrapers.news.be:get_story_urls:98 | Extracted 10 unique story URLs
06:43:16 | DEBUG   | aimbot.scrapers.news.base:fetch_n_stories_for_section:76 | Got 10 URLs to fetch
06:43:19 | DEBUG   | aimbot.scrapers.news.base:fetch_n_stories_for_section:78 | Fetched 10 responses
06:43:19 | DEBUG   | aimbot.scrapers.news.be:parse:33 | Parsing story from https://www.bailiwickexpress.com/business/highly-respected-operational-leader-at-jersey-water-shortlisted-for-award/
06:43:19 | DEBUG   | aimbot.scrapers.news.be:parse:37 | Found headline: “Highly respected” operational leader at Jersey Water shortlisted for award
06:43:19 | DEBUG   | aimbot.scrapers.news.be:parse:42 | Extracted 10 paragraphs, total length: 1749 chars
06:43:19 | DEBUG   | aimbot.scrapers.news.be:parse:47 | Parsed date: 2026-05-21 00:00:00
06:43:19 | DEBUG   | aimbot.scrapers.news.be:parse:57 | Found author: James Jeune
06:43:19 | DEBUG   | aimbot.scrapers.news.be:parse:62 | Found image URL: https://i0.wp.com/www.bailiwickexpress.com/wp-content/uploads/2026/05/Jeanette-Sheldon-scaled.jpg
06:43:19 | DEBUG   | aimbot.scrapers.news.be:parse:67 | Successfully parsed story: “Highly respected” operational leader at Jersey Water shortlisted for award
06:43:19 | DEBUG   | aimbot.scrapers.news.be:parse:33 | Parsing story from https://www.bailiwickexpress.com/business/polygon-pensions-acquired-by-bwci-group/
06:43:19 | DEBUG   | aimbot.scrapers.news.be:parse:37 | Found headline: Polygon Pensions acquired by BWCI Group
06:43:19 | DEBUG   | aimbot.scrapers.news.be:parse:42 | Extracted 13 paragraphs, total length: 2286 chars
06:43:19 | DEBUG   | aimbot.scrapers.news.be:parse:47 | Parsed date: 2026-05-20 00:00:00
06:43:19 | DEBUG   | aimbot.scrapers.news.be:parse:57 | Found author: James Jeune
06:43:19 | DEBUG   | aimbot.scrapers.news.be:parse:62 | Found image URL: https://i0.wp.com/www.bailiwickexpress.com/wp-content/uploads/2026/05/Stephen-Ainsworth-3-scaled.jpg
06:43:19 | DEBUG   | aimbot.scrapers.news.be:parse:67 | Successfully parsed story: Polygon Pensions acquired by BWCI Group
06:43:19 | DEBUG   | aimbot.scrapers.news.be:parse:33 | Parsing story from https://www.bailiwickexpress.com/business/trio-of-new-directors-announced-by-hawksford/
06:43:19 | DEBUG   | aimbot.scrapers.news.be:parse:37 | Found headline: Trio of new directors announced by Hawksford
06:43:19 | DEBUG   | aimbot.scrapers.news.be:parse:42 | Extracted 10 paragraphs, total length: 2072 chars
06:43:19 | DEBUG   | aimbot.scrapers.news.be:parse:47 | Parsed date: 2026-05-19 00:00:00
06:43:19 | DEBUG   | aimbot.scrapers.news.be:parse:57 | Found author: James Jeune
06:43:19 | DEBUG   | aimbot.scrapers.news.be:parse:62 | Found image URL: https://i0.wp.com/www.bailiwickexpress.com/wp-content/uploads/2026/05/collage-79-scaled.jpg
06:43:19 | DEBUG   | aimbot.scrapers.news.be:parse:67 | Successfully parsed story: Trio of new directors announced by Hawksford
06:43:19 | DEBUG   | aimbot.scrapers.news.be:parse:33 | Parsing story from https://www.bailiwickexpress.com/news/klms-new-jersey-route-opening-the-island-to-the-world/
06:43:19 | DEBUG   | aimbot.scrapers.news.be:parse:37 | Found headline: KLM’s New Jersey Route: Opening the Island to the World
06:43:19 | DEBUG   | aimbot.scrapers.news.be:parse:42 | Extracted 10 paragraphs, total length: 2370 chars
06:43:19 | DEBUG   | aimbot.scrapers.news.be:parse:47 | Parsed date: 2026-05-18 00:00:00
06:43:19 | DEBUG   | aimbot.scrapers.news.be:parse:57 | Found author: Bailiwick Express
06:43:19 | DEBUG   | aimbot.scrapers.news.be:parse:62 | Found image URL: https://i0.wp.com/www.bailiwickexpress.com/wp-content/uploads/2026/05/KLM-2-scaled.png
06:43:19 | DEBUG   | aimbot.scrapers.news.be:parse:67 | Successfully parsed story: KLM’s New Jersey Route: Opening the Island to the World
06:43:19 | DEBUG   | aimbot.scrapers.news.be:parse:33 | Parsing story from https://www.bailiwickexpress.com/sponsored-content/elaine-millar-candidate-for-senator-we-need-solutions-that-work-for-jersey-now/
06:43:19 | DEBUG   | aimbot.scrapers.news.be:parse:37 | Found headline: Elaine Millar, candidate for Senator: “We need solutions that work for Jersey now”
06:43:19 | DEBUG   | aimbot.scrapers.news.be:parse:42 | Extracted 12 paragraphs, total length: 2491 chars
06:43:19 | DEBUG   | aimbot.scrapers.news.be:parse:47 | Parsed date: 2026-05-18 00:00:00
06:43:19 | DEBUG   | aimbot.scrapers.news.be:parse:57 | Found author: Bailiwick Express
06:43:19 | DEBUG   | aimbot.scrapers.news.be:parse:62 | Found image URL: https://i0.wp.com/www.bailiwickexpress.com/wp-content/uploads/2026/05/260408millar3-1.jpg
06:43:19 | DEBUG   | aimbot.scrapers.news.be:parse:67 | Successfully parsed story: Elaine Millar, candidate for Senator: “We need solutions that work for Jersey now”
06:43:19 | DEBUG   | aimbot.scrapers.news.be:parse:33 | Parsing story from https://www.bailiwickexpress.com/news/karl-busch-candidate-for-senator-we-need-a-more-creative-approach-to-care/
06:43:19 | DEBUG   | aimbot.scrapers.news.be:parse:37 | Found headline: Karl Busch, candidate for Senator: “We need a more creative approach to care”
06:43:19 | DEBUG   | aimbot.scrapers.news.be:parse:42 | Extracted 5 paragraphs, total length: 2968 chars
06:43:19 | DEBUG   | aimbot.scrapers.news.be:parse:47 | Parsed date: 2026-05-18 00:00:00
06:43:19 | DEBUG   | aimbot.scrapers.news.be:parse:57 | Found author: Bailiwick Express
06:43:19 | DEBUG   | aimbot.scrapers.news.be:parse:62 | Found image URL: https://i0.wp.com/www.bailiwickexpress.com/wp-content/uploads/2026/05/IMG_0717.jpeg
06:43:19 | DEBUG   | aimbot.scrapers.news.be:parse:67 | Successfully parsed story: Karl Busch, candidate for Senator: “We need a more creative approach to care”
06:43:19 | DEBUG   | aimbot.scrapers.news.be:parse:33 | Parsing story from https://www.bailiwickexpress.com/sponsored-content/joanne-vandermerwe-mahon-nothing-will-change-unless-we-change/
06:43:19 | DEBUG   | aimbot.scrapers.news.be:parse:37 | Found headline: Joanne Vandermerwe-Mahon, candidate for Deputy: “Nothing will change unless we change”
06:43:19 | DEBUG   | aimbot.scrapers.news.be:parse:42 | Extracted 19 paragraphs, total length: 3652 chars
06:43:19 | DEBUG   | aimbot.scrapers.news.be:parse:47 | Parsed date: 2026-05-11 00:00:00
06:43:19 | DEBUG   | aimbot.scrapers.news.be:parse:57 | Found author: Bailiwick Express
06:43:19 | DEBUG   | aimbot.scrapers.news.be:parse:62 | Found image URL: https://i0.wp.com/www.bailiwickexpress.com/wp-content/uploads/2026/05/joanne-scaled-1.jpg
06:43:19 | DEBUG   | aimbot.scrapers.news.be:parse:67 | Successfully parsed story: Joanne Vandermerwe-Mahon, candidate for Deputy: “Nothing will change unless we change”
06:43:19 | DEBUG   | aimbot.scrapers.news.be:parse:33 | Parsing story from https://www.bailiwickexpress.com/business/in-numbers-ci-coop-reports-strengthened-performance-despite-challenges/
06:43:19 | DEBUG   | aimbot.scrapers.news.be:parse:37 | Found headline: IN NUMBERS: CI Coop reports “strengthened” performance despite challenges
06:43:19 | DEBUG   | aimbot.scrapers.news.be:parse:42 | Extracted 11 paragraphs, total length: 1476 chars
06:43:19 | DEBUG   | aimbot.scrapers.news.be:parse:47 | Parsed date: 2026-05-18 00:00:00
06:43:19 | DEBUG   | aimbot.scrapers.news.be:parse:57 | Found author: James Jeune
06:43:19 | DEBUG   | aimbot.scrapers.news.be:parse:62 | Found image URL: https://i0.wp.com/www.bailiwickexpress.com/wp-content/uploads/2026/05/Mark-Cox-CI-Coop-scaled.jpg
06:43:19 | DEBUG   | aimbot.scrapers.news.be:parse:67 | Successfully parsed story: IN NUMBERS: CI Coop reports “strengthened” performance despite challenges
06:43:19 | DEBUG   | aimbot.scrapers.news.be:parse:33 | Parsing story from https://www.bailiwickexpress.com/business/consultant-joins-alex-picot-trust/
06:43:19 | DEBUG   | aimbot.scrapers.news.be:parse:37 | Found headline: Consultant joins Alex Picot Trust
06:43:19 | DEBUG   | aimbot.scrapers.news.be:parse:42 | Extracted 8 paragraphs, total length: 1349 chars
06:43:19 | DEBUG   | aimbot.scrapers.news.be:parse:47 | Parsed date: 2026-05-15 00:00:00
06:43:19 | DEBUG   | aimbot.scrapers.news.be:parse:57 | Found author: Bailiwick Express News Team
06:43:19 | DEBUG   | aimbot.scrapers.news.be:parse:62 | Found image URL: https://i0.wp.com/www.bailiwickexpress.com/wp-content/uploads/2026/05/Simon-Morgan-scaled-e1778849176563.jpg
06:43:19 | DEBUG   | aimbot.scrapers.news.be:parse:67 | Successfully parsed story: Consultant joins Alex Picot Trust
06:43:19 | DEBUG   | aimbot.scrapers.news.be:parse:33 | Parsing story from https://www.bailiwickexpress.com/business/bedell-cristins-jersey-litigation-team-gains-experienced-local-advocate/
06:43:19 | DEBUG   | aimbot.scrapers.news.be:parse:37 | Found headline: Bedell Cristin’s Jersey litigation team gains experienced local advocate
06:43:19 | DEBUG   | aimbot.scrapers.news.be:parse:42 | Extracted 8 paragraphs, total length: 1487 chars
06:43:19 | DEBUG   | aimbot.scrapers.news.be:parse:47 | Parsed date: 2026-05-14 00:00:00
06:43:19 | DEBUG   | aimbot.scrapers.news.be:parse:57 | Found author: James Jeune
06:43:19 | DEBUG   | aimbot.scrapers.news.be:parse:62 | Found image URL: https://i0.wp.com/www.bailiwickexpress.com/wp-content/uploads/2026/05/BC-Samantha-Hoare-1.jpg
06:43:19 | DEBUG   | aimbot.scrapers.news.be:parse:67 | Successfully parsed story: Bedell Cristin’s Jersey litigation team gains experienced local advocate
06:43:19 | DEBUG   | aimbot.scrapers.news.base:fetch_n_stories_for_section:86 | Successfully parsed 10 stories out of 10 responses
06:43:19 | DEBUG   | aimbot.scrapers.news.base:fetch_n_stories_for_section:74 | fetch_n_stories_for_section called for section 'business' with limit 10
06:43:20 | DEBUG   | aimbot.scrapers.news.base:fetch_n_stories_for_section:76 | Got 10 URLs to fetch
06:43:24 | DEBUG   | aimbot.scrapers.news.base:fetch_n_stories_for_section:78 | Fetched 10 responses
06:43:24 | DEBUG   | aimbot.scrapers.news.base:fetch_n_stories_for_section:86 | Successfully parsed 10 stories out of 10 responses
06:43:26 | ERROR   | aimbot.cache:load:74 | Failed to load from cache: Expecting value: line 1 column 1 (char 0)
06:43:26 | ERROR   | aimbot.cache:save:47 | Failed to save to cache: Type <class 'test_cache.TestEmailCache.test_save_non_serializable.<locals>.Unserializable'> not serializable
06:43:26 | ERROR   | aimbot.main:_gather_scraper_tasks:121 | Scraper task 'fail' failed: Boom!
06:43:26 | ERROR   | aimbot.main:_gather_scraper_tasks:121 | Scraper task 'a' failed: err_a
06:43:26 | ERROR   | aimbot.main:_gather_scraper_tasks:121 | Scraper task 'b' failed: err_b
06:43:27 | DEBUG   | aimbot.scrapers.news.base:fetch_n_stories_for_section:74 | fetch_n_stories_for_section called for section 'news' with limit 5
06:43:27 | DEBUG   | aimbot.scrapers.news.be:get_story_urls:81 | Fetching story URLs for section: news
06:43:27 | DEBUG   | aimbot.scrapers.news.be:get_story_urls:86 | Fetching homepage: https://www.bailiwickexpress.com/news/
06:43:27 | DEBUG   | aimbot.scrapers.news.base:fetch_n_stories_for_section:74 | fetch_n_stories_for_section called for section 'business' with limit 5
06:43:27 | DEBUG   | aimbot.scrapers.news.be:get_story_urls:81 | Fetching story URLs for section: business
06:43:27 | DEBUG   | aimbot.scrapers.news.be:get_story_urls:86 | Fetching homepage: https://www.bailiwickexpress.com/jsy-business/
06:43:27 | DEBUG   | aimbot.scrapers.news.base:fetch_n_stories_for_section:74 | fetch_n_stories_for_section called for section 'sport' with limit 5
06:43:27 | DEBUG   | aimbot.scrapers.news.be:get_story_urls:81 | Fetching story URLs for section: sport
06:43:27 | DEBUG   | aimbot.scrapers.news.be:get_story_urls:86 | Fetching homepage: https://www.bailiwickexpress.com/jsy-sport/
06:43:27 | DEBUG   | aimbot.scrapers.news.base:fetch_n_stories_for_section:74 | fetch_n_stories_for_section called for section 'opinion' with limit 5
06:43:27 | DEBUG   | aimbot.scrapers.news.be:get_story_urls:81 | Fetching story URLs for section: opinion
06:43:27 | DEBUG   | aimbot.scrapers.news.be:get_story_urls:86 | Fetching homepage: https://www.bailiwickexpress.com/opinion-jersey/
06:43:27 | DEBUG   | aimbot.scrapers.news.base:fetch_n_stories_for_section:74 | fetch_n_stories_for_section called for section 'community' with limit 5
06:43:27 | DEBUG   | aimbot.scrapers.news.be:get_story_urls:81 | Fetching story URLs for section: community
06:43:27 | DEBUG   | aimbot.scrapers.news.be:get_story_urls:86 | Fetching homepage: https://www.bailiwickexpress.com/jsy-community/
06:43:27 | DEBUG   | aimbot.scrapers.news.base:fetch_n_stories_for_section:74 | fetch_n_stories_for_section called for section 'podcasts' with limit 5
06:43:27 | DEBUG   | aimbot.scrapers.news.be:get_story_urls:81 | Fetching story URLs for section: podcasts
06:43:27 | DEBUG   | aimbot.scrapers.news.be:get_story_urls:86 | Fetching homepage: https://www.bailiwickexpress.com/jsy-radio-podcasts/
06:43:29 | DEBUG   | aimbot.scrapers.news.be:get_story_urls:90 | Found 16 articles on homepage
06:43:29 | DEBUG   | aimbot.scrapers.news.be:get_story_urls:98 | Extracted 5 unique story URLs
06:43:29 | DEBUG   | aimbot.scrapers.news.base:fetch_n_stories_for_section:76 | Got 5 URLs to fetch
06:43:29 | DEBUG   | aimbot.scrapers.news.be:get_story_urls:90 | Found 16 articles on homepage
06:43:29 | DEBUG   | aimbot.scrapers.news.be:get_story_urls:98 | Extracted 5 unique story URLs
06:43:29 | DEBUG   | aimbot.scrapers.news.base:fetch_n_stories_for_section:76 | Got 5 URLs to fetch
06:43:29 | DEBUG   | aimbot.scrapers.news.be:get_story_urls:90 | Found 16 articles on homepage
06:43:29 | DEBUG   | aimbot.scrapers.news.be:get_story_urls:98 | Extracted 5 unique story URLs
06:43:29 | DEBUG   | aimbot.scrapers.news.base:fetch_n_stories_for_section:76 | Got 5 URLs to fetch
06:43:29 | DEBUG   | aimbot.scrapers.news.be:get_story_urls:90 | Found 33 articles on homepage
06:43:29 | DEBUG   | aimbot.scrapers.news.be:get_story_urls:98 | Extracted 5 unique story URLs
06:43:29 | DEBUG   | aimbot.scrapers.news.base:fetch_n_stories_for_section:76 | Got 5 URLs to fetch
06:43:29 | DEBUG   | aimbot.scrapers.news.be:get_story_urls:90 | Found 20 articles on homepage
06:43:29 | DEBUG   | aimbot.scrapers.news.be:get_story_urls:98 | Extracted 5 unique story URLs
06:43:29 | DEBUG   | aimbot.scrapers.news.base:fetch_n_stories_for_section:76 | Got 5 URLs to fetch
06:43:29 | DEBUG   | aimbot.scrapers.news.be:get_story_urls:90 | Found 71 articles on homepage
06:43:29 | DEBUG   | aimbot.scrapers.news.be:get_story_urls:98 | Extracted 5 unique story URLs
06:43:29 | DEBUG   | aimbot.scrapers.news.base:fetch_n_stories_for_section:76 | Got 5 URLs to fetch
06:43:31 | DEBUG   | aimbot.scrapers.news.base:fetch_n_stories_for_section:78 | Fetched 5 responses
06:43:31 | DEBUG   | aimbot.scrapers.news.be:parse:33 | Parsing story from https://www.bailiwickexpress.com/opinion/open-letter-your-conclusions-overstate-both-the-risks-facing-jersey-and-the-shortcomings-of-current-preparedness/
06:43:31 | DEBUG   | aimbot.scrapers.news.be:parse:37 | Found headline: OPEN LETTER: “Your conclusions overstate both the risks facing Jersey and the shortcomings of current preparedness”
06:43:31 | DEBUG   | aimbot.scrapers.news.be:parse:42 | Extracted 19 paragraphs, total length: 4487 chars
06:43:31 | DEBUG   | aimbot.scrapers.news.be:parse:47 | Parsed date: 2026-04-02 00:00:00
06:43:31 | DEBUG   | aimbot.scrapers.news.be:parse:57 | Found author: Bailiwick Express News Team
06:43:31 | DEBUG   | aimbot.scrapers.news.be:parse:62 | Found image URL: https://i0.wp.com/www.bailiwickexpress.com/wp-content/uploads/2026/04/christie-covers-17.png
06:43:31 | DEBUG   | aimbot.scrapers.news.be:parse:67 | Successfully parsed story: OPEN LETTER: “Your conclusions overstate both the risks facing Jersey and the shortcomings of current preparedness”
06:43:31 | DEBUG   | aimbot.scrapers.news.be:parse:33 | Parsing story from https://www.bailiwickexpress.com/opinion/open-letter-go-the-extra-mile-now-to-ensure-the-safety-of-the-island/
06:43:31 | DEBUG   | aimbot.scrapers.news.be:parse:37 | Found headline: OPEN LETTER: “Go the extra mile now to ensure the safety of the island”
06:43:31 | DEBUG   | aimbot.scrapers.news.be:parse:42 | Extracted 10 paragraphs, total length: 2870 chars
06:43:31 | DEBUG   | aimbot.scrapers.news.be:parse:47 | Parsed date: 2026-03-30 00:00:00
06:43:31 | DEBUG   | aimbot.scrapers.news.be:parse:57 | Found author: Christie Bailey
06:43:31 | DEBUG   | aimbot.scrapers.news.be:parse:62 | Found image URL: https://i0.wp.com/www.bailiwickexpress.com/wp-content/uploads/2026/03/Screenshot-2026-03-30-at-12.14.38.png
06:43:31 | DEBUG   | aimbot.scrapers.news.be:parse:67 | Successfully parsed story: OPEN LETTER: “Go the extra mile now to ensure the safety of the island”
06:43:31 | DEBUG   | aimbot.scrapers.news.be:parse:33 | Parsing story from https://www.bailiwickexpress.com/opinion/review-the-winter-chill-of-the-gothic-tale-reached-its-full-potential/
06:43:31 | DEBUG   | aimbot.scrapers.news.be:parse:37 | Found headline: REVIEW: “The winter chill of the gothic tale reached its full potential”
06:43:31 | DEBUG   | aimbot.scrapers.news.be:parse:42 | Extracted 9 paragraphs, total length: 1604 chars
06:43:31 | DEBUG   | aimbot.scrapers.news.be:parse:47 | Parsed date: 2025-11-17 00:00:00
06:43:31 | DEBUG   | aimbot.scrapers.news.be:parse:57 | Found author: Hannah Esnouf
06:43:31 | DEBUG   | aimbot.scrapers.news.be:parse:62 | Found image URL: https://i0.wp.com/www.bailiwickexpress.com/wp-content/uploads/2025/11/The-Signalman-1-1-scaled.jpg
06:43:31 | DEBUG   | aimbot.scrapers.news.be:parse:67 | Successfully parsed story: REVIEW: “The winter chill of the gothic tale reached its full potential”
06:43:31 | DEBUG   | aimbot.scrapers.news.be:parse:33 | Parsing story from https://www.bailiwickexpress.com/opinion/review-what-a-perfect-way-to-spend-a-summer-evening/
06:43:31 | DEBUG   | aimbot.scrapers.news.be:parse:37 | Found headline: REVIEW: “What a perfect way to spend a summer evening”
06:43:31 | DEBUG   | aimbot.scrapers.news.be:parse:42 | Extracted 13 paragraphs, total length: 2130 chars
06:43:31 | DEBUG   | aimbot.scrapers.news.be:parse:47 | Parsed date: 2025-08-14 00:00:00
06:43:31 | DEBUG   | aimbot.scrapers.news.be:parse:57 | Found author: Hannah Esnouf
06:43:31 | DEBUG   | aimbot.scrapers.news.be:parse:62 | Found image URL: https://i0.wp.com/www.bailiwickexpress.com/wp-content/uploads/2025/08/40795125.jpg
06:43:31 | DEBUG   | aimbot.scrapers.news.be:parse:67 | Successfully parsed story: REVIEW: “What a perfect way to spend a summer evening”
06:43:31 | DEBUG   | aimbot.scrapers.news.be:parse:33 | Parsing story from https://www.bailiwickexpress.com/opinion/review-this-modern-take-on-a-shakespearean-classic-had-the-whole-audience-in-stitches/
06:43:31 | DEBUG   | aimbot.scrapers.news.be:parse:37 | Found headline: REVIEW: “This modern take on a Shakespearean classic had the whole audience in stitches”
06:43:31 | DEBUG   | aimbot.scrapers.news.be:parse:42 | Extracted 13 paragraphs, total length: 2431 chars
06:43:31 | DEBUG   | aimbot.scrapers.news.be:parse:47 | Parsed date: 2025-08-05 00:00:00
06:43:31 | DEBUG   | aimbot.scrapers.news.be:parse:57 | Found author: Ruby Filleul
06:43:31 | DEBUG   | aimbot.scrapers.news.be:parse:62 | Found image URL: https://i0.wp.com/www.bailiwickexpress.com/wp-content/uploads/2025/08/5157052-scaled.jpg
06:43:31 | DEBUG   | aimbot.scrapers.news.be:parse:67 | Successfully parsed story: REVIEW: “This modern take on a Shakespearean classic had the whole audience in stitches”
06:43:31 | DEBUG   | aimbot.scrapers.news.base:fetch_n_stories_for_section:86 | Successfully parsed 5 stories out of 5 responses
06:43:34 | DEBUG   | aimbot.scrapers.news.base:fetch_n_stories_for_section:78 | Fetched 5 responses
06:43:34 | DEBUG   | aimbot.scrapers.news.be:parse:33 | Parsing story from https://www.bailiwickexpress.com/community/hotel-group-gives-dementia-charity-20k-boost/
06:43:34 | DEBUG   | aimbot.scrapers.news.be:parse:37 | Found headline: Hotel group gives dementia charity £20k boost
06:43:34 | DEBUG   | aimbot.scrapers.news.be:parse:42 | Extracted 7 paragraphs, total length: 1471 chars
06:43:34 | DEBUG   | aimbot.scrapers.news.be:parse:47 | Parsed date: 2026-05-12 00:00:00
06:43:34 | DEBUG   | aimbot.scrapers.news.be:parse:57 | Found author: Bailiwick Express Community
06:43:34 | DEBUG   | aimbot.scrapers.news.be:parse:62 | Found image URL: https://i0.wp.com/www.bailiwickexpress.com/wp-content/uploads/2026/05/Dementia-Jersey-team-shot-scaled.jpeg
06:43:34 | DEBUG   | aimbot.scrapers.news.be:parse:67 | Successfully parsed story: Hotel group gives dementia charity £20k boost
06:43:34 | DEBUG   | aimbot.scrapers.news.be:parse:33 | Parsing story from https://www.bailiwickexpress.com/community/jersey-schools-snorkel-trail-education-programme-reaches-over-1500-pupils/
06:43:34 | DEBUG   | aimbot.scrapers.news.be:parse:37 | Found headline: Jersey schools snorkel trail education programme reaches over 1,500 pupils
06:43:34 | DEBUG   | aimbot.scrapers.news.be:parse:42 | Extracted 6 paragraphs, total length: 2285 chars
06:43:34 | DEBUG   | aimbot.scrapers.news.be:parse:47 | Parsed date: 2026-04-23 00:00:00
06:43:34 | DEBUG   | aimbot.scrapers.news.be:parse:57 | Found author: Bailiwick Express Community
06:43:34 | DEBUG   | aimbot.scrapers.news.be:parse:62 | Found image URL: https://i0.wp.com/www.bailiwickexpress.com/wp-content/uploads/2026/04/Mourant-Blue-Marine-Snorkel-Donation-3-scaled.jpg
06:43:34 | DEBUG   | aimbot.scrapers.news.be:parse:67 | Successfully parsed story: Jersey schools snorkel trail education programme reaches over 1,500 pupils
06:43:34 | DEBUG   | aimbot.scrapers.news.be:parse:33 | Parsing story from https://www.bailiwickexpress.com/community/food-waste-action-week-why-we-care-and-what-were-doing-about-it/
06:43:34 | DEBUG   | aimbot.scrapers.news.be:parse:37 | Found headline: Food Waste Action Week – Why we care and what we’re doing about it
06:43:34 | DEBUG   | aimbot.scrapers.news.be:parse:42 | Extracted 36 paragraphs, total length: 6196 chars
06:43:34 | DEBUG   | aimbot.scrapers.news.be:parse:47 | Parsed date: 2026-03-09 00:00:00
06:43:34 | DEBUG   | aimbot.scrapers.news.be:parse:57 | Found author: Bailiwick Express
06:43:34 | DEBUG   | aimbot.scrapers.news.be:parse:62 | Found image URL: https://i0.wp.com/www.bailiwickexpress.com/wp-content/uploads/2026/03/pexels-photo-57556.jpeg
06:43:34 | DEBUG   | aimbot.scrapers.news.be:parse:67 | Successfully parsed story: Food Waste Action Week – Why we care and what we’re doing about it
06:43:34 | DEBUG   | aimbot.scrapers.news.be:parse:33 | Parsing story from https://www.bailiwickexpress.com/community/highlands-college-to-host-peer-review-with-the-guernsey-institute-and-university-college-isle-of-man-further-education-partners/
06:43:34 | DEBUG   | aimbot.scrapers.news.be:parse:37 | Found headline: Highlands College to host peer review with The Guernsey Institute and University College Isle of Man further education partners
06:43:34 | DEBUG   | aimbot.scrapers.news.be:parse:42 | Extracted 9 paragraphs, total length: 1376 chars
06:43:34 | DEBUG   | aimbot.scrapers.news.be:parse:47 | Parsed date: 2026-03-09 00:00:00
06:43:34 | DEBUG   | aimbot.scrapers.news.be:parse:57 | Found author: Bailiwick Express
06:43:34 | DEBUG   | aimbot.scrapers.news.be:parse:62 | Found image URL: https://i0.wp.com/www.bailiwickexpress.com/wp-content/uploads/2025/05/Highlnads-scaled.jpg
06:43:34 | DEBUG   | aimbot.scrapers.news.be:parse:67 | Successfully parsed story: Highlands College to host peer review with The Guernsey Institute and University College Isle of Man further education partners
06:43:34 | DEBUG   | aimbot.scrapers.news.be:parse:33 | Parsing story from https://www.bailiwickexpress.com/community/say-yes-to-healthier-choices/
06:43:34 | DEBUG   | aimbot.scrapers.news.be:parse:37 | Found headline: Say YES to healthier choices
06:43:34 | DEBUG   | aimbot.scrapers.news.be:parse:42 | Extracted 18 paragraphs, total length: 2599 chars
06:43:34 | DEBUG   | aimbot.scrapers.news.be:parse:47 | Parsed date: 2026-02-25 00:00:00
06:43:34 | DEBUG   | aimbot.scrapers.news.be:parse:57 | Found author: Bailiwick Express Community
06:43:35 | DEBUG   | aimbot.scrapers.news.be:parse:62 | Found image URL: https://i0.wp.com/www.bailiwickexpress.com/wp-content/uploads/2026/02/5000128967273_YES-Wholemeal-Farmhouse-Loaf_35011-scaled.jpg
06:43:35 | DEBUG   | aimbot.scrapers.news.be:parse:67 | Successfully parsed story: Say YES to healthier choices
06:43:35 | DEBUG   | aimbot.scrapers.news.base:fetch_n_stories_for_section:86 | Successfully parsed 5 stories out of 5 responses
06:43:39 | DEBUG   | aimbot.scrapers.news.base:fetch_n_stories_for_section:78 | Fetched 5 responses
06:43:39 | DEBUG   | aimbot.scrapers.news.be:parse:33 | Parsing story from https://www.bailiwickexpress.com/business/highly-respected-operational-leader-at-jersey-water-shortlisted-for-award/
06:43:39 | DEBUG   | aimbot.scrapers.news.be:parse:37 | Found headline: “Highly respected” operational leader at Jersey Water shortlisted for award
06:43:39 | DEBUG   | aimbot.scrapers.news.be:parse:42 | Extracted 10 paragraphs, total length: 1749 chars
06:43:39 | DEBUG   | aimbot.scrapers.news.be:parse:47 | Parsed date: 2026-05-21 00:00:00
06:43:39 | DEBUG   | aimbot.scrapers.news.be:parse:57 | Found author: James Jeune
06:43:39 | DEBUG   | aimbot.scrapers.news.be:parse:62 | Found image URL: https://i0.wp.com/www.bailiwickexpress.com/wp-content/uploads/2026/05/Jeanette-Sheldon-scaled.jpg
06:43:39 | DEBUG   | aimbot.scrapers.news.be:parse:67 | Successfully parsed story: “Highly respected” operational leader at Jersey Water shortlisted for award
06:43:39 | DEBUG   | aimbot.scrapers.news.be:parse:33 | Parsing story from https://www.bailiwickexpress.com/business/polygon-pensions-acquired-by-bwci-group/
06:43:39 | DEBUG   | aimbot.scrapers.news.be:parse:37 | Found headline: Polygon Pensions acquired by BWCI Group
06:43:39 | DEBUG   | aimbot.scrapers.news.be:parse:42 | Extracted 13 paragraphs, total length: 2286 chars
06:43:39 | DEBUG   | aimbot.scrapers.news.be:parse:47 | Parsed date: 2026-05-20 00:00:00
06:43:39 | DEBUG   | aimbot.scrapers.news.be:parse:57 | Found author: James Jeune
06:43:39 | DEBUG   | aimbot.scrapers.news.be:parse:62 | Found image URL: https://i0.wp.com/www.bailiwickexpress.com/wp-content/uploads/2026/05/Stephen-Ainsworth-3-scaled.jpg
06:43:39 | DEBUG   | aimbot.scrapers.news.be:parse:67 | Successfully parsed story: Polygon Pensions acquired by BWCI Group
06:43:39 | DEBUG   | aimbot.scrapers.news.be:parse:33 | Parsing story from https://www.bailiwickexpress.com/business/trio-of-new-directors-announced-by-hawksford/
06:43:39 | DEBUG   | aimbot.scrapers.news.be:parse:37 | Found headline: Trio of new directors announced by Hawksford
06:43:39 | DEBUG   | aimbot.scrapers.news.be:parse:42 | Extracted 10 paragraphs, total length: 2072 chars
06:43:39 | DEBUG   | aimbot.scrapers.news.be:parse:47 | Parsed date: 2026-05-19 00:00:00
06:43:39 | DEBUG   | aimbot.scrapers.news.be:parse:57 | Found author: James Jeune
06:43:39 | DEBUG   | aimbot.scrapers.news.be:parse:62 | Found image URL: https://i0.wp.com/www.bailiwickexpress.com/wp-content/uploads/2026/05/collage-79-scaled.jpg
06:43:39 | DEBUG   | aimbot.scrapers.news.be:parse:67 | Successfully parsed story: Trio of new directors announced by Hawksford
06:43:39 | DEBUG   | aimbot.scrapers.news.be:parse:33 | Parsing story from https://www.bailiwickexpress.com/news/klms-new-jersey-route-opening-the-island-to-the-world/
06:43:39 | DEBUG   | aimbot.scrapers.news.be:parse:37 | Found headline: KLM’s New Jersey Route: Opening the Island to the World
06:43:39 | DEBUG   | aimbot.scrapers.news.be:parse:42 | Extracted 10 paragraphs, total length: 2370 chars
06:43:39 | DEBUG   | aimbot.scrapers.news.be:parse:47 | Parsed date: 2026-05-18 00:00:00
06:43:39 | DEBUG   | aimbot.scrapers.news.be:parse:57 | Found author: Bailiwick Express
06:43:39 | DEBUG   | aimbot.scrapers.news.be:parse:62 | Found image URL: https://i0.wp.com/www.bailiwickexpress.com/wp-content/uploads/2026/05/KLM-2-scaled.png
06:43:39 | DEBUG   | aimbot.scrapers.news.be:parse:67 | Successfully parsed story: KLM’s New Jersey Route: Opening the Island to the World
06:43:39 | DEBUG   | aimbot.scrapers.news.be:parse:33 | Parsing story from https://www.bailiwickexpress.com/sponsored-content/elaine-millar-candidate-for-senator-we-need-solutions-that-work-for-jersey-now/
06:43:39 | DEBUG   | aimbot.scrapers.news.be:parse:37 | Found headline: Elaine Millar, candidate for Senator: “We need solutions that work for Jersey now”
06:43:39 | DEBUG   | aimbot.scrapers.news.be:parse:42 | Extracted 12 paragraphs, total length: 2491 chars
06:43:39 | DEBUG   | aimbot.scrapers.news.be:parse:47 | Parsed date: 2026-05-18 00:00:00
06:43:39 | DEBUG   | aimbot.scrapers.news.be:parse:57 | Found author: Bailiwick Express
06:43:39 | DEBUG   | aimbot.scrapers.news.be:parse:62 | Found image URL: https://i0.wp.com/www.bailiwickexpress.com/wp-content/uploads/2026/05/260408millar3-1.jpg
06:43:39 | DEBUG   | aimbot.scrapers.news.be:parse:67 | Successfully parsed story: Elaine Millar, candidate for Senator: “We need solutions that work for Jersey now”
06:43:39 | DEBUG   | aimbot.scrapers.news.base:fetch_n_stories_for_section:86 | Successfully parsed 5 stories out of 5 responses
06:43:39 | DEBUG   | aimbot.scrapers.news.base:fetch_n_stories_for_section:78 | Fetched 5 responses
06:43:39 | DEBUG   | aimbot.scrapers.news.be:parse:33 | Parsing story from https://www.bailiwickexpress.com/news/who-did-business-leaders-name-as-their-top-senatorial-candidate/
06:43:39 | DEBUG   | aimbot.scrapers.news.be:parse:37 | Found headline: Who did business leaders name as their top Senatorial candidate?
06:43:39 | DEBUG   | aimbot.scrapers.news.be:parse:42 | Extracted 16 paragraphs, total length: 4547 chars
06:43:39 | DEBUG   | aimbot.scrapers.news.be:parse:47 | Parsed date: 2026-05-21 00:00:00
06:43:39 | DEBUG   | aimbot.scrapers.news.be:parse:57 | Found author: Tom Innes
06:43:39 | DEBUG   | aimbot.scrapers.news.be:parse:62 | Found image URL: https://i0.wp.com/www.bailiwickexpress.com/wp-content/uploads/2026/05/Senator-Candidates-Chamber.jpg
06:43:39 | DEBUG   | aimbot.scrapers.news.be:parse:67 | Successfully parsed story: Who did business leaders name as their top Senatorial candidate?
06:43:39 | DEBUG   | aimbot.scrapers.news.be:parse:33 | Parsing story from https://www.bailiwickexpress.com/news/%e2%ac%a5election-live-keep-the-current-or-back-to-the-future-with-st-brelades-constable/
06:43:39 | DEBUG   | aimbot.scrapers.news.be:parse:37 | Found headline: ⬥ELECTION LIVE: Keep the current or back to the future with St Brelade’s Constable?
06:43:39 | DEBUG   | aimbot.scrapers.news.be:parse:42 | Extracted 0 paragraphs, total length: 0 chars
06:43:40 | DEBUG   | aimbot.scrapers.news.be:parse:47 | Parsed date: 2026-05-21 00:00:00
06:43:40 | DEBUG   | aimbot.scrapers.news.be:parse:57 | Found author: James Jeune
06:43:40 | DEBUG   | aimbot.scrapers.news.be:parse:62 | Found image URL: https://i0.wp.com/www.bailiwickexpress.com/wp-content/uploads/2026/05/MOST-READ-2.jpg
06:43:40 | DEBUG   | aimbot.scrapers.news.be:parse:67 | Successfully parsed story: ⬥ELECTION LIVE: Keep the current or back to the future with St Brelade’s Constable?
06:43:40 | DEBUG   | aimbot.scrapers.news.be:parse:33 | Parsing story from https://www.bailiwickexpress.com/news/part-of-controversial-nude-dunes-site-advertised-for-rent/
06:43:40 | DEBUG   | aimbot.scrapers.news.be:parse:37 | Found headline: Part of controversial Nude Dunes site advertised for rent
06:43:40 | DEBUG   | aimbot.scrapers.news.be:parse:42 | Extracted 12 paragraphs, total length: 2025 chars
06:43:40 | DEBUG   | aimbot.scrapers.news.be:parse:47 | Parsed date: 2026-05-21 00:00:00
06:43:40 | DEBUG   | aimbot.scrapers.news.be:parse:57 | Found author: James Jeune
06:43:40 | DEBUG   | aimbot.scrapers.news.be:parse:62 | Found image URL: https://i0.wp.com/www.bailiwickexpress.com/wp-content/uploads/2026/05/Img38948375.jpg
06:43:40 | DEBUG   | aimbot.scrapers.news.be:parse:67 | Successfully parsed story: Part of controversial Nude Dunes site advertised for rent
06:43:40 | DEBUG   | aimbot.scrapers.news.be:parse:33 | Parsing story from https://www.bailiwickexpress.com/news/man-jailed-after-series-of-violent-incidents/
06:43:40 | DEBUG   | aimbot.scrapers.news.be:parse:37 | Found headline: Man jailed after “series of violent incidents”
06:43:40 | DEBUG   | aimbot.scrapers.news.be:parse:42 | Extracted 34 paragraphs, total length: 5175 chars
06:43:40 | DEBUG   | aimbot.scrapers.news.be:parse:47 | Parsed date: 2026-05-21 00:00:00
06:43:40 | DEBUG   | aimbot.scrapers.news.be:parse:57 | Found author: James Sharp
06:43:40 | DEBUG   | aimbot.scrapers.news.be:parse:62 | Found image URL: https://i0.wp.com/www.bailiwickexpress.com/wp-content/uploads/2026/05/christie-covers-36.png
06:43:40 | DEBUG   | aimbot.scrapers.news.be:parse:67 | Successfully parsed story: Man jailed after “series of violent incidents”
06:43:40 | DEBUG   | aimbot.scrapers.news.be:parse:33 | Parsing story from https://www.bailiwickexpress.com/news/aim-for-chronic-fatigue-and-fibromyalgia-support-group-after-express-story/
06:43:40 | DEBUG   | aimbot.scrapers.news.be:parse:37 | Found headline: Aim for chronic fatigue and fibromyalgia support group after Express story
06:43:40 | DEBUG   | aimbot.scrapers.news.be:parse:42 | Extracted 28 paragraphs, total length: 4776 chars
06:43:40 | DEBUG   | aimbot.scrapers.news.be:parse:47 | Parsed date: 2026-05-21 00:00:00
06:43:40 | DEBUG   | aimbot.scrapers.news.be:parse:57 | Found author: Julien Morel
06:43:40 | DEBUG   | aimbot.scrapers.news.be:parse:62 | Found image URL: https://i0.wp.com/www.bailiwickexpress.com/wp-content/uploads/2026/05/christie-covers-37.png
06:43:40 | DEBUG   | aimbot.scrapers.news.be:parse:67 | Successfully parsed story: Aim for chronic fatigue and fibromyalgia support group after Express story
06:43:40 | DEBUG   | aimbot.scrapers.news.base:fetch_n_stories_for_section:86 | Successfully parsed 5 stories out of 5 responses
06:43:41 | DEBUG   | aimbot.scrapers.news.base:fetch_n_stories_for_section:78 | Fetched 5 responses
06:43:41 | DEBUG   | aimbot.scrapers.news.be:parse:33 | Parsing story from https://www.bailiwickexpress.com/sport/supertri-returns-to-jersey-for-all-star-showdown/
06:43:41 | DEBUG   | aimbot.scrapers.news.be:parse:37 | Found headline: Supertri returns to Jersey for all-star showdown
06:43:41 | DEBUG   | aimbot.scrapers.news.be:parse:42 | Extracted 15 paragraphs, total length: 2566 chars
06:43:41 | DEBUG   | aimbot.scrapers.news.be:parse:47 | Parsed date: 2026-05-20 00:00:00
06:43:41 | DEBUG   | aimbot.scrapers.news.be:parse:57 | Found author: Elliot Corbel
06:43:41 | DEBUG   | aimbot.scrapers.news.be:parse:62 | Found image URL: https://i0.wp.com/www.bailiwickexpress.com/wp-content/uploads/2025/09/40973926-scaled-e1779271058304.jpg
06:43:41 | DEBUG   | aimbot.scrapers.news.be:parse:67 | Successfully parsed story: Supertri returns to Jersey for all-star showdown
06:43:41 | DEBUG   | aimbot.scrapers.news.be:parse:33 | Parsing story from https://www.bailiwickexpress.com/sport/listen-siam-success-muratti-heartbreak-rozel-silverware/
06:43:41 | DEBUG   | aimbot.scrapers.news.be:parse:37 | Found headline: LISTEN: Siam success, Muratti heartbreak & Rozel silverware
06:43:41 | DEBUG   | aimbot.scrapers.news.be:parse:42 | Extracted 12 paragraphs, total length: 2878 chars
06:43:41 | DEBUG   | aimbot.scrapers.news.be:parse:47 | Parsed date: 2026-05-19 00:00:00
06:43:41 | DEBUG   | aimbot.scrapers.news.be:parse:57 | Found author: Bailiwick Express
06:43:41 | DEBUG   | aimbot.scrapers.news.be:parse:62 | Found image URL: https://i0.wp.com/www.bailiwickexpress.com/wp-content/uploads/2026/05/Pod-artwork-refresh-2.jpg
06:43:41 | DEBUG   | aimbot.scrapers.news.be:parse:67 | Successfully parsed story: LISTEN: Siam success, Muratti heartbreak & Rozel silverware
06:43:41 | DEBUG   | aimbot.scrapers.news.be:parse:33 | Parsing story from https://www.bailiwickexpress.com/sport/super-saturday-delivers-sporting-action-across-channel-islands/
06:43:41 | DEBUG   | aimbot.scrapers.news.be:parse:37 | Found headline: Super Saturday delivers sporting action across Channel Islands
06:43:41 | DEBUG   | aimbot.scrapers.news.be:parse:42 | Extracted 13 paragraphs, total length: 1982 chars
06:43:41 | DEBUG   | aimbot.scrapers.news.be:parse:47 | Parsed date: 2026-05-18 00:00:00
06:43:41 | DEBUG   | aimbot.scrapers.news.be:parse:57 | Found author: Archie Corbett
06:43:41 | DEBUG   | aimbot.scrapers.news.be:parse:62 | Found image URL: https://i0.wp.com/www.bailiwickexpress.com/wp-content/uploads/2026/05/Trophy-lift-scaled.jpg
06:43:41 | DEBUG   | aimbot.scrapers.news.be:parse:67 | Successfully parsed story: Super Saturday delivers sporting action across Channel Islands
06:43:41 | DEBUG   | aimbot.scrapers.news.be:parse:33 | Parsing story from https://www.bailiwickexpress.com/news/focus-running-club-tackles-barriers-keeping-teen-girls-from-exercise/
06:43:41 | DEBUG   | aimbot.scrapers.news.be:parse:37 | Found headline: FOCUS: Running club tackles barriers keeping teen girls from exercise
06:43:41 | DEBUG   | aimbot.scrapers.news.be:parse:42 | Extracted 69 paragraphs, total length: 8156 chars
06:43:41 | DEBUG   | aimbot.scrapers.news.be:parse:47 | Parsed date: 2025-02-20 00:00:00
06:43:41 | DEBUG   | aimbot.scrapers.news.be:parse:57 | Found author: Jodie Yettram
06:43:41 | DEBUG   | aimbot.scrapers.news.be:parse:62 | Found image URL: https://i0.wp.com/www.bailiwickexpress.com/wp-content/uploads/2025/02/See-her-run.jpg
06:43:41 | DEBUG   | aimbot.scrapers.news.be:parse:67 | Successfully parsed story: FOCUS: Running club tackles barriers keeping teen girls from exercise
06:43:41 | DEBUG   | aimbot.scrapers.news.be:parse:33 | Parsing story from https://www.bailiwickexpress.com/sport/focus-surge-in-female-cricket-participation-as-new-programmes-launch/
06:43:41 | DEBUG   | aimbot.scrapers.news.be:parse:37 | Found headline: FOCUS: Surge in female cricket participation as new programmes launch
06:43:41 | DEBUG   | aimbot.scrapers.news.be:parse:42 | Extracted 37 paragraphs, total length: 4617 chars
06:43:41 | DEBUG   | aimbot.scrapers.news.be:parse:47 | Parsed date: 2025-02-17 00:00:00
06:43:41 | DEBUG   | aimbot.scrapers.news.be:parse:57 | Found author: Jodie Yettram
06:43:41 | DEBUG   | aimbot.scrapers.news.be:parse:62 | Found image URL: https://i0.wp.com/www.bailiwickexpress.com/wp-content/uploads/2025/02/Untitled-design-8-2.png
06:43:41 | DEBUG   | aimbot.scrapers.news.be:parse:67 | Successfully parsed story: FOCUS: Surge in female cricket participation as new programmes launch
06:43:41 | DEBUG   | aimbot.scrapers.news.base:fetch_n_stories_for_section:86 | Successfully parsed 5 stories out of 5 responses
06:43:41 | DEBUG   | aimbot.scrapers.news.base:fetch_n_stories_for_section:78 | Fetched 5 responses
06:43:41 | DEBUG   | aimbot.scrapers.news.be:parse:33 | Parsing story from https://www.bailiwickexpress.com/sport/listen-siam-success-muratti-heartbreak-rozel-silverware/
06:43:41 | DEBUG   | aimbot.scrapers.news.be:parse:37 | Found headline: LISTEN: Siam success, Muratti heartbreak & Rozel silverware
06:43:41 | DEBUG   | aimbot.scrapers.news.be:parse:42 | Extracted 12 paragraphs, total length: 2878 chars
06:43:41 | DEBUG   | aimbot.scrapers.news.be:parse:47 | Parsed date: 2026-05-19 00:00:00
06:43:41 | DEBUG   | aimbot.scrapers.news.be:parse:57 | Found author: Bailiwick Express
06:43:41 | DEBUG   | aimbot.scrapers.news.be:parse:62 | Found image URL: https://i0.wp.com/www.bailiwickexpress.com/wp-content/uploads/2026/05/Pod-artwork-refresh-2.jpg
06:43:41 | DEBUG   | aimbot.scrapers.news.be:parse:67 | Successfully parsed story: LISTEN: Siam success, Muratti heartbreak & Rozel silverware
06:43:41 | DEBUG   | aimbot.scrapers.news.be:parse:33 | Parsing story from https://www.bailiwickexpress.com/sport/the-cool-down-hockey-glory-bulls-double-push-and-bowls-success/
06:43:41 | DEBUG   | aimbot.scrapers.news.be:parse:37 | Found headline: The Cool Down: Hockey Glory, Bulls Double Push and Bowls Success
06:43:41 | DEBUG   | aimbot.scrapers.news.be:parse:42 | Extracted 8 paragraphs, total length: 2150 chars
06:43:41 | DEBUG   | aimbot.scrapers.news.be:parse:47 | Parsed date: 2026-04-14 00:00:00
06:43:41 | DEBUG   | aimbot.scrapers.news.be:parse:57 | Found author: Bailiwick Express
06:43:41 | DEBUG   | aimbot.scrapers.news.be:parse:62 | Found image URL: https://i0.wp.com/www.bailiwickexpress.com/wp-content/uploads/2026/04/Pod-artwork-refresh.jpg
06:43:41 | DEBUG   | aimbot.scrapers.news.be:parse:67 | Successfully parsed story: The Cool Down: Hockey Glory, Bulls Double Push and Bowls Success
06:43:41 | DEBUG   | aimbot.scrapers.news.be:parse:33 | Parsing story from https://www.bailiwickexpress.com/sport/the-warm-up-bulls-chase-play-offs-as-muratti-and-lords-trip-take-centre-stage/
06:43:41 | DEBUG   | aimbot.scrapers.news.be:parse:37 | Found headline: The Warm Up: Bulls chase play-offs as Muratti and Lord’s trip take centre stage
06:43:41 | DEBUG   | aimbot.scrapers.news.be:parse:42 | Extracted 8 paragraphs, total length: 1622 chars
06:43:41 | DEBUG   | aimbot.scrapers.news.be:parse:47 | Parsed date: 2026-04-17 00:00:00
06:43:41 | DEBUG   | aimbot.scrapers.news.be:parse:57 | Found author: Bailiwick Express
06:43:41 | DEBUG   | aimbot.scrapers.news.be:parse:62 | Found image URL: https://i0.wp.com/www.bailiwickexpress.com/wp-content/uploads/2026/04/WARM-UP-1.jpg
06:43:41 | DEBUG   | aimbot.scrapers.news.be:parse:67 | Successfully parsed story: The Warm Up: Bulls chase play-offs as Muratti and Lord’s trip take centre stage
06:43:41 | DEBUG   | aimbot.scrapers.news.be:parse:33 | Parsing story from https://www.bailiwickexpress.com/sport/the-cool-down-returns-as-island-sport-delivers-drama-across-the-board/
06:43:41 | DEBUG   | aimbot.scrapers.news.be:parse:37 | Found headline: The Cool Down returns as island sport delivers drama across the board
06:43:41 | DEBUG   | aimbot.scrapers.news.be:parse:42 | Extracted 10 paragraphs, total length: 2039 chars
06:43:41 | DEBUG   | aimbot.scrapers.news.be:parse:47 | Parsed date: 2026-02-17 00:00:00
06:43:41 | DEBUG   | aimbot.scrapers.news.be:parse:57 | Found author: Bailiwick Express
06:43:41 | DEBUG   | aimbot.scrapers.news.be:parse:62 | Found image URL: https://i0.wp.com/www.bailiwickexpress.com/wp-content/uploads/2026/02/Pod-artwork-refresh-1.jpg
06:43:41 | DEBUG   | aimbot.scrapers.news.be:parse:67 | Successfully parsed story: The Cool Down returns as island sport delivers drama across the board
06:43:41 | DEBUG   | aimbot.scrapers.news.be:parse:33 | Parsing story from https://www.bailiwickexpress.com/sport/the-warm-up-eyes-on-the-run-in-and-beyond/
06:43:41 | DEBUG   | aimbot.scrapers.news.be:parse:37 | Found headline: The Warm Up: Eyes on the Run-In and Beyond
06:43:41 | DEBUG   | aimbot.scrapers.news.be:parse:42 | Extracted 7 paragraphs, total length: 1515 chars
06:43:41 | DEBUG   | aimbot.scrapers.news.be:parse:47 | Parsed date: 2026-04-03 00:00:00
06:43:41 | DEBUG   | aimbot.scrapers.news.be:parse:57 | Found author: Bailiwick Express
06:43:41 | DEBUG   | aimbot.scrapers.news.be:parse:62 | Found image URL: https://i0.wp.com/www.bailiwickexpress.com/wp-content/uploads/2026/04/WARM-UP.jpg
06:43:41 | DEBUG   | aimbot.scrapers.news.be:parse:67 | Successfully parsed story: The Warm Up: Eyes on the Run-In and Beyond
06:43:41 | DEBUG   | aimbot.scrapers.news.base:fetch_n_stories_for_section:86 | Successfully parsed 5 stories out of 5 responses
06:43:41 | DEBUG   | aimbot.scrapers.news.base:fetch_n_stories_for_section:74 | fetch_n_stories_for_section called for section 'news' with limit 5
06:43:41 | DEBUG   | aimbot.scrapers.news.base:fetch_n_stories_for_section:74 | fetch_n_stories_for_section called for section 'business' with limit 5
06:43:41 | DEBUG   | aimbot.scrapers.news.base:fetch_n_stories_for_section:74 | fetch_n_stories_for_section called for section 'sport' with limit 5
06:43:41 | DEBUG   | aimbot.scrapers.news.base:fetch_n_stories_for_section:74 | fetch_n_stories_for_section called for section 'opinion' with limit 5
06:43:41 | DEBUG   | aimbot.scrapers.news.base:fetch_n_stories_for_section:74 | fetch_n_stories_for_section called for section 'community' with limit 5
06:43:41 | DEBUG   | aimbot.scrapers.news.base:fetch_n_stories_for_section:74 | fetch_n_stories_for_section called for section 'podcasts' with limit 5
06:43:43 | DEBUG   | aimbot.scrapers.news.base:fetch_n_stories_for_section:76 | Got 5 URLs to fetch
06:43:44 | DEBUG   | aimbot.scrapers.news.base:fetch_n_stories_for_section:76 | Got 5 URLs to fetch
06:43:44 | DEBUG   | aimbot.scrapers.news.base:fetch_n_stories_for_section:76 | Got 5 URLs to fetch
06:43:44 | DEBUG   | aimbot.scrapers.news.base:fetch_n_stories_for_section:76 | Got 5 URLs to fetch
06:43:44 | DEBUG   | aimbot.scrapers.news.base:fetch_n_stories_for_section:76 | Got 5 URLs to fetch
06:43:44 | DEBUG   | aimbot.scrapers.news.base:fetch_n_stories_for_section:76 | Got 5 URLs to fetch
06:43:47 | DEBUG   | aimbot.scrapers.news.base:fetch_n_stories_for_section:78 | Fetched 5 responses
06:43:47 | DEBUG   | aimbot.scrapers.news.base:fetch_n_stories_for_section:86 | Successfully parsed 5 stories out of 5 responses
06:43:53 | DEBUG   | aimbot.scrapers.news.base:fetch_n_stories_for_section:78 | Fetched 5 responses
06:43:53 | DEBUG   | aimbot.scrapers.news.base:fetch_n_stories_for_section:86 | Successfully parsed 5 stories out of 5 responses
06:43:53 | DEBUG   | aimbot.scrapers.news.base:fetch_n_stories_for_section:78 | Fetched 5 responses
06:43:54 | DEBUG   | aimbot.scrapers.news.base:fetch_n_stories_for_section:86 | Successfully parsed 5 stories out of 5 responses
06:43:55 | DEBUG   | aimbot.scrapers.news.base:fetch_n_stories_for_section:78 | Fetched 5 responses
06:43:55 | DEBUG   | aimbot.scrapers.news.base:fetch_n_stories_for_section:86 | Successfully parsed 5 stories out of 5 responses
06:43:55 | DEBUG   | aimbot.scrapers.news.base:fetch_n_stories_for_section:78 | Fetched 5 responses
06:43:55 | DEBUG   | aimbot.scrapers.news.base:fetch_n_stories_for_section:86 | Successfully parsed 5 stories out of 5 responses
06:43:55 | DEBUG   | aimbot.scrapers.news.base:fetch_n_stories_for_section:78 | Fetched 5 responses
06:43:55 | DEBUG   | aimbot.scrapers.news.base:fetch_n_stories_for_section:86 | Successfully parsed 5 stories out of 5 responses
06:43:55 | DEBUG   | aimbot.scrapers.news.base:fetch_n_stories_for_section:74 | fetch_n_stories_for_section called for section 'news' with limit 5
06:43:55 | DEBUG   | aimbot.scrapers.news.base:fetch_n_stories_for_section:74 | fetch_n_stories_for_section called for section 'premium' with limit 5
06:43:58 | DEBUG   | aimbot.scrapers.news.base:fetch_n_stories_for_section:76 | Got 10 URLs to fetch
06:43:58 | DEBUG   | aimbot.scrapers.news.base:fetch_n_stories_for_section:76 | Got 10 URLs to fetch
06:44:05 | DEBUG   | aimbot.scrapers.news.base:fetch_n_stories_for_section:78 | Fetched 10 responses
06:44:05 | DEBUG   | aimbot.scrapers.news.base:fetch_n_stories_for_section:86 | Successfully parsed 10 stories out of 10 responses
06:44:07 | DEBUG   | aimbot.scrapers.news.base:fetch_n_stories_for_section:78 | Fetched 10 responses
06:44:07 | DEBUG   | aimbot.scrapers.news.base:fetch_n_stories_for_section:86 | Successfully parsed 10 stories out of 10 responses
06:44:27 | ERROR   | aimbot.main:global_exception_handler:74 | Unhandled exception on GET /api/emails/be
Traceback (most recent call last):

  File "/home/pi/.local/share/uv/python/cpython-3.9.6-linux-aarch64-gnu/lib/python3.9/threading.py", line 930, in _bootstrap
    self._bootstrap_inner()
    │    └ <function Thread._bootstrap_inner at 0x7f81ba9790>
    └ <Thread(asyncio-portal-7f7e53a640, started daemon 547588989312)>
  File "/home/pi/.local/share/uv/python/cpython-3.9.6-linux-aarch64-gnu/lib/python3.9/threading.py", line 973, in _bootstrap_inner
    self.run()
    │    └ <function Thread.run at 0x7f81ba94c0>
    └ <Thread(asyncio-portal-7f7e53a640, started daemon 547588989312)>
  File "/home/pi/.local/share/uv/python/cpython-3.9.6-linux-aarch64-gnu/lib/python3.9/threading.py", line 910, in run
    self._target(*self._args, **self._kwargs)
    │    │        │    │        │    └ {}
    │    │        │    │        └ <Thread(asyncio-portal-7f7e53a640, started daemon 547588989312)>
    │    │        │    └ ()
    │    │        └ <Thread(asyncio-portal-7f7e53a640, started daemon 547588989312)>
    │    └ <function start_blocking_portal.<locals>.run_blocking_portal at 0x7f7ed95310>
    └ <Thread(asyncio-portal-7f7e53a640, started daemon 547588989312)>
  File "/home/pi/repo/aimbot/aimbot-backend/.venv/lib/python3.9/site-packages/anyio/from_thread.py", line 519, in run_blocking_portal
    run_eventloop(
    └ <function run at 0x7f81401a60>
  File "/home/pi/repo/aimbot/aimbot-backend/.venv/lib/python3.9/site-packages/anyio/_core/_eventloop.py", line 74, in run
    return async_backend.run(func, args, {}, backend_options)
           │             │   │     │         └ {}
           │             │   │     └ ()
           │             │   └ <function start_blocking_portal.<locals>.run_portal at 0x7f7ed95160>
           │             └ <classmethod object at 0x7f7e556ac0>
           └ <class 'anyio._backends._asyncio.AsyncIOBackend'>
  File "/home/pi/repo/aimbot/aimbot-backend/.venv/lib/python3.9/site-packages/anyio/_backends/_asyncio.py", line 2325, in run
    return runner.run(wrapper())
           │      │   └ <function start_blocking_portal.<locals>.run_portal at 0x7f7ed954c0>
           │      └ <function Runner.run at 0x7f7edc8c10>
           └ <anyio._backends._asyncio.Runner object at 0x7f7e53a430>
  File "/home/pi/repo/aimbot/aimbot-backend/.venv/lib/python3.9/site-packages/anyio/_backends/_asyncio.py", line 218, in run
    return self._loop.run_until_complete(task)
           │    │     │                  └ <Task pending name='anyio.from_thread.start_blocking_portal.<locals>.run_portal' coro=<start_blocking_portal.<locals>.run_por...
           │    │     └ <function BaseEventLoop.run_until_complete at 0x7f81260040>
           │    └ <_UnixSelectorEventLoop running=True closed=False debug=False>
           └ <anyio._backends._asyncio.Runner object at 0x7f7e53a430>
  File "/home/pi/.local/share/uv/python/cpython-3.9.6-linux-aarch64-gnu/lib/python3.9/asyncio/base_events.py", line 629, in run_until_complete
    self.run_forever()
    │    └ <function BaseEventLoop.run_forever at 0x7f8125df70>
    └ <_UnixSelectorEventLoop running=True closed=False debug=False>
  File "/home/pi/.local/share/uv/python/cpython-3.9.6-linux-aarch64-gnu/lib/python3.9/asyncio/base_events.py", line 596, in run_forever
    self._run_once()
    │    └ <function BaseEventLoop._run_once at 0x7f81262af0>
    └ <_UnixSelectorEventLoop running=True closed=False debug=False>
  File "/home/pi/.local/share/uv/python/cpython-3.9.6-linux-aarch64-gnu/lib/python3.9/asyncio/base_events.py", line 1890, in _run_once
    handle._run()
    │      └ <function Handle._run at 0x7f81293430>
    └ <Handle <TaskStepMethWrapper object at 0x7f7e5391c0>()>
  File "/home/pi/.local/share/uv/python/cpython-3.9.6-linux-aarch64-gnu/lib/python3.9/asyncio/events.py", line 80, in _run
    self._context.run(self._callback, *self._args)
    │    │            │    │           │    └ <member '_args' of 'Handle' objects>
    │    │            │    │           └ <Handle <TaskStepMethWrapper object at 0x7f7e5391c0>()>
    │    │            │    └ <member '_callback' of 'Handle' objects>
    │    │            └ <Handle <TaskStepMethWrapper object at 0x7f7e5391c0>()>
    │    └ <member '_context' of 'Handle' objects>
    └ <Handle <TaskStepMethWrapper object at 0x7f7e5391c0>()>
  File "/home/pi/repo/aimbot/aimbot-backend/.venv/lib/python3.9/site-packages/anyio/from_thread.py", line 252, in _call_func
    retval = await retval_or_awaitable
                   └ <coroutine object FastAPI.__call__ at 0x7f7edc6e40>
  File "/home/pi/repo/aimbot/aimbot-backend/.venv/lib/python3.9/site-packages/fastapi/applications.py", line 1134, in __call__
    await super().__call__(scope, receive, send)
                           │      │        └ <function _TestClientTransport.handle_request.<locals>.send at 0x7f7e56be50>
                           │      └ <function _TestClientTransport.handle_request.<locals>.receive at 0x7f7e56bee0>
                           └ {'type': 'http', 'http_version': '1.1', 'method': 'GET', 'path': '/api/emails/be', 'raw_path': b'/api/emails/be', 'root_path'...
  File "/home/pi/repo/aimbot/aimbot-backend/.venv/lib/python3.9/site-packages/starlette/applications.py", line 113, in __call__
    await self.middleware_stack(scope, receive, send)
          │    │                │      │        └ <function _TestClientTransport.handle_request.<locals>.send at 0x7f7e56be50>
          │    │                │      └ <function _TestClientTransport.handle_request.<locals>.receive at 0x7f7e56bee0>
          │    │                └ {'type': 'http', 'http_version': '1.1', 'method': 'GET', 'path': '/api/emails/be', 'raw_path': b'/api/emails/be', 'root_path'...
          │    └ <starlette.middleware.errors.ServerErrorMiddleware object at 0x7f7e54b370>
          └ <fastapi.applications.FastAPI object at 0x7f7ee9ecd0>
> File "/home/pi/repo/aimbot/aimbot-backend/.venv/lib/python3.9/site-packages/starlette/middleware/errors.py", line 164, in __call__
    await self.app(scope, receive, _send)
          │    │   │      │        └ <function ServerErrorMiddleware.__call__.<locals>._send at 0x7f7e50f700>
          │    │   │      └ <function _TestClientTransport.handle_request.<locals>.receive at 0x7f7e56bee0>
          │    │   └ {'type': 'http', 'http_version': '1.1', 'method': 'GET', 'path': '/api/emails/be', 'raw_path': b'/api/emails/be', 'root_path'...
          │    └ <starlette.middleware.cors.CORSMiddleware object at 0x7f7e556040>
          └ <starlette.middleware.errors.ServerErrorMiddleware object at 0x7f7e54b370>
  File "/home/pi/repo/aimbot/aimbot-backend/.venv/lib/python3.9/site-packages/starlette/middleware/cors.py", line 85, in __call__
    await self.app(scope, receive, send)
          │    │   │      │        └ <function ServerErrorMiddleware.__call__.<locals>._send at 0x7f7e50f700>
          │    │   │      └ <function _TestClientTransport.handle_request.<locals>.receive at 0x7f7e56bee0>
          │    │   └ {'type': 'http', 'http_version': '1.1', 'method': 'GET', 'path': '/api/emails/be', 'raw_path': b'/api/emails/be', 'root_path'...
          │    └ <starlette.middleware.exceptions.ExceptionMiddleware object at 0x7f7e556070>
          └ <starlette.middleware.cors.CORSMiddleware object at 0x7f7e556040>
  File "/home/pi/repo/aimbot/aimbot-backend/.venv/lib/python3.9/site-packages/starlette/middleware/exceptions.py", line 63, in __call__
    await wrap_app_handling_exceptions(self.app, conn)(scope, receive, send)
          │                            │    │    │     │      │        └ <function ServerErrorMiddleware.__call__.<locals>._send at 0x7f7e50f700>
          │                            │    │    │     │      └ <function _TestClientTransport.handle_request.<locals>.receive at 0x7f7e56bee0>
          │                            │    │    │     └ {'type': 'http', 'http_version': '1.1', 'method': 'GET', 'path': '/api/emails/be', 'raw_path': b'/api/emails/be', 'root_path'...
          │                            │    │    └ <starlette.requests.Request object at 0x7f7e5391f0>
          │                            │    └ <fastapi.middleware.asyncexitstack.AsyncExitStackMiddleware object at 0x7f7e5560d0>
          │                            └ <starlette.middleware.exceptions.ExceptionMiddleware object at 0x7f7e556070>
          └ <function wrap_app_handling_exceptions at 0x7f803cf040>
  File "/home/pi/repo/aimbot/aimbot-backend/.venv/lib/python3.9/site-packages/starlette/_exception_handler.py", line 53, in wrapped_app
    raise exc
  File "/home/pi/repo/aimbot/aimbot-backend/.venv/lib/python3.9/site-packages/starlette/_exception_handler.py", line 42, in wrapped_app
    await app(scope, receive, sender)
          │   │      │        └ <function wrap_app_handling_exceptions.<locals>.wrapped_app.<locals>.sender at 0x7f7e50f790>
          │   │      └ <function _TestClientTransport.handle_request.<locals>.receive at 0x7f7e56bee0>
          │   └ {'type': 'http', 'http_version': '1.1', 'method': 'GET', 'path': '/api/emails/be', 'raw_path': b'/api/emails/be', 'root_path'...
          └ <fastapi.middleware.asyncexitstack.AsyncExitStackMiddleware object at 0x7f7e5560d0>
  File "/home/pi/repo/aimbot/aimbot-backend/.venv/lib/python3.9/site-packages/fastapi/middleware/asyncexitstack.py", line 18, in __call__
    await self.app(scope, receive, send)
          │    │   │      │        └ <function wrap_app_handling_exceptions.<locals>.wrapped_app.<locals>.sender at 0x7f7e50f790>
          │    │   │      └ <function _TestClientTransport.handle_request.<locals>.receive at 0x7f7e56bee0>
          │    │   └ {'type': 'http', 'http_version': '1.1', 'method': 'GET', 'path': '/api/emails/be', 'raw_path': b'/api/emails/be', 'root_path'...
          │    └ <fastapi.routing.APIRouter object at 0x7f7eead130>
          └ <fastapi.middleware.asyncexitstack.AsyncExitStackMiddleware object at 0x7f7e5560d0>
  File "/home/pi/repo/aimbot/aimbot-backend/.venv/lib/python3.9/site-packages/starlette/routing.py", line 716, in __call__
    await self.middleware_stack(scope, receive, send)
          │    │                │      │        └ <function wrap_app_handling_exceptions.<locals>.wrapped_app.<locals>.sender at 0x7f7e50f790>
          │    │                │      └ <function _TestClientTransport.handle_request.<locals>.receive at 0x7f7e56bee0>
          │    │                └ {'type': 'http', 'http_version': '1.1', 'method': 'GET', 'path': '/api/emails/be', 'raw_path': b'/api/emails/be', 'root_path'...
          │    └ <bound method Router.app of <fastapi.routing.APIRouter object at 0x7f7eead130>>
          └ <fastapi.routing.APIRouter object at 0x7f7eead130>
  File "/home/pi/repo/aimbot/aimbot-backend/.venv/lib/python3.9/site-packages/starlette/routing.py", line 736, in app
    await route.handle(scope, receive, send)
          │     │      │      │        └ <function wrap_app_handling_exceptions.<locals>.wrapped_app.<locals>.sender at 0x7f7e50f790>
          │     │      │      └ <function _TestClientTransport.handle_request.<locals>.receive at 0x7f7e56bee0>
          │     │      └ {'type': 'http', 'http_version': '1.1', 'method': 'GET', 'path': '/api/emails/be', 'raw_path': b'/api/emails/be', 'root_path'...
          │     └ <function Route.handle at 0x7f803d75e0>
          └ APIRoute(path='/api/emails/{email_type}', name='fetch_email', methods=['GET'])
  File "/home/pi/repo/aimbot/aimbot-backend/.venv/lib/python3.9/site-packages/starlette/routing.py", line 290, in handle
    await self.app(scope, receive, send)
          │    │   │      │        └ <function wrap_app_handling_exceptions.<locals>.wrapped_app.<locals>.sender at 0x7f7e50f790>
          │    │   │      └ <function _TestClientTransport.handle_request.<locals>.receive at 0x7f7e56bee0>
          │    │   └ {'type': 'http', 'http_version': '1.1', 'method': 'GET', 'path': '/api/emails/be', 'raw_path': b'/api/emails/be', 'root_path'...
          │    └ <function request_response.<locals>.app at 0x7f7ee6b550>
          └ APIRoute(path='/api/emails/{email_type}', name='fetch_email', methods=['GET'])
  File "/home/pi/repo/aimbot/aimbot-backend/.venv/lib/python3.9/site-packages/fastapi/routing.py", line 125, in app
    await wrap_app_handling_exceptions(app, request)(scope, receive, send)
          │                            │    │        │      │        └ <function wrap_app_handling_exceptions.<locals>.wrapped_app.<locals>.sender at 0x7f7e50f790>
          │                            │    │        │      └ <function _TestClientTransport.handle_request.<locals>.receive at 0x7f7e56bee0>
          │                            │    │        └ {'type': 'http', 'http_version': '1.1', 'method': 'GET', 'path': '/api/emails/be', 'raw_path': b'/api/emails/be', 'root_path'...
          │                            │    └ <starlette.requests.Request object at 0x7f7e5393a0>
          │                            └ <function request_response.<locals>.app.<locals>.app at 0x7f7e50f820>
          └ <function wrap_app_handling_exceptions at 0x7f803cf040>
  File "/home/pi/repo/aimbot/aimbot-backend/.venv/lib/python3.9/site-packages/starlette/_exception_handler.py", line 53, in wrapped_app
    raise exc
  File "/home/pi/repo/aimbot/aimbot-backend/.venv/lib/python3.9/site-packages/starlette/_exception_handler.py", line 42, in wrapped_app
    await app(scope, receive, sender)
          │   │      │        └ <function wrap_app_handling_exceptions.<locals>.wrapped_app.<locals>.sender at 0x7f7e50f8b0>
          │   │      └ <function _TestClientTransport.handle_request.<locals>.receive at 0x7f7e56bee0>
          │   └ {'type': 'http', 'http_version': '1.1', 'method': 'GET', 'path': '/api/emails/be', 'raw_path': b'/api/emails/be', 'root_path'...
          └ <function request_response.<locals>.app.<locals>.app at 0x7f7e50f820>
  File "/home/pi/repo/aimbot/aimbot-backend/.venv/lib/python3.9/site-packages/fastapi/routing.py", line 111, in app
    response = await f(request)
                     │ └ <starlette.requests.Request object at 0x7f7e5393a0>
                     └ <function get_request_handler.<locals>.app at 0x7f7ee6b4c0>
  File "/home/pi/repo/aimbot/aimbot-backend/.venv/lib/python3.9/site-packages/fastapi/routing.py", line 391, in app
    raw_response = await run_endpoint_function(
                         └ <function run_endpoint_function at 0x7f803df310>
  File "/home/pi/repo/aimbot/aimbot-backend/.venv/lib/python3.9/site-packages/fastapi/routing.py", line 290, in run_endpoint_function
    return await dependant.call(**values)
                 │         │      └ {'email_type': <EmailType.BE: 'be'>}
                 │         └ <function fetch_email at 0x7f7eec5550>
                 └ Dependant(path_params=[ModelField(field_info=Path(PydanticUndefined), name='email_type', mode='validation')], query_params=[]...

  File "/home/pi/repo/aimbot/aimbot-backend/aimbot/main.py", line 174, in fetch_email
    results = await _gather_scraper_tasks(tasks)
                    │                     └ {'news_stories': <coroutine object BaseScraper.fetch_n_stories_for_section at 0x7f7e5767c0>, 'sports_stories': <coroutine obj...
                    └ <AsyncMock name='_gather_scraper_tasks' id='547580327392'>

  File "/home/pi/.local/share/uv/python/cpython-3.9.6-linux-aarch64-gnu/lib/python3.9/unittest/mock.py", line 2154, in _execute_mock_call
    raise effect
          └ RuntimeError('Something went terribly wrong')

RuntimeError: Something went terribly wrong
06:44:27 | ERROR   | aimbot.main:save_email:348 | Failed to save email for be
Traceback (most recent call last):

  File "/home/pi/.local/share/uv/python/cpython-3.9.6-linux-aarch64-gnu/lib/python3.9/threading.py", line 930, in _bootstrap
    self._bootstrap_inner()
    │    └ <function Thread._bootstrap_inner at 0x7f81ba9790>
    └ <Thread(asyncio-portal-7f7e32aaf0, started daemon 547588989312)>
  File "/home/pi/.local/share/uv/python/cpython-3.9.6-linux-aarch64-gnu/lib/python3.9/threading.py", line 973, in _bootstrap_inner
    self.run()
    │    └ <function Thread.run at 0x7f81ba94c0>
    └ <Thread(asyncio-portal-7f7e32aaf0, started daemon 547588989312)>
  File "/home/pi/.local/share/uv/python/cpython-3.9.6-linux-aarch64-gnu/lib/python3.9/threading.py", line 910, in run
    self._target(*self._args, **self._kwargs)
    │    │        │    │        │    └ {}
    │    │        │    │        └ <Thread(asyncio-portal-7f7e32aaf0, started daemon 547588989312)>
    │    │        │    └ ()
    │    │        └ <Thread(asyncio-portal-7f7e32aaf0, started daemon 547588989312)>
    │    └ <function start_blocking_portal.<locals>.run_blocking_portal at 0x7f7ed95160>
    └ <Thread(asyncio-portal-7f7e32aaf0, started daemon 547588989312)>
  File "/home/pi/repo/aimbot/aimbot-backend/.venv/lib/python3.9/site-packages/anyio/from_thread.py", line 519, in run_blocking_portal
    run_eventloop(
    └ <function run at 0x7f81401a60>
  File "/home/pi/repo/aimbot/aimbot-backend/.venv/lib/python3.9/site-packages/anyio/_core/_eventloop.py", line 74, in run
    return async_backend.run(func, args, {}, backend_options)
           │             │   │     │         └ {}
           │             │   │     └ ()
           │             │   └ <function start_blocking_portal.<locals>.run_portal at 0x7f7ed951f0>
           │             └ <classmethod object at 0x7f7e556ac0>
           └ <class 'anyio._backends._asyncio.AsyncIOBackend'>
  File "/home/pi/repo/aimbot/aimbot-backend/.venv/lib/python3.9/site-packages/anyio/_backends/_asyncio.py", line 2325, in run
    return runner.run(wrapper())
           │      │   └ <function start_blocking_portal.<locals>.run_portal at 0x7f7ed95310>
           │      └ <function Runner.run at 0x7f7edc8c10>
           └ <anyio._backends._asyncio.Runner object at 0x7f7e32a8e0>
  File "/home/pi/repo/aimbot/aimbot-backend/.venv/lib/python3.9/site-packages/anyio/_backends/_asyncio.py", line 218, in run
    return self._loop.run_until_complete(task)
           │    │     │                  └ <Task pending name='anyio.from_thread.start_blocking_portal.<locals>.run_portal' coro=<start_blocking_portal.<locals>.run_por...
           │    │     └ <function BaseEventLoop.run_until_complete at 0x7f81260040>
           │    └ <_UnixSelectorEventLoop running=True closed=False debug=False>
           └ <anyio._backends._asyncio.Runner object at 0x7f7e32a8e0>
  File "/home/pi/.local/share/uv/python/cpython-3.9.6-linux-aarch64-gnu/lib/python3.9/asyncio/base_events.py", line 629, in run_until_complete
    self.run_forever()
    │    └ <function BaseEventLoop.run_forever at 0x7f8125df70>
    └ <_UnixSelectorEventLoop running=True closed=False debug=False>
  File "/home/pi/.local/share/uv/python/cpython-3.9.6-linux-aarch64-gnu/lib/python3.9/asyncio/base_events.py", line 596, in run_forever
    self._run_once()
    │    └ <function BaseEventLoop._run_once at 0x7f81262af0>
    └ <_UnixSelectorEventLoop running=True closed=False debug=False>
  File "/home/pi/.local/share/uv/python/cpython-3.9.6-linux-aarch64-gnu/lib/python3.9/asyncio/base_events.py", line 1890, in _run_once
    handle._run()
    │      └ <function Handle._run at 0x7f81293430>
    └ <Handle <TaskStepMethWrapper object at 0x7f7e32e040>()>
  File "/home/pi/.local/share/uv/python/cpython-3.9.6-linux-aarch64-gnu/lib/python3.9/asyncio/events.py", line 80, in _run
    self._context.run(self._callback, *self._args)
    │    │            │    │           │    └ <member '_args' of 'Handle' objects>
    │    │            │    │           └ <Handle <TaskStepMethWrapper object at 0x7f7e32e040>()>
    │    │            │    └ <member '_callback' of 'Handle' objects>
    │    │            └ <Handle <TaskStepMethWrapper object at 0x7f7e32e040>()>
    │    └ <member '_context' of 'Handle' objects>
    └ <Handle <TaskStepMethWrapper object at 0x7f7e32e040>()>
  File "/home/pi/repo/aimbot/aimbot-backend/.venv/lib/python3.9/site-packages/anyio/from_thread.py", line 252, in _call_func
    retval = await retval_or_awaitable
                   └ <coroutine object FastAPI.__call__ at 0x7f7e576040>
  File "/home/pi/repo/aimbot/aimbot-backend/.venv/lib/python3.9/site-packages/fastapi/applications.py", line 1134, in __call__
    await super().__call__(scope, receive, send)
                           │      │        └ <function _TestClientTransport.handle_request.<locals>.send at 0x7f7e56bdc0>
                           │      └ <function _TestClientTransport.handle_request.<locals>.receive at 0x7f7e56bd30>
                           └ {'type': 'http', 'http_version': '1.1', 'method': 'POST', 'path': '/api/emails/be/save', 'raw_path': b'/api/emails/be/save', ...
  File "/home/pi/repo/aimbot/aimbot-backend/.venv/lib/python3.9/site-packages/starlette/applications.py", line 113, in __call__
    await self.middleware_stack(scope, receive, send)
          │    │                │      │        └ <function _TestClientTransport.handle_request.<locals>.send at 0x7f7e56bdc0>
          │    │                │      └ <function _TestClientTransport.handle_request.<locals>.receive at 0x7f7e56bd30>
          │    │                └ {'type': 'http', 'http_version': '1.1', 'method': 'POST', 'path': '/api/emails/be/save', 'raw_path': b'/api/emails/be/save', ...
          │    └ <starlette.middleware.errors.ServerErrorMiddleware object at 0x7f7e54b370>
          └ <fastapi.applications.FastAPI object at 0x7f7ee9ecd0>
  File "/home/pi/repo/aimbot/aimbot-backend/.venv/lib/python3.9/site-packages/starlette/middleware/errors.py", line 164, in __call__
    await self.app(scope, receive, _send)
          │    │   │      │        └ <function ServerErrorMiddleware.__call__.<locals>._send at 0x7f7e312e50>
          │    │   │      └ <function _TestClientTransport.handle_request.<locals>.receive at 0x7f7e56bd30>
          │    │   └ {'type': 'http', 'http_version': '1.1', 'method': 'POST', 'path': '/api/emails/be/save', 'raw_path': b'/api/emails/be/save', ...
          │    └ <starlette.middleware.cors.CORSMiddleware object at 0x7f7e556040>
          └ <starlette.middleware.errors.ServerErrorMiddleware object at 0x7f7e54b370>
  File "/home/pi/repo/aimbot/aimbot-backend/.venv/lib/python3.9/site-packages/starlette/middleware/cors.py", line 85, in __call__
    await self.app(scope, receive, send)
          │    │   │      │        └ <function ServerErrorMiddleware.__call__.<locals>._send at 0x7f7e312e50>
          │    │   │      └ <function _TestClientTransport.handle_request.<locals>.receive at 0x7f7e56bd30>
          │    │   └ {'type': 'http', 'http_version': '1.1', 'method': 'POST', 'path': '/api/emails/be/save', 'raw_path': b'/api/emails/be/save', ...
          │    └ <starlette.middleware.exceptions.ExceptionMiddleware object at 0x7f7e556070>
          └ <starlette.middleware.cors.CORSMiddleware object at 0x7f7e556040>
  File "/home/pi/repo/aimbot/aimbot-backend/.venv/lib/python3.9/site-packages/starlette/middleware/exceptions.py", line 63, in __call__
    await wrap_app_handling_exceptions(self.app, conn)(scope, receive, send)
          │                            │    │    │     │      │        └ <function ServerErrorMiddleware.__call__.<locals>._send at 0x7f7e312e50>
          │                            │    │    │     │      └ <function _TestClientTransport.handle_request.<locals>.receive at 0x7f7e56bd30>
          │                            │    │    │     └ {'type': 'http', 'http_version': '1.1', 'method': 'POST', 'path': '/api/emails/be/save', 'raw_path': b'/api/emails/be/save', ...
          │                            │    │    └ <starlette.requests.Request object at 0x7f7e32af10>
          │                            │    └ <fastapi.middleware.asyncexitstack.AsyncExitStackMiddleware object at 0x7f7e5560d0>
          │                            └ <starlette.middleware.exceptions.ExceptionMiddleware object at 0x7f7e556070>
          └ <function wrap_app_handling_exceptions at 0x7f803cf040>
  File "/home/pi/repo/aimbot/aimbot-backend/.venv/lib/python3.9/site-packages/starlette/_exception_handler.py", line 42, in wrapped_app
    await app(scope, receive, sender)
          │   │      │        └ <function wrap_app_handling_exceptions.<locals>.wrapped_app.<locals>.sender at 0x7f7e312dc0>
          │   │      └ <function _TestClientTransport.handle_request.<locals>.receive at 0x7f7e56bd30>
          │   └ {'type': 'http', 'http_version': '1.1', 'method': 'POST', 'path': '/api/emails/be/save', 'raw_path': b'/api/emails/be/save', ...
          └ <fastapi.middleware.asyncexitstack.AsyncExitStackMiddleware object at 0x7f7e5560d0>
  File "/home/pi/repo/aimbot/aimbot-backend/.venv/lib/python3.9/site-packages/fastapi/middleware/asyncexitstack.py", line 18, in __call__
    await self.app(scope, receive, send)
          │    │   │      │        └ <function wrap_app_handling_exceptions.<locals>.wrapped_app.<locals>.sender at 0x7f7e312dc0>
          │    │   │      └ <function _TestClientTransport.handle_request.<locals>.receive at 0x7f7e56bd30>
          │    │   └ {'type': 'http', 'http_version': '1.1', 'method': 'POST', 'path': '/api/emails/be/save', 'raw_path': b'/api/emails/be/save', ...
          │    └ <fastapi.routing.APIRouter object at 0x7f7eead130>
          └ <fastapi.middleware.asyncexitstack.AsyncExitStackMiddleware object at 0x7f7e5560d0>
  File "/home/pi/repo/aimbot/aimbot-backend/.venv/lib/python3.9/site-packages/starlette/routing.py", line 716, in __call__
    await self.middleware_stack(scope, receive, send)
          │    │                │      │        └ <function wrap_app_handling_exceptions.<locals>.wrapped_app.<locals>.sender at 0x7f7e312dc0>
          │    │                │      └ <function _TestClientTransport.handle_request.<locals>.receive at 0x7f7e56bd30>
          │    │                └ {'type': 'http', 'http_version': '1.1', 'method': 'POST', 'path': '/api/emails/be/save', 'raw_path': b'/api/emails/be/save', ...
          │    └ <bound method Router.app of <fastapi.routing.APIRouter object at 0x7f7eead130>>
          └ <fastapi.routing.APIRouter object at 0x7f7eead130>
  File "/home/pi/repo/aimbot/aimbot-backend/.venv/lib/python3.9/site-packages/starlette/routing.py", line 736, in app
    await route.handle(scope, receive, send)
          │     │      │      │        └ <function wrap_app_handling_exceptions.<locals>.wrapped_app.<locals>.sender at 0x7f7e312dc0>
          │     │      │      └ <function _TestClientTransport.handle_request.<locals>.receive at 0x7f7e56bd30>
          │     │      └ {'type': 'http', 'http_version': '1.1', 'method': 'POST', 'path': '/api/emails/be/save', 'raw_path': b'/api/emails/be/save', ...
          │     └ <function Route.handle at 0x7f803d75e0>
          └ APIRoute(path='/api/emails/{email_type}/save', name='save_email', methods=['POST'])
  File "/home/pi/repo/aimbot/aimbot-backend/.venv/lib/python3.9/site-packages/starlette/routing.py", line 290, in handle
    await self.app(scope, receive, send)
          │    │   │      │        └ <function wrap_app_handling_exceptions.<locals>.wrapped_app.<locals>.sender at 0x7f7e312dc0>
          │    │   │      └ <function _TestClientTransport.handle_request.<locals>.receive at 0x7f7e56bd30>
          │    │   └ {'type': 'http', 'http_version': '1.1', 'method': 'POST', 'path': '/api/emails/be/save', 'raw_path': b'/api/emails/be/save', ...
          │    └ <function request_response.<locals>.app at 0x7f7ee6be50>
          └ APIRoute(path='/api/emails/{email_type}/save', name='save_email', methods=['POST'])
  File "/home/pi/repo/aimbot/aimbot-backend/.venv/lib/python3.9/site-packages/fastapi/routing.py", line 125, in app
    await wrap_app_handling_exceptions(app, request)(scope, receive, send)
          │                            │    │        │      │        └ <function wrap_app_handling_exceptions.<locals>.wrapped_app.<locals>.sender at 0x7f7e312dc0>
          │                            │    │        │      └ <function _TestClientTransport.handle_request.<locals>.receive at 0x7f7e56bd30>
          │                            │    │        └ {'type': 'http', 'http_version': '1.1', 'method': 'POST', 'path': '/api/emails/be/save', 'raw_path': b'/api/emails/be/save', ...
          │                            │    └ <starlette.requests.Request object at 0x7f7e32e250>
          │                            └ <function request_response.<locals>.app.<locals>.app at 0x7f7e312ca0>
          └ <function wrap_app_handling_exceptions at 0x7f803cf040>
  File "/home/pi/repo/aimbot/aimbot-backend/.venv/lib/python3.9/site-packages/starlette/_exception_handler.py", line 42, in wrapped_app
    await app(scope, receive, sender)
          │   │      │        └ <function wrap_app_handling_exceptions.<locals>.wrapped_app.<locals>.sender at 0x7f7e312b80>
          │   │      └ <function _TestClientTransport.handle_request.<locals>.receive at 0x7f7e56bd30>
          │   └ {'type': 'http', 'http_version': '1.1', 'method': 'POST', 'path': '/api/emails/be/save', 'raw_path': b'/api/emails/be/save', ...
          └ <function request_response.<locals>.app.<locals>.app at 0x7f7e312ca0>
  File "/home/pi/repo/aimbot/aimbot-backend/.venv/lib/python3.9/site-packages/fastapi/routing.py", line 111, in app
    response = await f(request)
                     │ └ <starlette.requests.Request object at 0x7f7e32e250>
                     └ <function get_request_handler.<locals>.app at 0x7f7ee6bdc0>
  File "/home/pi/repo/aimbot/aimbot-backend/.venv/lib/python3.9/site-packages/fastapi/routing.py", line 391, in app
    raw_response = await run_endpoint_function(
                         └ <function run_endpoint_function at 0x7f803df310>
  File "/home/pi/repo/aimbot/aimbot-backend/.venv/lib/python3.9/site-packages/fastapi/routing.py", line 290, in run_endpoint_function
    return await dependant.call(**values)
                 │         │      └ {'email_type': <EmailType.BE: 'be'>, 'email_data': BEEmailData(date=1 June 2025, 0 news stories)}
                 │         └ <function save_email at 0x7f7eec5f70>
                 └ Dependant(path_params=[ModelField(field_info=Path(PydanticUndefined), name='email_type', mode='validation')], query_params=[]...

> File "/home/pi/repo/aimbot/aimbot-backend/aimbot/main.py", line 342, in save_email
    success = email_cache.save(email_type.value, email_data.model_dump())
              │           │    │          │      │          └ <function BaseModel.model_dump at 0x7f80832e50>
              │           │    │          │      └ BEEmailData(date=1 June 2025, 0 news stories)
              │           │    │          └ <types.DynamicClassAttribute object at 0x7f81de2340>
              │           │    └ <EmailType.BE: 'be'>
              │           └ <MagicMock name='save' id='547580257568'>
              └ <aimbot.cache.EmailCache object at 0x7f7eead4f0>

  File "/home/pi/.local/share/uv/python/cpython-3.9.6-linux-aarch64-gnu/lib/python3.9/unittest/mock.py", line 1093, in __call__
    return self._mock_call(*args, **kwargs)
           │    │           │       └ {}
           │    │           └ ('be', {'top_image': {'url': '', 'author': '', 'text': '', 'link': None, 'takeover': False}, 'tides': '', 'weather': '', 'dat...
           │    └ <function CallableMixin._mock_call at 0x7f81082af0>
           └ <MagicMock name='save' id='547580257568'>
  File "/home/pi/.local/share/uv/python/cpython-3.9.6-linux-aarch64-gnu/lib/python3.9/unittest/mock.py", line 1097, in _mock_call
    return self._execute_mock_call(*args, **kwargs)
           │    │                   │       └ {}
           │    │                   └ ('be', {'top_image': {'url': '', 'author': '', 'text': '', 'link': None, 'takeover': False}, 'tides': '', 'weather': '', 'dat...
           │    └ <function CallableMixin._execute_mock_call at 0x7f81082c10>
           └ <MagicMock name='save' id='547580257568'>
  File "/home/pi/.local/share/uv/python/cpython-3.9.6-linux-aarch64-gnu/lib/python3.9/unittest/mock.py", line 1152, in _execute_mock_call
    raise effect
          └ ValueError('Disk full')

ValueError: Disk full
06:44:27 | DEBUG   | aimbot.scrapers.news.base:fetch_n_stories_for_section:74 | fetch_n_stories_for_section called for section 'news' with limit 10
06:44:27 | DEBUG   | aimbot.scrapers.news.be:get_story_urls:81 | Fetching story URLs for section: news
06:44:27 | DEBUG   | aimbot.scrapers.news.be:get_story_urls:86 | Fetching homepage: https://www.bailiwickexpress.com/news/
06:44:27 | DEBUG   | aimbot.scrapers.news.base:fetch_n_stories_for_section:74 | fetch_n_stories_for_section called for section 'sport' with limit 2
06:44:27 | DEBUG   | aimbot.scrapers.news.be:get_story_urls:81 | Fetching story URLs for section: sport
06:44:27 | DEBUG   | aimbot.scrapers.news.be:get_story_urls:86 | Fetching homepage: https://www.bailiwickexpress.com/jsy-sport/
06:44:27 | DEBUG   | aimbot.scrapers.news.base:fetch_n_stories_for_section:74 | fetch_n_stories_for_section called for section 'business' with limit 2
06:44:27 | DEBUG   | aimbot.scrapers.news.be:get_story_urls:81 | Fetching story URLs for section: business
06:44:27 | DEBUG   | aimbot.scrapers.news.be:get_story_urls:86 | Fetching homepage: https://www.bailiwickexpress.com/jsy-business/
06:44:27 | DEBUG   | aimbot.scrapers.news.base:fetch_n_stories_for_section:74 | fetch_n_stories_for_section called for section 'opinion' with limit 2
06:44:27 | DEBUG   | aimbot.scrapers.news.be:get_story_urls:81 | Fetching story URLs for section: opinion
06:44:27 | DEBUG   | aimbot.scrapers.news.be:get_story_urls:86 | Fetching homepage: https://www.bailiwickexpress.com/opinion-jersey/
06:44:27 | DEBUG   | aimbot.scrapers.news.base:fetch_n_stories_for_section:74 | fetch_n_stories_for_section called for section 'community' with limit 2
06:44:27 | DEBUG   | aimbot.scrapers.news.be:get_story_urls:81 | Fetching story URLs for section: community
06:44:27 | DEBUG   | aimbot.scrapers.news.be:get_story_urls:86 | Fetching homepage: https://www.bailiwickexpress.com/jsy-community/
06:44:27 | DEBUG   | aimbot.scrapers.news.base:fetch_n_stories_for_section:74 | fetch_n_stories_for_section called for section 'podcasts' with limit 2
06:44:27 | DEBUG   | aimbot.scrapers.news.be:get_story_urls:81 | Fetching story URLs for section: podcasts
06:44:27 | DEBUG   | aimbot.scrapers.news.be:get_story_urls:86 | Fetching homepage: https://www.bailiwickexpress.com/jsy-radio-podcasts/
06:44:30 | DEBUG   | aimbot.scrapers.news.be:get_story_urls:90 | Found 16 articles on homepage
06:44:30 | DEBUG   | aimbot.scrapers.news.be:get_story_urls:98 | Extracted 2 unique story URLs
06:44:30 | DEBUG   | aimbot.scrapers.news.base:fetch_n_stories_for_section:76 | Got 2 URLs to fetch
06:44:30 | DEBUG   | aimbot.scrapers.news.be:get_story_urls:90 | Found 20 articles on homepage
06:44:30 | DEBUG   | aimbot.scrapers.news.be:get_story_urls:98 | Extracted 2 unique story URLs
06:44:30 | DEBUG   | aimbot.scrapers.news.base:fetch_n_stories_for_section:76 | Got 2 URLs to fetch
06:44:30 | DEBUG   | aimbot.scrapers.news.be:get_story_urls:90 | Found 16 articles on homepage
06:44:30 | DEBUG   | aimbot.scrapers.news.be:get_story_urls:98 | Extracted 2 unique story URLs
06:44:30 | DEBUG   | aimbot.scrapers.news.base:fetch_n_stories_for_section:76 | Got 2 URLs to fetch
06:44:30 | DEBUG   | aimbot.scrapers.news.be:get_story_urls:90 | Found 33 articles on homepage
06:44:30 | DEBUG   | aimbot.scrapers.news.be:get_story_urls:98 | Extracted 10 unique story URLs
06:44:30 | DEBUG   | aimbot.scrapers.news.base:fetch_n_stories_for_section:76 | Got 10 URLs to fetch
06:44:30 | DEBUG   | aimbot.scrapers.news.be:get_story_urls:90 | Found 16 articles on homepage
06:44:30 | DEBUG   | aimbot.scrapers.news.be:get_story_urls:98 | Extracted 2 unique story URLs
06:44:30 | DEBUG   | aimbot.scrapers.news.base:fetch_n_stories_for_section:76 | Got 2 URLs to fetch
06:44:32 | DEBUG   | aimbot.scrapers.news.be:get_story_urls:90 | Found 71 articles on homepage
06:44:32 | DEBUG   | aimbot.scrapers.news.be:get_story_urls:98 | Extracted 2 unique story URLs
06:44:32 | DEBUG   | aimbot.scrapers.news.base:fetch_n_stories_for_section:76 | Got 2 URLs to fetch
06:44:32 | DEBUG   | aimbot.scrapers.news.base:fetch_n_stories_for_section:78 | Fetched 2 responses
06:44:32 | DEBUG   | aimbot.scrapers.news.be:parse:33 | Parsing story from https://www.bailiwickexpress.com/sport/supertri-returns-to-jersey-for-all-star-showdown/
06:44:32 | DEBUG   | aimbot.scrapers.news.be:parse:37 | Found headline: Supertri returns to Jersey for all-star showdown
06:44:32 | DEBUG   | aimbot.scrapers.news.be:parse:42 | Extracted 15 paragraphs, total length: 2566 chars
06:44:32 | DEBUG   | aimbot.scrapers.news.be:parse:47 | Parsed date: 2026-05-20 00:00:00
06:44:32 | DEBUG   | aimbot.scrapers.news.be:parse:57 | Found author: Elliot Corbel
06:44:32 | DEBUG   | aimbot.scrapers.news.be:parse:62 | Found image URL: https://i0.wp.com/www.bailiwickexpress.com/wp-content/uploads/2025/09/40973926-scaled-e1779271058304.jpg
06:44:32 | DEBUG   | aimbot.scrapers.news.be:parse:67 | Successfully parsed story: Supertri returns to Jersey for all-star showdown
06:44:32 | DEBUG   | aimbot.scrapers.news.be:parse:33 | Parsing story from https://www.bailiwickexpress.com/sport/listen-siam-success-muratti-heartbreak-rozel-silverware/
06:44:32 | DEBUG   | aimbot.scrapers.news.be:parse:37 | Found headline: LISTEN: Siam success, Muratti heartbreak & Rozel silverware
06:44:32 | DEBUG   | aimbot.scrapers.news.be:parse:42 | Extracted 12 paragraphs, total length: 2878 chars
06:44:32 | DEBUG   | aimbot.scrapers.news.be:parse:47 | Parsed date: 2026-05-19 00:00:00
06:44:32 | DEBUG   | aimbot.scrapers.news.be:parse:57 | Found author: Bailiwick Express
06:44:32 | DEBUG   | aimbot.scrapers.news.be:parse:62 | Found image URL: https://i0.wp.com/www.bailiwickexpress.com/wp-content/uploads/2026/05/Pod-artwork-refresh-2.jpg
06:44:32 | DEBUG   | aimbot.scrapers.news.be:parse:67 | Successfully parsed story: LISTEN: Siam success, Muratti heartbreak & Rozel silverware
06:44:32 | DEBUG   | aimbot.scrapers.news.base:fetch_n_stories_for_section:86 | Successfully parsed 2 stories out of 2 responses
06:44:32 | DEBUG   | aimbot.scrapers.news.base:fetch_n_stories_for_section:78 | Fetched 2 responses
06:44:32 | DEBUG   | aimbot.scrapers.news.be:parse:33 | Parsing story from https://www.bailiwickexpress.com/community/hotel-group-gives-dementia-charity-20k-boost/
06:44:32 | DEBUG   | aimbot.scrapers.news.be:parse:37 | Found headline: Hotel group gives dementia charity £20k boost
06:44:32 | DEBUG   | aimbot.scrapers.news.be:parse:42 | Extracted 7 paragraphs, total length: 1471 chars
06:44:32 | DEBUG   | aimbot.scrapers.news.be:parse:47 | Parsed date: 2026-05-12 00:00:00
06:44:32 | DEBUG   | aimbot.scrapers.news.be:parse:57 | Found author: Bailiwick Express Community
06:44:32 | DEBUG   | aimbot.scrapers.news.be:parse:62 | Found image URL: https://i0.wp.com/www.bailiwickexpress.com/wp-content/uploads/2026/05/Dementia-Jersey-team-shot-scaled.jpeg
06:44:32 | DEBUG   | aimbot.scrapers.news.be:parse:67 | Successfully parsed story: Hotel group gives dementia charity £20k boost
06:44:32 | DEBUG   | aimbot.scrapers.news.be:parse:33 | Parsing story from https://www.bailiwickexpress.com/community/jersey-schools-snorkel-trail-education-programme-reaches-over-1500-pupils/
06:44:32 | DEBUG   | aimbot.scrapers.news.be:parse:37 | Found headline: Jersey schools snorkel trail education programme reaches over 1,500 pupils
06:44:32 | DEBUG   | aimbot.scrapers.news.be:parse:42 | Extracted 6 paragraphs, total length: 2285 chars
06:44:32 | DEBUG   | aimbot.scrapers.news.be:parse:47 | Parsed date: 2026-04-23 00:00:00
06:44:32 | DEBUG   | aimbot.scrapers.news.be:parse:57 | Found author: Bailiwick Express Community
06:44:32 | DEBUG   | aimbot.scrapers.news.be:parse:62 | Found image URL: https://i0.wp.com/www.bailiwickexpress.com/wp-content/uploads/2026/04/Mourant-Blue-Marine-Snorkel-Donation-3-scaled.jpg
06:44:32 | DEBUG   | aimbot.scrapers.news.be:parse:67 | Successfully parsed story: Jersey schools snorkel trail education programme reaches over 1,500 pupils
06:44:32 | DEBUG   | aimbot.scrapers.news.base:fetch_n_stories_for_section:86 | Successfully parsed 2 stories out of 2 responses
06:44:32 | DEBUG   | aimbot.scrapers.news.base:fetch_n_stories_for_section:78 | Fetched 2 responses
06:44:32 | DEBUG   | aimbot.scrapers.news.be:parse:33 | Parsing story from https://www.bailiwickexpress.com/opinion/open-letter-your-conclusions-overstate-both-the-risks-facing-jersey-and-the-shortcomings-of-current-preparedness/
06:44:32 | DEBUG   | aimbot.scrapers.news.be:parse:37 | Found headline: OPEN LETTER: “Your conclusions overstate both the risks facing Jersey and the shortcomings of current preparedness”
06:44:32 | DEBUG   | aimbot.scrapers.news.be:parse:42 | Extracted 19 paragraphs, total length: 4487 chars
06:44:32 | DEBUG   | aimbot.scrapers.news.be:parse:47 | Parsed date: 2026-04-02 00:00:00
06:44:32 | DEBUG   | aimbot.scrapers.news.be:parse:57 | Found author: Bailiwick Express News Team
06:44:32 | DEBUG   | aimbot.scrapers.news.be:parse:62 | Found image URL: https://i0.wp.com/www.bailiwickexpress.com/wp-content/uploads/2026/04/christie-covers-17.png
06:44:32 | DEBUG   | aimbot.scrapers.news.be:parse:67 | Successfully parsed story: OPEN LETTER: “Your conclusions overstate both the risks facing Jersey and the shortcomings of current preparedness”
06:44:32 | DEBUG   | aimbot.scrapers.news.be:parse:33 | Parsing story from https://www.bailiwickexpress.com/opinion/open-letter-go-the-extra-mile-now-to-ensure-the-safety-of-the-island/
06:44:32 | DEBUG   | aimbot.scrapers.news.be:parse:37 | Found headline: OPEN LETTER: “Go the extra mile now to ensure the safety of the island”
06:44:32 | DEBUG   | aimbot.scrapers.news.be:parse:42 | Extracted 10 paragraphs, total length: 2870 chars
06:44:32 | DEBUG   | aimbot.scrapers.news.be:parse:47 | Parsed date: 2026-03-30 00:00:00
06:44:32 | DEBUG   | aimbot.scrapers.news.be:parse:57 | Found author: Christie Bailey
06:44:32 | DEBUG   | aimbot.scrapers.news.be:parse:62 | Found image URL: https://i0.wp.com/www.bailiwickexpress.com/wp-content/uploads/2026/03/Screenshot-2026-03-30-at-12.14.38.png
06:44:32 | DEBUG   | aimbot.scrapers.news.be:parse:67 | Successfully parsed story: OPEN LETTER: “Go the extra mile now to ensure the safety of the island”
06:44:32 | DEBUG   | aimbot.scrapers.news.base:fetch_n_stories_for_section:86 | Successfully parsed 2 stories out of 2 responses
06:44:36 | DEBUG   | aimbot.scrapers.news.base:fetch_n_stories_for_section:78 | Fetched 2 responses
06:44:36 | DEBUG   | aimbot.scrapers.news.be:parse:33 | Parsing story from https://www.bailiwickexpress.com/business/highly-respected-operational-leader-at-jersey-water-shortlisted-for-award/
06:44:36 | DEBUG   | aimbot.scrapers.news.be:parse:37 | Found headline: “Highly respected” operational leader at Jersey Water shortlisted for award
06:44:36 | DEBUG   | aimbot.scrapers.news.be:parse:42 | Extracted 10 paragraphs, total length: 1749 chars
06:44:36 | DEBUG   | aimbot.scrapers.news.be:parse:47 | Parsed date: 2026-05-21 00:00:00
06:44:36 | DEBUG   | aimbot.scrapers.news.be:parse:57 | Found author: James Jeune
06:44:36 | DEBUG   | aimbot.scrapers.news.be:parse:62 | Found image URL: https://i0.wp.com/www.bailiwickexpress.com/wp-content/uploads/2026/05/Jeanette-Sheldon-scaled.jpg
06:44:36 | DEBUG   | aimbot.scrapers.news.be:parse:67 | Successfully parsed story: “Highly respected” operational leader at Jersey Water shortlisted for award
06:44:36 | DEBUG   | aimbot.scrapers.news.be:parse:33 | Parsing story from https://www.bailiwickexpress.com/business/polygon-pensions-acquired-by-bwci-group/
06:44:36 | DEBUG   | aimbot.scrapers.news.be:parse:37 | Found headline: Polygon Pensions acquired by BWCI Group
06:44:36 | DEBUG   | aimbot.scrapers.news.be:parse:42 | Extracted 13 paragraphs, total length: 2286 chars
06:44:36 | DEBUG   | aimbot.scrapers.news.be:parse:47 | Parsed date: 2026-05-20 00:00:00
06:44:36 | DEBUG   | aimbot.scrapers.news.be:parse:57 | Found author: James Jeune
06:44:36 | DEBUG   | aimbot.scrapers.news.be:parse:62 | Found image URL: https://i0.wp.com/www.bailiwickexpress.com/wp-content/uploads/2026/05/Stephen-Ainsworth-3-scaled.jpg
06:44:36 | DEBUG   | aimbot.scrapers.news.be:parse:67 | Successfully parsed story: Polygon Pensions acquired by BWCI Group
06:44:36 | DEBUG   | aimbot.scrapers.news.base:fetch_n_stories_for_section:86 | Successfully parsed 2 stories out of 2 responses
06:44:36 | DEBUG   | aimbot.scrapers.news.base:fetch_n_stories_for_section:78 | Fetched 2 responses
06:44:36 | DEBUG   | aimbot.scrapers.news.be:parse:33 | Parsing story from https://www.bailiwickexpress.com/sport/listen-siam-success-muratti-heartbreak-rozel-silverware/
06:44:36 | DEBUG   | aimbot.scrapers.news.be:parse:37 | Found headline: LISTEN: Siam success, Muratti heartbreak & Rozel silverware
06:44:36 | DEBUG   | aimbot.scrapers.news.be:parse:42 | Extracted 12 paragraphs, total length: 2878 chars
06:44:36 | DEBUG   | aimbot.scrapers.news.be:parse:47 | Parsed date: 2026-05-19 00:00:00
06:44:36 | DEBUG   | aimbot.scrapers.news.be:parse:57 | Found author: Bailiwick Express
06:44:36 | DEBUG   | aimbot.scrapers.news.be:parse:62 | Found image URL: https://i0.wp.com/www.bailiwickexpress.com/wp-content/uploads/2026/05/Pod-artwork-refresh-2.jpg
06:44:36 | DEBUG   | aimbot.scrapers.news.be:parse:67 | Successfully parsed story: LISTEN: Siam success, Muratti heartbreak & Rozel silverware
06:44:36 | DEBUG   | aimbot.scrapers.news.be:parse:33 | Parsing story from https://www.bailiwickexpress.com/sport/the-cool-down-hockey-glory-bulls-double-push-and-bowls-success/
06:44:36 | DEBUG   | aimbot.scrapers.news.be:parse:37 | Found headline: The Cool Down: Hockey Glory, Bulls Double Push and Bowls Success
06:44:36 | DEBUG   | aimbot.scrapers.news.be:parse:42 | Extracted 8 paragraphs, total length: 2150 chars
06:44:36 | DEBUG   | aimbot.scrapers.news.be:parse:47 | Parsed date: 2026-04-14 00:00:00
06:44:36 | DEBUG   | aimbot.scrapers.news.be:parse:57 | Found author: Bailiwick Express
06:44:36 | DEBUG   | aimbot.scrapers.news.be:parse:62 | Found image URL: https://i0.wp.com/www.bailiwickexpress.com/wp-content/uploads/2026/04/Pod-artwork-refresh.jpg
06:44:36 | DEBUG   | aimbot.scrapers.news.be:parse:67 | Successfully parsed story: The Cool Down: Hockey Glory, Bulls Double Push and Bowls Success
06:44:36 | DEBUG   | aimbot.scrapers.news.base:fetch_n_stories_for_section:86 | Successfully parsed 2 stories out of 2 responses
06:44:37 | DEBUG   | aimbot.scrapers.news.base:fetch_n_stories_for_section:78 | Fetched 10 responses
06:44:37 | DEBUG   | aimbot.scrapers.news.be:parse:33 | Parsing story from https://www.bailiwickexpress.com/news/who-did-business-leaders-name-as-their-top-senatorial-candidate/
06:44:37 | DEBUG   | aimbot.scrapers.news.be:parse:37 | Found headline: Who did business leaders name as their top Senatorial candidate?
06:44:37 | DEBUG   | aimbot.scrapers.news.be:parse:42 | Extracted 16 paragraphs, total length: 4547 chars
06:44:37 | DEBUG   | aimbot.scrapers.news.be:parse:47 | Parsed date: 2026-05-21 00:00:00
06:44:37 | DEBUG   | aimbot.scrapers.news.be:parse:57 | Found author: Tom Innes
06:44:37 | DEBUG   | aimbot.scrapers.news.be:parse:62 | Found image URL: https://i0.wp.com/www.bailiwickexpress.com/wp-content/uploads/2026/05/Senator-Candidates-Chamber.jpg
06:44:37 | DEBUG   | aimbot.scrapers.news.be:parse:67 | Successfully parsed story: Who did business leaders name as their top Senatorial candidate?
06:44:37 | DEBUG   | aimbot.scrapers.news.be:parse:33 | Parsing story from https://www.bailiwickexpress.com/news/%e2%ac%a5election-live-keep-the-current-or-back-to-the-future-with-st-brelades-constable/
06:44:37 | DEBUG   | aimbot.scrapers.news.be:parse:37 | Found headline: ⬥ELECTION LIVE: Keep the current or back to the future with St Brelade’s Constable?
06:44:37 | DEBUG   | aimbot.scrapers.news.be:parse:42 | Extracted 0 paragraphs, total length: 0 chars
06:44:37 | DEBUG   | aimbot.scrapers.news.be:parse:47 | Parsed date: 2026-05-21 00:00:00
06:44:37 | DEBUG   | aimbot.scrapers.news.be:parse:57 | Found author: James Jeune
06:44:37 | DEBUG   | aimbot.scrapers.news.be:parse:62 | Found image URL: https://i0.wp.com/www.bailiwickexpress.com/wp-content/uploads/2026/05/MOST-READ-2.jpg
06:44:37 | DEBUG   | aimbot.scrapers.news.be:parse:67 | Successfully parsed story: ⬥ELECTION LIVE: Keep the current or back to the future with St Brelade’s Constable?
06:44:37 | DEBUG   | aimbot.scrapers.news.be:parse:33 | Parsing story from https://www.bailiwickexpress.com/news/part-of-controversial-nude-dunes-site-advertised-for-rent/
06:44:37 | DEBUG   | aimbot.scrapers.news.be:parse:37 | Found headline: Part of controversial Nude Dunes site advertised for rent
06:44:37 | DEBUG   | aimbot.scrapers.news.be:parse:42 | Extracted 12 paragraphs, total length: 2025 chars
06:44:37 | DEBUG   | aimbot.scrapers.news.be:parse:47 | Parsed date: 2026-05-21 00:00:00
06:44:37 | DEBUG   | aimbot.scrapers.news.be:parse:57 | Found author: James Jeune
06:44:37 | DEBUG   | aimbot.scrapers.news.be:parse:62 | Found image URL: https://i0.wp.com/www.bailiwickexpress.com/wp-content/uploads/2026/05/Img38948375.jpg
06:44:37 | DEBUG   | aimbot.scrapers.news.be:parse:67 | Successfully parsed story: Part of controversial Nude Dunes site advertised for rent
06:44:37 | DEBUG   | aimbot.scrapers.news.be:parse:33 | Parsing story from https://www.bailiwickexpress.com/news/man-jailed-after-series-of-violent-incidents/
06:44:37 | DEBUG   | aimbot.scrapers.news.be:parse:37 | Found headline: Man jailed after “series of violent incidents”
06:44:37 | DEBUG   | aimbot.scrapers.news.be:parse:42 | Extracted 34 paragraphs, total length: 5175 chars
06:44:37 | DEBUG   | aimbot.scrapers.news.be:parse:47 | Parsed date: 2026-05-21 00:00:00
06:44:37 | DEBUG   | aimbot.scrapers.news.be:parse:57 | Found author: James Sharp
06:44:37 | DEBUG   | aimbot.scrapers.news.be:parse:62 | Found image URL: https://i0.wp.com/www.bailiwickexpress.com/wp-content/uploads/2026/05/christie-covers-36.png
06:44:37 | DEBUG   | aimbot.scrapers.news.be:parse:67 | Successfully parsed story: Man jailed after “series of violent incidents”
06:44:37 | DEBUG   | aimbot.scrapers.news.be:parse:33 | Parsing story from https://www.bailiwickexpress.com/news/aim-for-chronic-fatigue-and-fibromyalgia-support-group-after-express-story/
06:44:37 | DEBUG   | aimbot.scrapers.news.be:parse:37 | Found headline: Aim for chronic fatigue and fibromyalgia support group after Express story
06:44:37 | DEBUG   | aimbot.scrapers.news.be:parse:42 | Extracted 28 paragraphs, total length: 4776 chars
06:44:37 | DEBUG   | aimbot.scrapers.news.be:parse:47 | Parsed date: 2026-05-21 00:00:00
06:44:38 | DEBUG   | aimbot.scrapers.news.be:parse:57 | Found author: Julien Morel
06:44:38 | DEBUG   | aimbot.scrapers.news.be:parse:62 | Found image URL: https://i0.wp.com/www.bailiwickexpress.com/wp-content/uploads/2026/05/christie-covers-37.png
06:44:38 | DEBUG   | aimbot.scrapers.news.be:parse:67 | Successfully parsed story: Aim for chronic fatigue and fibromyalgia support group after Express story
06:44:38 | DEBUG   | aimbot.scrapers.news.be:parse:33 | Parsing story from https://www.bailiwickexpress.com/news/focus-who-is-standing-for-deputy-in-st-john-st-lawrence-and-trinity/
06:44:38 | DEBUG   | aimbot.scrapers.news.be:parse:37 | Found headline: FOCUS: Who is standing for Deputy in St John, St Lawrence and Trinity?
06:44:38 | DEBUG   | aimbot.scrapers.news.be:parse:42 | Extracted 33 paragraphs, total length: 5057 chars
06:44:38 | DEBUG   | aimbot.scrapers.news.be:parse:47 | Parsed date: 2026-05-21 00:00:00
06:44:38 | DEBUG   | aimbot.scrapers.news.be:parse:57 | Found author: Antonia Rubio
06:44:38 | DEBUG   | aimbot.scrapers.news.be:parse:62 | Found image URL: https://i0.wp.com/www.bailiwickexpress.com/wp-content/uploads/2026/05/Antonia-Covers-36.jpg
06:44:38 | DEBUG   | aimbot.scrapers.news.be:parse:67 | Successfully parsed story: FOCUS: Who is standing for Deputy in St John, St Lawrence and Trinity?
06:44:38 | DEBUG   | aimbot.scrapers.news.be:parse:33 | Parsing story from https://www.bailiwickexpress.com/news/witnesses-sought-after-window-shattered-at-town-barber-shop/
06:44:38 | DEBUG   | aimbot.scrapers.news.be:parse:37 | Found headline: Witnesses sought after window shattered at town barber shop
06:44:38 | DEBUG   | aimbot.scrapers.news.be:parse:42 | Extracted 6 paragraphs, total length: 1009 chars
06:44:38 | DEBUG   | aimbot.scrapers.news.be:parse:47 | Parsed date: 2026-05-21 00:00:00
06:44:38 | DEBUG   | aimbot.scrapers.news.be:parse:57 | Found author: Fiona Potigny
06:44:38 | DEBUG   | aimbot.scrapers.news.be:parse:62 | Found image URL: https://i0.wp.com/www.bailiwickexpress.com/wp-content/uploads/2025/04/EMERGENCY-SERVICES.States-of-Jersey-Police.jpg
06:44:38 | DEBUG   | aimbot.scrapers.news.be:parse:67 | Successfully parsed story: Witnesses sought after window shattered at town barber shop
06:44:38 | DEBUG   | aimbot.scrapers.news.be:parse:33 | Parsing story from https://www.bailiwickexpress.com/news/%e2%ac%a5election-live-trio-battle-for-constable-of-st-saviour/
06:44:38 | DEBUG   | aimbot.scrapers.news.be:parse:37 | Found headline: ⬥ELECTION LIVE: Trio battle for Constable of St Saviour
06:44:38 | DEBUG   | aimbot.scrapers.news.be:parse:42 | Extracted 0 paragraphs, total length: 0 chars
06:44:38 | DEBUG   | aimbot.scrapers.news.be:parse:47 | Parsed date: 2026-05-20 00:00:00
06:44:38 | DEBUG   | aimbot.scrapers.news.be:parse:57 | Found author: Tom Innes
06:44:38 | DEBUG   | aimbot.scrapers.news.be:parse:62 | Found image URL: https://i0.wp.com/www.bailiwickexpress.com/wp-content/uploads/2026/05/ST-SAVIOUR-CONSTABLE-2.jpg
06:44:38 | DEBUG   | aimbot.scrapers.news.be:parse:67 | Successfully parsed story: ⬥ELECTION LIVE: Trio battle for Constable of St Saviour
06:44:38 | DEBUG   | aimbot.scrapers.news.be:parse:33 | Parsing story from https://www.bailiwickexpress.com/news/%e2%ac%a5election-live-senatorial-hustings-in-st-martin/
06:44:38 | DEBUG   | aimbot.scrapers.news.be:parse:37 | Found headline: ⬥ELECTION LIVE: Senatorial hustings in St Martin
06:44:38 | DEBUG   | aimbot.scrapers.news.be:parse:42 | Extracted 2 paragraphs, total length: 294 chars
06:44:38 | DEBUG   | aimbot.scrapers.news.be:parse:47 | Parsed date: 2026-05-20 00:00:00
06:44:38 | DEBUG   | aimbot.scrapers.news.be:parse:57 | Found author: Julien Morel
06:44:38 | DEBUG   | aimbot.scrapers.news.be:parse:62 | Found image URL: https://i0.wp.com/www.bailiwickexpress.com/wp-content/uploads/2026/05/Screenshot-2026-05-20-at-16.49.03.png
06:44:38 | DEBUG   | aimbot.scrapers.news.be:parse:67 | Successfully parsed story: ⬥ELECTION LIVE: Senatorial hustings in St Martin
06:44:38 | DEBUG   | aimbot.scrapers.news.be:parse:33 | Parsing story from https://www.bailiwickexpress.com/news/family-homes-planned-for-abandoned-site-on-college-hill/
06:44:38 | DEBUG   | aimbot.scrapers.news.be:parse:37 | Found headline: Family homes planned for abandoned site on College Hill
06:44:38 | DEBUG   | aimbot.scrapers.news.be:parse:42 | Extracted 11 paragraphs, total length: 1658 chars
06:44:38 | DEBUG   | aimbot.scrapers.news.be:parse:47 | Parsed date: 2026-05-20 00:00:00
06:44:38 | DEBUG   | aimbot.scrapers.news.be:parse:57 | Found author: Christie Bailey
06:44:38 | DEBUG   | aimbot.scrapers.news.be:parse:62 | Found image URL: https://i0.wp.com/www.bailiwickexpress.com/wp-content/uploads/2026/05/christie-covers-35.png
06:44:38 | DEBUG   | aimbot.scrapers.news.be:parse:67 | Successfully parsed story: Family homes planned for abandoned site on College Hill
06:44:38 | DEBUG   | aimbot.scrapers.news.base:fetch_n_stories_for_section:86 | Successfully parsed 10 stories out of 10 responses
06:44:38 | DEBUG   | aimbot.scrapers.news.base:fetch_n_stories_for_section:74 | fetch_n_stories_for_section called for section 'news' with limit 10
06:44:38 | DEBUG   | aimbot.scrapers.news.base:fetch_n_stories_for_section:74 | fetch_n_stories_for_section called for section 'sport' with limit 2
06:44:38 | DEBUG   | aimbot.scrapers.news.base:fetch_n_stories_for_section:74 | fetch_n_stories_for_section called for section 'opinion' with limit 2
06:44:38 | DEBUG   | aimbot.scrapers.news.base:fetch_n_stories_for_section:74 | fetch_n_stories_for_section called for section 'business' with limit 2
06:44:38 | DEBUG   | aimbot.scrapers.news.base:fetch_n_stories_for_section:74 | fetch_n_stories_for_section called for section 'community' with limit 2
06:44:38 | DEBUG   | aimbot.scrapers.news.base:fetch_n_stories_for_section:74 | fetch_n_stories_for_section called for section 'podcasts' with limit 2
06:44:40 | DEBUG   | aimbot.scrapers.news.base:fetch_n_stories_for_section:76 | Got 10 URLs to fetch
06:44:40 | DEBUG   | aimbot.scrapers.news.base:fetch_n_stories_for_section:76 | Got 2 URLs to fetch
06:44:40 | DEBUG   | aimbot.scrapers.news.base:fetch_n_stories_for_section:76 | Got 2 URLs to fetch
06:44:40 | DEBUG   | aimbot.scrapers.news.base:fetch_n_stories_for_section:76 | Got 2 URLs to fetch
06:44:40 | DEBUG   | aimbot.scrapers.news.base:fetch_n_stories_for_section:76 | Got 2 URLs to fetch
06:44:43 | DEBUG   | aimbot.scrapers.news.base:fetch_n_stories_for_section:76 | Got 2 URLs to fetch
06:44:45 | DEBUG   | aimbot.scrapers.news.base:fetch_n_stories_for_section:78 | Fetched 2 responses
06:44:45 | DEBUG   | aimbot.scrapers.news.base:fetch_n_stories_for_section:86 | Successfully parsed 2 stories out of 2 responses
06:44:47 | DEBUG   | aimbot.scrapers.news.base:fetch_n_stories_for_section:78 | Fetched 2 responses
06:44:47 | DEBUG   | aimbot.scrapers.news.base:fetch_n_stories_for_section:86 | Successfully parsed 2 stories out of 2 responses
06:44:47 | DEBUG   | aimbot.scrapers.news.base:fetch_n_stories_for_section:78 | Fetched 10 responses
06:44:47 | DEBUG   | aimbot.scrapers.news.base:fetch_n_stories_for_section:86 | Successfully parsed 10 stories out of 10 responses
06:44:47 | DEBUG   | aimbot.scrapers.news.base:fetch_n_stories_for_section:78 | Fetched 2 responses
06:44:47 | DEBUG   | aimbot.scrapers.news.base:fetch_n_stories_for_section:86 | Successfully parsed 2 stories out of 2 responses
06:44:48 | DEBUG   | aimbot.scrapers.news.base:fetch_n_stories_for_section:78 | Fetched 2 responses
06:44:48 | DEBUG   | aimbot.scrapers.news.base:fetch_n_stories_for_section:86 | Successfully parsed 2 stories out of 2 responses
06:44:48 | DEBUG   | aimbot.scrapers.news.base:fetch_n_stories_for_section:78 | Fetched 2 responses
06:44:48 | DEBUG   | aimbot.scrapers.news.base:fetch_n_stories_for_section:86 | Successfully parsed 2 stories out of 2 responses
06:44:48 | DEBUG   | aimbot.scrapers.news.base:fetch_n_stories_for_section:74 | fetch_n_stories_for_section called for section 'news' with limit 10
06:44:50 | DEBUG   | aimbot.scrapers.news.base:fetch_n_stories_for_section:76 | Got 10 URLs to fetch
06:44:55 | DEBUG   | aimbot.scrapers.news.base:fetch_n_stories_for_section:78 | Fetched 10 responses
06:44:56 | DEBUG   | aimbot.scrapers.news.base:fetch_n_stories_for_section:86 | Successfully parsed 10 stories out of 10 responses
06:44:56 | DEBUG   | aimbot.scrapers.news.base:fetch_n_stories_for_section:74 | fetch_n_stories_for_section called for section 'premium' with limit 10
06:44:58 | DEBUG   | aimbot.scrapers.news.base:fetch_n_stories_for_section:76 | Got 10 URLs to fetch
06:45:03 | DEBUG   | aimbot.scrapers.news.base:fetch_n_stories_for_section:78 | Fetched 10 responses
06:45:03 | DEBUG   | aimbot.scrapers.news.base:fetch_n_stories_for_section:86 | Successfully parsed 10 stories out of 10 responses
06:45:03 | DEBUG   | aimbot.scrapers.news.base:fetch_n_stories_for_section:74 | fetch_n_stories_for_section called for section 'business' with limit 10
06:45:03 | DEBUG   | aimbot.scrapers.news.be:get_story_urls:81 | Fetching story URLs for section: business
06:45:03 | DEBUG   | aimbot.scrapers.news.be:get_story_urls:86 | Fetching homepage: https://www.bailiwickexpress.com/jsy-business/
06:45:04 | DEBUG   | aimbot.scrapers.news.be:get_story_urls:90 | Found 16 articles on homepage
06:45:04 | DEBUG   | aimbot.scrapers.news.be:get_story_urls:98 | Extracted 10 unique story URLs
06:45:04 | DEBUG   | aimbot.scrapers.news.base:fetch_n_stories_for_section:76 | Got 10 URLs to fetch
06:45:07 | DEBUG   | aimbot.scrapers.news.base:fetch_n_stories_for_section:78 | Fetched 10 responses
06:45:07 | DEBUG   | aimbot.scrapers.news.be:parse:33 | Parsing story from https://www.bailiwickexpress.com/business/highly-respected-operational-leader-at-jersey-water-shortlisted-for-award/
06:45:07 | DEBUG   | aimbot.scrapers.news.be:parse:37 | Found headline: “Highly respected” operational leader at Jersey Water shortlisted for award
06:45:07 | DEBUG   | aimbot.scrapers.news.be:parse:42 | Extracted 10 paragraphs, total length: 1749 chars
06:45:07 | DEBUG   | aimbot.scrapers.news.be:parse:47 | Parsed date: 2026-05-21 00:00:00
06:45:07 | DEBUG   | aimbot.scrapers.news.be:parse:57 | Found author: James Jeune
06:45:07 | DEBUG   | aimbot.scrapers.news.be:parse:62 | Found image URL: https://i0.wp.com/www.bailiwickexpress.com/wp-content/uploads/2026/05/Jeanette-Sheldon-scaled.jpg
06:45:07 | DEBUG   | aimbot.scrapers.news.be:parse:67 | Successfully parsed story: “Highly respected” operational leader at Jersey Water shortlisted for award
06:45:07 | DEBUG   | aimbot.scrapers.news.be:parse:33 | Parsing story from https://www.bailiwickexpress.com/business/polygon-pensions-acquired-by-bwci-group/
06:45:07 | DEBUG   | aimbot.scrapers.news.be:parse:37 | Found headline: Polygon Pensions acquired by BWCI Group
06:45:07 | DEBUG   | aimbot.scrapers.news.be:parse:42 | Extracted 13 paragraphs, total length: 2286 chars
06:45:07 | DEBUG   | aimbot.scrapers.news.be:parse:47 | Parsed date: 2026-05-20 00:00:00
06:45:07 | DEBUG   | aimbot.scrapers.news.be:parse:57 | Found author: James Jeune
06:45:07 | DEBUG   | aimbot.scrapers.news.be:parse:62 | Found image URL: https://i0.wp.com/www.bailiwickexpress.com/wp-content/uploads/2026/05/Stephen-Ainsworth-3-scaled.jpg
06:45:07 | DEBUG   | aimbot.scrapers.news.be:parse:67 | Successfully parsed story: Polygon Pensions acquired by BWCI Group
06:45:07 | DEBUG   | aimbot.scrapers.news.be:parse:33 | Parsing story from https://www.bailiwickexpress.com/business/trio-of-new-directors-announced-by-hawksford/
06:45:07 | DEBUG   | aimbot.scrapers.news.be:parse:37 | Found headline: Trio of new directors announced by Hawksford
06:45:07 | DEBUG   | aimbot.scrapers.news.be:parse:42 | Extracted 10 paragraphs, total length: 2072 chars
06:45:07 | DEBUG   | aimbot.scrapers.news.be:parse:47 | Parsed date: 2026-05-19 00:00:00
06:45:07 | DEBUG   | aimbot.scrapers.news.be:parse:57 | Found author: James Jeune
06:45:07 | DEBUG   | aimbot.scrapers.news.be:parse:62 | Found image URL: https://i0.wp.com/www.bailiwickexpress.com/wp-content/uploads/2026/05/collage-79-scaled.jpg
06:45:07 | DEBUG   | aimbot.scrapers.news.be:parse:67 | Successfully parsed story: Trio of new directors announced by Hawksford
06:45:07 | DEBUG   | aimbot.scrapers.news.be:parse:33 | Parsing story from https://www.bailiwickexpress.com/news/klms-new-jersey-route-opening-the-island-to-the-world/
06:45:07 | DEBUG   | aimbot.scrapers.news.be:parse:37 | Found headline: KLM’s New Jersey Route: Opening the Island to the World
06:45:07 | DEBUG   | aimbot.scrapers.news.be:parse:42 | Extracted 10 paragraphs, total length: 2370 chars
06:45:07 | DEBUG   | aimbot.scrapers.news.be:parse:47 | Parsed date: 2026-05-18 00:00:00
06:45:07 | DEBUG   | aimbot.scrapers.news.be:parse:57 | Found author: Bailiwick Express
06:45:07 | DEBUG   | aimbot.scrapers.news.be:parse:62 | Found image URL: https://i0.wp.com/www.bailiwickexpress.com/wp-content/uploads/2026/05/KLM-2-scaled.png
06:45:07 | DEBUG   | aimbot.scrapers.news.be:parse:67 | Successfully parsed story: KLM’s New Jersey Route: Opening the Island to the World
06:45:07 | DEBUG   | aimbot.scrapers.news.be:parse:33 | Parsing story from https://www.bailiwickexpress.com/sponsored-content/elaine-millar-candidate-for-senator-we-need-solutions-that-work-for-jersey-now/
06:45:07 | DEBUG   | aimbot.scrapers.news.be:parse:37 | Found headline: Elaine Millar, candidate for Senator: “We need solutions that work for Jersey now”
06:45:07 | DEBUG   | aimbot.scrapers.news.be:parse:42 | Extracted 12 paragraphs, total length: 2491 chars
06:45:07 | DEBUG   | aimbot.scrapers.news.be:parse:47 | Parsed date: 2026-05-18 00:00:00
06:45:07 | DEBUG   | aimbot.scrapers.news.be:parse:57 | Found author: Bailiwick Express
06:45:07 | DEBUG   | aimbot.scrapers.news.be:parse:62 | Found image URL: https://i0.wp.com/www.bailiwickexpress.com/wp-content/uploads/2026/05/260408millar3-1.jpg
06:45:07 | DEBUG   | aimbot.scrapers.news.be:parse:67 | Successfully parsed story: Elaine Millar, candidate for Senator: “We need solutions that work for Jersey now”
06:45:07 | DEBUG   | aimbot.scrapers.news.be:parse:33 | Parsing story from https://www.bailiwickexpress.com/news/karl-busch-candidate-for-senator-we-need-a-more-creative-approach-to-care/
06:45:07 | DEBUG   | aimbot.scrapers.news.be:parse:37 | Found headline: Karl Busch, candidate for Senator: “We need a more creative approach to care”
06:45:08 | DEBUG   | aimbot.scrapers.news.be:parse:42 | Extracted 5 paragraphs, total length: 2968 chars
06:45:08 | DEBUG   | aimbot.scrapers.news.be:parse:47 | Parsed date: 2026-05-18 00:00:00
06:45:08 | DEBUG   | aimbot.scrapers.news.be:parse:57 | Found author: Bailiwick Express
06:45:08 | DEBUG   | aimbot.scrapers.news.be:parse:62 | Found image URL: https://i0.wp.com/www.bailiwickexpress.com/wp-content/uploads/2026/05/IMG_0717.jpeg
06:45:08 | DEBUG   | aimbot.scrapers.news.be:parse:67 | Successfully parsed story: Karl Busch, candidate for Senator: “We need a more creative approach to care”
06:45:08 | DEBUG   | aimbot.scrapers.news.be:parse:33 | Parsing story from https://www.bailiwickexpress.com/sponsored-content/joanne-vandermerwe-mahon-nothing-will-change-unless-we-change/
06:45:08 | DEBUG   | aimbot.scrapers.news.be:parse:37 | Found headline: Joanne Vandermerwe-Mahon, candidate for Deputy: “Nothing will change unless we change”
06:45:08 | DEBUG   | aimbot.scrapers.news.be:parse:42 | Extracted 19 paragraphs, total length: 3652 chars
06:45:08 | DEBUG   | aimbot.scrapers.news.be:parse:47 | Parsed date: 2026-05-11 00:00:00
06:45:08 | DEBUG   | aimbot.scrapers.news.be:parse:57 | Found author: Bailiwick Express
06:45:08 | DEBUG   | aimbot.scrapers.news.be:parse:62 | Found image URL: https://i0.wp.com/www.bailiwickexpress.com/wp-content/uploads/2026/05/joanne-scaled-1.jpg
06:45:08 | DEBUG   | aimbot.scrapers.news.be:parse:67 | Successfully parsed story: Joanne Vandermerwe-Mahon, candidate for Deputy: “Nothing will change unless we change”
06:45:08 | DEBUG   | aimbot.scrapers.news.be:parse:33 | Parsing story from https://www.bailiwickexpress.com/business/in-numbers-ci-coop-reports-strengthened-performance-despite-challenges/
06:45:08 | DEBUG   | aimbot.scrapers.news.be:parse:37 | Found headline: IN NUMBERS: CI Coop reports “strengthened” performance despite challenges
06:45:08 | DEBUG   | aimbot.scrapers.news.be:parse:42 | Extracted 11 paragraphs, total length: 1476 chars
06:45:08 | DEBUG   | aimbot.scrapers.news.be:parse:47 | Parsed date: 2026-05-18 00:00:00
06:45:08 | DEBUG   | aimbot.scrapers.news.be:parse:57 | Found author: James Jeune
06:45:08 | DEBUG   | aimbot.scrapers.news.be:parse:62 | Found image URL: https://i0.wp.com/www.bailiwickexpress.com/wp-content/uploads/2026/05/Mark-Cox-CI-Coop-scaled.jpg
06:45:08 | DEBUG   | aimbot.scrapers.news.be:parse:67 | Successfully parsed story: IN NUMBERS: CI Coop reports “strengthened” performance despite challenges
06:45:08 | DEBUG   | aimbot.scrapers.news.be:parse:33 | Parsing story from https://www.bailiwickexpress.com/business/consultant-joins-alex-picot-trust/
06:45:08 | DEBUG   | aimbot.scrapers.news.be:parse:37 | Found headline: Consultant joins Alex Picot Trust
06:45:08 | DEBUG   | aimbot.scrapers.news.be:parse:42 | Extracted 8 paragraphs, total length: 1349 chars
06:45:08 | DEBUG   | aimbot.scrapers.news.be:parse:47 | Parsed date: 2026-05-15 00:00:00
06:45:08 | DEBUG   | aimbot.scrapers.news.be:parse:57 | Found author: Bailiwick Express News Team
06:45:08 | DEBUG   | aimbot.scrapers.news.be:parse:62 | Found image URL: https://i0.wp.com/www.bailiwickexpress.com/wp-content/uploads/2026/05/Simon-Morgan-scaled-e1778849176563.jpg
06:45:08 | DEBUG   | aimbot.scrapers.news.be:parse:67 | Successfully parsed story: Consultant joins Alex Picot Trust
06:45:08 | DEBUG   | aimbot.scrapers.news.be:parse:33 | Parsing story from https://www.bailiwickexpress.com/business/bedell-cristins-jersey-litigation-team-gains-experienced-local-advocate/
06:45:08 | DEBUG   | aimbot.scrapers.news.be:parse:37 | Found headline: Bedell Cristin’s Jersey litigation team gains experienced local advocate
06:45:08 | DEBUG   | aimbot.scrapers.news.be:parse:42 | Extracted 8 paragraphs, total length: 1487 chars
06:45:08 | DEBUG   | aimbot.scrapers.news.be:parse:47 | Parsed date: 2026-05-14 00:00:00
06:45:08 | DEBUG   | aimbot.scrapers.news.be:parse:57 | Found author: James Jeune
06:45:08 | DEBUG   | aimbot.scrapers.news.be:parse:62 | Found image URL: https://i0.wp.com/www.bailiwickexpress.com/wp-content/uploads/2026/05/BC-Samantha-Hoare-1.jpg
06:45:08 | DEBUG   | aimbot.scrapers.news.be:parse:67 | Successfully parsed story: Bedell Cristin’s Jersey litigation team gains experienced local advocate
06:45:08 | DEBUG   | aimbot.scrapers.news.base:fetch_n_stories_for_section:86 | Successfully parsed 10 stories out of 10 responses
06:45:08 | DEBUG   | aimbot.scrapers.news.base:fetch_n_stories_for_section:74 | fetch_n_stories_for_section called for section 'business' with limit 10
06:45:09 | DEBUG   | aimbot.scrapers.news.base:fetch_n_stories_for_section:76 | Got 10 URLs to fetch
06:45:13 | DEBUG   | aimbot.scrapers.news.base:fetch_n_stories_for_section:78 | Fetched 10 responses
06:45:13 | DEBUG   | aimbot.scrapers.news.base:fetch_n_stories_for_section:86 | Successfully parsed 10 stories out of 10 responses
06:45:15 | ERROR   | aimbot.cache:load:74 | Failed to load from cache: Expecting value: line 1 column 1 (char 0)
06:45:15 | ERROR   | aimbot.cache:save:47 | Failed to save to cache: Type <class 'test_cache.TestEmailCache.test_save_non_serializable.<locals>.Unserializable'> not serializable
06:45:16 | ERROR   | aimbot.main:_gather_scraper_tasks:121 | Scraper task 'fail' failed: Boom!
06:45:16 | ERROR   | aimbot.main:_gather_scraper_tasks:121 | Scraper task 'a' failed: err_a
06:45:16 | ERROR   | aimbot.main:_gather_scraper_tasks:121 | Scraper task 'b' failed: err_b
06:45:16 | DEBUG   | aimbot.scrapers.news.base:fetch_n_stories_for_section:74 | fetch_n_stories_for_section called for section 'news' with limit 5
06:45:16 | DEBUG   | aimbot.scrapers.news.be:get_story_urls:81 | Fetching story URLs for section: news
06:45:16 | DEBUG   | aimbot.scrapers.news.be:get_story_urls:86 | Fetching homepage: https://www.bailiwickexpress.com/news/
06:45:16 | DEBUG   | aimbot.scrapers.news.base:fetch_n_stories_for_section:74 | fetch_n_stories_for_section called for section 'business' with limit 5
06:45:16 | DEBUG   | aimbot.scrapers.news.be:get_story_urls:81 | Fetching story URLs for section: business
06:45:16 | DEBUG   | aimbot.scrapers.news.be:get_story_urls:86 | Fetching homepage: https://www.bailiwickexpress.com/jsy-business/
06:45:16 | DEBUG   | aimbot.scrapers.news.base:fetch_n_stories_for_section:74 | fetch_n_stories_for_section called for section 'sport' with limit 5
06:45:16 | DEBUG   | aimbot.scrapers.news.be:get_story_urls:81 | Fetching story URLs for section: sport
06:45:16 | DEBUG   | aimbot.scrapers.news.be:get_story_urls:86 | Fetching homepage: https://www.bailiwickexpress.com/jsy-sport/
06:45:16 | DEBUG   | aimbot.scrapers.news.base:fetch_n_stories_for_section:74 | fetch_n_stories_for_section called for section 'opinion' with limit 5
06:45:16 | DEBUG   | aimbot.scrapers.news.be:get_story_urls:81 | Fetching story URLs for section: opinion
06:45:16 | DEBUG   | aimbot.scrapers.news.be:get_story_urls:86 | Fetching homepage: https://www.bailiwickexpress.com/opinion-jersey/
06:45:16 | DEBUG   | aimbot.scrapers.news.base:fetch_n_stories_for_section:74 | fetch_n_stories_for_section called for section 'community' with limit 5
06:45:16 | DEBUG   | aimbot.scrapers.news.be:get_story_urls:81 | Fetching story URLs for section: community
06:45:16 | DEBUG   | aimbot.scrapers.news.be:get_story_urls:86 | Fetching homepage: https://www.bailiwickexpress.com/jsy-community/
06:45:16 | DEBUG   | aimbot.scrapers.news.base:fetch_n_stories_for_section:74 | fetch_n_stories_for_section called for section 'podcasts' with limit 5
06:45:16 | DEBUG   | aimbot.scrapers.news.be:get_story_urls:81 | Fetching story URLs for section: podcasts
06:45:16 | DEBUG   | aimbot.scrapers.news.be:get_story_urls:86 | Fetching homepage: https://www.bailiwickexpress.com/jsy-radio-podcasts/
06:45:19 | DEBUG   | aimbot.scrapers.news.be:get_story_urls:90 | Found 16 articles on homepage
06:45:19 | DEBUG   | aimbot.scrapers.news.be:get_story_urls:98 | Extracted 5 unique story URLs
06:45:19 | DEBUG   | aimbot.scrapers.news.base:fetch_n_stories_for_section:76 | Got 5 URLs to fetch
06:45:19 | DEBUG   | aimbot.scrapers.news.be:get_story_urls:90 | Found 20 articles on homepage
06:45:19 | DEBUG   | aimbot.scrapers.news.be:get_story_urls:98 | Extracted 5 unique story URLs
06:45:19 | DEBUG   | aimbot.scrapers.news.base:fetch_n_stories_for_section:76 | Got 5 URLs to fetch
06:45:19 | DEBUG   | aimbot.scrapers.news.be:get_story_urls:90 | Found 16 articles on homepage
06:45:19 | DEBUG   | aimbot.scrapers.news.be:get_story_urls:98 | Extracted 5 unique story URLs
06:45:19 | DEBUG   | aimbot.scrapers.news.base:fetch_n_stories_for_section:76 | Got 5 URLs to fetch
06:45:19 | DEBUG   | aimbot.scrapers.news.be:get_story_urls:90 | Found 16 articles on homepage
06:45:19 | DEBUG   | aimbot.scrapers.news.be:get_story_urls:98 | Extracted 5 unique story URLs
06:45:19 | DEBUG   | aimbot.scrapers.news.base:fetch_n_stories_for_section:76 | Got 5 URLs to fetch
06:45:19 | DEBUG   | aimbot.scrapers.news.be:get_story_urls:90 | Found 33 articles on homepage
06:45:19 | DEBUG   | aimbot.scrapers.news.be:get_story_urls:98 | Extracted 5 unique story URLs
06:45:19 | DEBUG   | aimbot.scrapers.news.base:fetch_n_stories_for_section:76 | Got 5 URLs to fetch
06:45:19 | DEBUG   | aimbot.scrapers.news.be:get_story_urls:90 | Found 71 articles on homepage
06:45:19 | DEBUG   | aimbot.scrapers.news.be:get_story_urls:98 | Extracted 5 unique story URLs
06:45:19 | DEBUG   | aimbot.scrapers.news.base:fetch_n_stories_for_section:76 | Got 5 URLs to fetch
06:45:21 | DEBUG   | aimbot.scrapers.news.base:fetch_n_stories_for_section:78 | Fetched 5 responses
06:45:21 | DEBUG   | aimbot.scrapers.news.be:parse:33 | Parsing story from https://www.bailiwickexpress.com/business/highly-respected-operational-leader-at-jersey-water-shortlisted-for-award/
06:45:21 | DEBUG   | aimbot.scrapers.news.be:parse:37 | Found headline: “Highly respected” operational leader at Jersey Water shortlisted for award
06:45:21 | DEBUG   | aimbot.scrapers.news.be:parse:42 | Extracted 10 paragraphs, total length: 1749 chars
06:45:21 | DEBUG   | aimbot.scrapers.news.be:parse:47 | Parsed date: 2026-05-21 00:00:00
06:45:21 | DEBUG   | aimbot.scrapers.news.be:parse:57 | Found author: James Jeune
06:45:21 | DEBUG   | aimbot.scrapers.news.be:parse:62 | Found image URL: https://i0.wp.com/www.bailiwickexpress.com/wp-content/uploads/2026/05/Jeanette-Sheldon-scaled.jpg
06:45:21 | DEBUG   | aimbot.scrapers.news.be:parse:67 | Successfully parsed story: “Highly respected” operational leader at Jersey Water shortlisted for award
06:45:21 | DEBUG   | aimbot.scrapers.news.be:parse:33 | Parsing story from https://www.bailiwickexpress.com/business/polygon-pensions-acquired-by-bwci-group/
06:45:21 | DEBUG   | aimbot.scrapers.news.be:parse:37 | Found headline: Polygon Pensions acquired by BWCI Group
06:45:21 | DEBUG   | aimbot.scrapers.news.be:parse:42 | Extracted 13 paragraphs, total length: 2286 chars
06:45:21 | DEBUG   | aimbot.scrapers.news.be:parse:47 | Parsed date: 2026-05-20 00:00:00
06:45:21 | DEBUG   | aimbot.scrapers.news.be:parse:57 | Found author: James Jeune
06:45:21 | DEBUG   | aimbot.scrapers.news.be:parse:62 | Found image URL: https://i0.wp.com/www.bailiwickexpress.com/wp-content/uploads/2026/05/Stephen-Ainsworth-3-scaled.jpg
06:45:21 | DEBUG   | aimbot.scrapers.news.be:parse:67 | Successfully parsed story: Polygon Pensions acquired by BWCI Group
06:45:21 | DEBUG   | aimbot.scrapers.news.be:parse:33 | Parsing story from https://www.bailiwickexpress.com/business/trio-of-new-directors-announced-by-hawksford/
06:45:21 | DEBUG   | aimbot.scrapers.news.be:parse:37 | Found headline: Trio of new directors announced by Hawksford
06:45:21 | DEBUG   | aimbot.scrapers.news.be:parse:42 | Extracted 10 paragraphs, total length: 2072 chars
06:45:21 | DEBUG   | aimbot.scrapers.news.be:parse:47 | Parsed date: 2026-05-19 00:00:00
06:45:21 | DEBUG   | aimbot.scrapers.news.be:parse:57 | Found author: James Jeune
06:45:21 | DEBUG   | aimbot.scrapers.news.be:parse:62 | Found image URL: https://i0.wp.com/www.bailiwickexpress.com/wp-content/uploads/2026/05/collage-79-scaled.jpg
06:45:21 | DEBUG   | aimbot.scrapers.news.be:parse:67 | Successfully parsed story: Trio of new directors announced by Hawksford
06:45:21 | DEBUG   | aimbot.scrapers.news.be:parse:33 | Parsing story from https://www.bailiwickexpress.com/news/klms-new-jersey-route-opening-the-island-to-the-world/
06:45:21 | DEBUG   | aimbot.scrapers.news.be:parse:37 | Found headline: KLM’s New Jersey Route: Opening the Island to the World
06:45:21 | DEBUG   | aimbot.scrapers.news.be:parse:42 | Extracted 10 paragraphs, total length: 2370 chars
06:45:21 | DEBUG   | aimbot.scrapers.news.be:parse:47 | Parsed date: 2026-05-18 00:00:00
06:45:21 | DEBUG   | aimbot.scrapers.news.be:parse:57 | Found author: Bailiwick Express
06:45:21 | DEBUG   | aimbot.scrapers.news.be:parse:62 | Found image URL: https://i0.wp.com/www.bailiwickexpress.com/wp-content/uploads/2026/05/KLM-2-scaled.png
06:45:21 | DEBUG   | aimbot.scrapers.news.be:parse:67 | Successfully parsed story: KLM’s New Jersey Route: Opening the Island to the World
06:45:21 | DEBUG   | aimbot.scrapers.news.be:parse:33 | Parsing story from https://www.bailiwickexpress.com/sponsored-content/elaine-millar-candidate-for-senator-we-need-solutions-that-work-for-jersey-now/
06:45:21 | DEBUG   | aimbot.scrapers.news.be:parse:37 | Found headline: Elaine Millar, candidate for Senator: “We need solutions that work for Jersey now”
06:45:21 | DEBUG   | aimbot.scrapers.news.be:parse:42 | Extracted 12 paragraphs, total length: 2491 chars
06:45:21 | DEBUG   | aimbot.scrapers.news.be:parse:47 | Parsed date: 2026-05-18 00:00:00
06:45:21 | DEBUG   | aimbot.scrapers.news.be:parse:57 | Found author: Bailiwick Express
06:45:21 | DEBUG   | aimbot.scrapers.news.be:parse:62 | Found image URL: https://i0.wp.com/www.bailiwickexpress.com/wp-content/uploads/2026/05/260408millar3-1.jpg
06:45:21 | DEBUG   | aimbot.scrapers.news.be:parse:67 | Successfully parsed story: Elaine Millar, candidate for Senator: “We need solutions that work for Jersey now”
06:45:21 | DEBUG   | aimbot.scrapers.news.base:fetch_n_stories_for_section:86 | Successfully parsed 5 stories out of 5 responses
06:45:24 | DEBUG   | aimbot.scrapers.news.base:fetch_n_stories_for_section:78 | Fetched 5 responses
06:45:24 | DEBUG   | aimbot.scrapers.news.be:parse:33 | Parsing story from https://www.bailiwickexpress.com/community/hotel-group-gives-dementia-charity-20k-boost/
06:45:24 | DEBUG   | aimbot.scrapers.news.be:parse:37 | Found headline: Hotel group gives dementia charity £20k boost
06:45:24 | DEBUG   | aimbot.scrapers.news.be:parse:42 | Extracted 7 paragraphs, total length: 1471 chars
06:45:24 | DEBUG   | aimbot.scrapers.news.be:parse:47 | Parsed date: 2026-05-12 00:00:00
06:45:24 | DEBUG   | aimbot.scrapers.news.be:parse:57 | Found author: Bailiwick Express Community
06:45:24 | DEBUG   | aimbot.scrapers.news.be:parse:62 | Found image URL: https://i0.wp.com/www.bailiwickexpress.com/wp-content/uploads/2026/05/Dementia-Jersey-team-shot-scaled.jpeg
06:45:24 | DEBUG   | aimbot.scrapers.news.be:parse:67 | Successfully parsed story: Hotel group gives dementia charity £20k boost
06:45:24 | DEBUG   | aimbot.scrapers.news.be:parse:33 | Parsing story from https://www.bailiwickexpress.com/community/jersey-schools-snorkel-trail-education-programme-reaches-over-1500-pupils/
06:45:24 | DEBUG   | aimbot.scrapers.news.be:parse:37 | Found headline: Jersey schools snorkel trail education programme reaches over 1,500 pupils
06:45:24 | DEBUG   | aimbot.scrapers.news.be:parse:42 | Extracted 6 paragraphs, total length: 2285 chars
06:45:24 | DEBUG   | aimbot.scrapers.news.be:parse:47 | Parsed date: 2026-04-23 00:00:00
06:45:24 | DEBUG   | aimbot.scrapers.news.be:parse:57 | Found author: Bailiwick Express Community
06:45:24 | DEBUG   | aimbot.scrapers.news.be:parse:62 | Found image URL: https://i0.wp.com/www.bailiwickexpress.com/wp-content/uploads/2026/04/Mourant-Blue-Marine-Snorkel-Donation-3-scaled.jpg
06:45:24 | DEBUG   | aimbot.scrapers.news.be:parse:67 | Successfully parsed story: Jersey schools snorkel trail education programme reaches over 1,500 pupils
06:45:24 | DEBUG   | aimbot.scrapers.news.be:parse:33 | Parsing story from https://www.bailiwickexpress.com/community/food-waste-action-week-why-we-care-and-what-were-doing-about-it/
06:45:24 | DEBUG   | aimbot.scrapers.news.be:parse:37 | Found headline: Food Waste Action Week – Why we care and what we’re doing about it
06:45:25 | DEBUG   | aimbot.scrapers.news.be:parse:42 | Extracted 36 paragraphs, total length: 6196 chars
06:45:25 | DEBUG   | aimbot.scrapers.news.be:parse:47 | Parsed date: 2026-03-09 00:00:00
06:45:25 | DEBUG   | aimbot.scrapers.news.be:parse:57 | Found author: Bailiwick Express
06:45:25 | DEBUG   | aimbot.scrapers.news.be:parse:62 | Found image URL: https://i0.wp.com/www.bailiwickexpress.com/wp-content/uploads/2026/03/pexels-photo-57556.jpeg
06:45:25 | DEBUG   | aimbot.scrapers.news.be:parse:67 | Successfully parsed story: Food Waste Action Week – Why we care and what we’re doing about it
06:45:25 | DEBUG   | aimbot.scrapers.news.be:parse:33 | Parsing story from https://www.bailiwickexpress.com/community/highlands-college-to-host-peer-review-with-the-guernsey-institute-and-university-college-isle-of-man-further-education-partners/
06:45:25 | DEBUG   | aimbot.scrapers.news.be:parse:37 | Found headline: Highlands College to host peer review with The Guernsey Institute and University College Isle of Man further education partners
06:45:25 | DEBUG   | aimbot.scrapers.news.be:parse:42 | Extracted 9 paragraphs, total length: 1376 chars
06:45:25 | DEBUG   | aimbot.scrapers.news.be:parse:47 | Parsed date: 2026-03-09 00:00:00
06:45:25 | DEBUG   | aimbot.scrapers.news.be:parse:57 | Found author: Bailiwick Express
06:45:25 | DEBUG   | aimbot.scrapers.news.be:parse:62 | Found image URL: https://i0.wp.com/www.bailiwickexpress.com/wp-content/uploads/2025/05/Highlnads-scaled.jpg
06:45:25 | DEBUG   | aimbot.scrapers.news.be:parse:67 | Successfully parsed story: Highlands College to host peer review with The Guernsey Institute and University College Isle of Man further education partners
06:45:25 | DEBUG   | aimbot.scrapers.news.be:parse:33 | Parsing story from https://www.bailiwickexpress.com/community/say-yes-to-healthier-choices/
06:45:25 | DEBUG   | aimbot.scrapers.news.be:parse:37 | Found headline: Say YES to healthier choices
06:45:25 | DEBUG   | aimbot.scrapers.news.be:parse:42 | Extracted 18 paragraphs, total length: 2599 chars
06:45:25 | DEBUG   | aimbot.scrapers.news.be:parse:47 | Parsed date: 2026-02-25 00:00:00
06:45:25 | DEBUG   | aimbot.scrapers.news.be:parse:57 | Found author: Bailiwick Express Community
06:45:25 | DEBUG   | aimbot.scrapers.news.be:parse:62 | Found image URL: https://i0.wp.com/www.bailiwickexpress.com/wp-content/uploads/2026/02/5000128967273_YES-Wholemeal-Farmhouse-Loaf_35011-scaled.jpg
06:45:25 | DEBUG   | aimbot.scrapers.news.be:parse:67 | Successfully parsed story: Say YES to healthier choices
06:45:25 | DEBUG   | aimbot.scrapers.news.base:fetch_n_stories_for_section:86 | Successfully parsed 5 stories out of 5 responses
06:45:29 | DEBUG   | aimbot.scrapers.news.base:fetch_n_stories_for_section:78 | Fetched 5 responses
06:45:29 | DEBUG   | aimbot.scrapers.news.be:parse:33 | Parsing story from https://www.bailiwickexpress.com/sport/listen-siam-success-muratti-heartbreak-rozel-silverware/
06:45:29 | DEBUG   | aimbot.scrapers.news.be:parse:37 | Found headline: LISTEN: Siam success, Muratti heartbreak & Rozel silverware
06:45:29 | DEBUG   | aimbot.scrapers.news.be:parse:42 | Extracted 12 paragraphs, total length: 2878 chars
06:45:29 | DEBUG   | aimbot.scrapers.news.be:parse:47 | Parsed date: 2026-05-19 00:00:00
06:45:29 | DEBUG   | aimbot.scrapers.news.be:parse:57 | Found author: Bailiwick Express
06:45:29 | DEBUG   | aimbot.scrapers.news.be:parse:62 | Found image URL: https://i0.wp.com/www.bailiwickexpress.com/wp-content/uploads/2026/05/Pod-artwork-refresh-2.jpg
06:45:29 | DEBUG   | aimbot.scrapers.news.be:parse:67 | Successfully parsed story: LISTEN: Siam success, Muratti heartbreak & Rozel silverware
06:45:29 | DEBUG   | aimbot.scrapers.news.be:parse:33 | Parsing story from https://www.bailiwickexpress.com/sport/the-cool-down-hockey-glory-bulls-double-push-and-bowls-success/
06:45:29 | DEBUG   | aimbot.scrapers.news.be:parse:37 | Found headline: The Cool Down: Hockey Glory, Bulls Double Push and Bowls Success
06:45:29 | DEBUG   | aimbot.scrapers.news.be:parse:42 | Extracted 8 paragraphs, total length: 2150 chars
06:45:29 | DEBUG   | aimbot.scrapers.news.be:parse:47 | Parsed date: 2026-04-14 00:00:00
06:45:29 | DEBUG   | aimbot.scrapers.news.be:parse:57 | Found author: Bailiwick Express
06:45:29 | DEBUG   | aimbot.scrapers.news.be:parse:62 | Found image URL: https://i0.wp.com/www.bailiwickexpress.com/wp-content/uploads/2026/04/Pod-artwork-refresh.jpg
06:45:29 | DEBUG   | aimbot.scrapers.news.be:parse:67 | Successfully parsed story: The Cool Down: Hockey Glory, Bulls Double Push and Bowls Success
06:45:29 | DEBUG   | aimbot.scrapers.news.be:parse:33 | Parsing story from https://www.bailiwickexpress.com/sport/the-warm-up-bulls-chase-play-offs-as-muratti-and-lords-trip-take-centre-stage/
06:45:29 | DEBUG   | aimbot.scrapers.news.be:parse:37 | Found headline: The Warm Up: Bulls chase play-offs as Muratti and Lord’s trip take centre stage
06:45:29 | DEBUG   | aimbot.scrapers.news.be:parse:42 | Extracted 8 paragraphs, total length: 1622 chars
06:45:29 | DEBUG   | aimbot.scrapers.news.be:parse:47 | Parsed date: 2026-04-17 00:00:00
06:45:29 | DEBUG   | aimbot.scrapers.news.be:parse:57 | Found author: Bailiwick Express
06:45:29 | DEBUG   | aimbot.scrapers.news.be:parse:62 | Found image URL: https://i0.wp.com/www.bailiwickexpress.com/wp-content/uploads/2026/04/WARM-UP-1.jpg
06:45:29 | DEBUG   | aimbot.scrapers.news.be:parse:67 | Successfully parsed story: The Warm Up: Bulls chase play-offs as Muratti and Lord’s trip take centre stage
06:45:29 | DEBUG   | aimbot.scrapers.news.be:parse:33 | Parsing story from https://www.bailiwickexpress.com/sport/the-cool-down-returns-as-island-sport-delivers-drama-across-the-board/
06:45:29 | DEBUG   | aimbot.scrapers.news.be:parse:37 | Found headline: The Cool Down returns as island sport delivers drama across the board
06:45:29 | DEBUG   | aimbot.scrapers.news.be:parse:42 | Extracted 10 paragraphs, total length: 2039 chars
06:45:29 | DEBUG   | aimbot.scrapers.news.be:parse:47 | Parsed date: 2026-02-17 00:00:00
06:45:29 | DEBUG   | aimbot.scrapers.news.be:parse:57 | Found author: Bailiwick Express
06:45:29 | DEBUG   | aimbot.scrapers.news.be:parse:62 | Found image URL: https://i0.wp.com/www.bailiwickexpress.com/wp-content/uploads/2026/02/Pod-artwork-refresh-1.jpg
06:45:29 | DEBUG   | aimbot.scrapers.news.be:parse:67 | Successfully parsed story: The Cool Down returns as island sport delivers drama across the board
06:45:29 | DEBUG   | aimbot.scrapers.news.be:parse:33 | Parsing story from https://www.bailiwickexpress.com/sport/the-warm-up-eyes-on-the-run-in-and-beyond/
06:45:29 | DEBUG   | aimbot.scrapers.news.be:parse:37 | Found headline: The Warm Up: Eyes on the Run-In and Beyond
06:45:29 | DEBUG   | aimbot.scrapers.news.be:parse:42 | Extracted 7 paragraphs, total length: 1515 chars
06:45:29 | DEBUG   | aimbot.scrapers.news.be:parse:47 | Parsed date: 2026-04-03 00:00:00
06:45:29 | DEBUG   | aimbot.scrapers.news.be:parse:57 | Found author: Bailiwick Express
06:45:29 | DEBUG   | aimbot.scrapers.news.be:parse:62 | Found image URL: https://i0.wp.com/www.bailiwickexpress.com/wp-content/uploads/2026/04/WARM-UP.jpg
06:45:29 | DEBUG   | aimbot.scrapers.news.be:parse:67 | Successfully parsed story: The Warm Up: Eyes on the Run-In and Beyond
06:45:29 | DEBUG   | aimbot.scrapers.news.base:fetch_n_stories_for_section:86 | Successfully parsed 5 stories out of 5 responses
06:45:29 | DEBUG   | aimbot.scrapers.news.base:fetch_n_stories_for_section:78 | Fetched 5 responses
06:45:29 | DEBUG   | aimbot.scrapers.news.be:parse:33 | Parsing story from https://www.bailiwickexpress.com/sport/supertri-returns-to-jersey-for-all-star-showdown/
06:45:29 | DEBUG   | aimbot.scrapers.news.be:parse:37 | Found headline: Supertri returns to Jersey for all-star showdown
06:45:29 | DEBUG   | aimbot.scrapers.news.be:parse:42 | Extracted 15 paragraphs, total length: 2566 chars
06:45:29 | DEBUG   | aimbot.scrapers.news.be:parse:47 | Parsed date: 2026-05-20 00:00:00
06:45:29 | DEBUG   | aimbot.scrapers.news.be:parse:57 | Found author: Elliot Corbel
06:45:29 | DEBUG   | aimbot.scrapers.news.be:parse:62 | Found image URL: https://i0.wp.com/www.bailiwickexpress.com/wp-content/uploads/2025/09/40973926-scaled-e1779271058304.jpg
06:45:29 | DEBUG   | aimbot.scrapers.news.be:parse:67 | Successfully parsed story: Supertri returns to Jersey for all-star showdown
06:45:29 | DEBUG   | aimbot.scrapers.news.be:parse:33 | Parsing story from https://www.bailiwickexpress.com/sport/listen-siam-success-muratti-heartbreak-rozel-silverware/
06:45:29 | DEBUG   | aimbot.scrapers.news.be:parse:37 | Found headline: LISTEN: Siam success, Muratti heartbreak & Rozel silverware
06:45:29 | DEBUG   | aimbot.scrapers.news.be:parse:42 | Extracted 12 paragraphs, total length: 2878 chars
06:45:29 | DEBUG   | aimbot.scrapers.news.be:parse:47 | Parsed date: 2026-05-19 00:00:00
06:45:29 | DEBUG   | aimbot.scrapers.news.be:parse:57 | Found author: Bailiwick Express
06:45:29 | DEBUG   | aimbot.scrapers.news.be:parse:62 | Found image URL: https://i0.wp.com/www.bailiwickexpress.com/wp-content/uploads/2026/05/Pod-artwork-refresh-2.jpg
06:45:29 | DEBUG   | aimbot.scrapers.news.be:parse:67 | Successfully parsed story: LISTEN: Siam success, Muratti heartbreak & Rozel silverware
06:45:29 | DEBUG   | aimbot.scrapers.news.be:parse:33 | Parsing story from https://www.bailiwickexpress.com/sport/super-saturday-delivers-sporting-action-across-channel-islands/
06:45:29 | DEBUG   | aimbot.scrapers.news.be:parse:37 | Found headline: Super Saturday delivers sporting action across Channel Islands
06:45:29 | DEBUG   | aimbot.scrapers.news.be:parse:42 | Extracted 13 paragraphs, total length: 1982 chars
06:45:29 | DEBUG   | aimbot.scrapers.news.be:parse:47 | Parsed date: 2026-05-18 00:00:00
06:45:29 | DEBUG   | aimbot.scrapers.news.be:parse:57 | Found author: Archie Corbett
06:45:29 | DEBUG   | aimbot.scrapers.news.be:parse:62 | Found image URL: https://i0.wp.com/www.bailiwickexpress.com/wp-content/uploads/2026/05/Trophy-lift-scaled.jpg
06:45:29 | DEBUG   | aimbot.scrapers.news.be:parse:67 | Successfully parsed story: Super Saturday delivers sporting action across Channel Islands
06:45:29 | DEBUG   | aimbot.scrapers.news.be:parse:33 | Parsing story from https://www.bailiwickexpress.com/news/focus-running-club-tackles-barriers-keeping-teen-girls-from-exercise/
06:45:29 | DEBUG   | aimbot.scrapers.news.be:parse:37 | Found headline: FOCUS: Running club tackles barriers keeping teen girls from exercise
06:45:29 | DEBUG   | aimbot.scrapers.news.be:parse:42 | Extracted 69 paragraphs, total length: 8156 chars
06:45:29 | DEBUG   | aimbot.scrapers.news.be:parse:47 | Parsed date: 2025-02-20 00:00:00
06:45:29 | DEBUG   | aimbot.scrapers.news.be:parse:57 | Found author: Jodie Yettram
06:45:29 | DEBUG   | aimbot.scrapers.news.be:parse:62 | Found image URL: https://i0.wp.com/www.bailiwickexpress.com/wp-content/uploads/2025/02/See-her-run.jpg
06:45:29 | DEBUG   | aimbot.scrapers.news.be:parse:67 | Successfully parsed story: FOCUS: Running club tackles barriers keeping teen girls from exercise
06:45:29 | DEBUG   | aimbot.scrapers.news.be:parse:33 | Parsing story from https://www.bailiwickexpress.com/sport/focus-surge-in-female-cricket-participation-as-new-programmes-launch/
06:45:29 | DEBUG   | aimbot.scrapers.news.be:parse:37 | Found headline: FOCUS: Surge in female cricket participation as new programmes launch
06:45:29 | DEBUG   | aimbot.scrapers.news.be:parse:42 | Extracted 37 paragraphs, total length: 4617 chars
06:45:29 | DEBUG   | aimbot.scrapers.news.be:parse:47 | Parsed date: 2025-02-17 00:00:00
06:45:29 | DEBUG   | aimbot.scrapers.news.be:parse:57 | Found author: Jodie Yettram
06:45:29 | DEBUG   | aimbot.scrapers.news.be:parse:62 | Found image URL: https://i0.wp.com/www.bailiwickexpress.com/wp-content/uploads/2025/02/Untitled-design-8-2.png
06:45:29 | DEBUG   | aimbot.scrapers.news.be:parse:67 | Successfully parsed story: FOCUS: Surge in female cricket participation as new programmes launch
06:45:29 | DEBUG   | aimbot.scrapers.news.base:fetch_n_stories_for_section:86 | Successfully parsed 5 stories out of 5 responses
06:45:30 | DEBUG   | aimbot.scrapers.news.base:fetch_n_stories_for_section:78 | Fetched 5 responses
06:45:30 | DEBUG   | aimbot.scrapers.news.be:parse:33 | Parsing story from https://www.bailiwickexpress.com/opinion/open-letter-your-conclusions-overstate-both-the-risks-facing-jersey-and-the-shortcomings-of-current-preparedness/
06:45:30 | DEBUG   | aimbot.scrapers.news.be:parse:37 | Found headline: OPEN LETTER: “Your conclusions overstate both the risks facing Jersey and the shortcomings of current preparedness”
06:45:30 | DEBUG   | aimbot.scrapers.news.be:parse:42 | Extracted 19 paragraphs, total length: 4487 chars
06:45:30 | DEBUG   | aimbot.scrapers.news.be:parse:47 | Parsed date: 2026-04-02 00:00:00
06:45:30 | DEBUG   | aimbot.scrapers.news.be:parse:57 | Found author: Bailiwick Express News Team
06:45:30 | DEBUG   | aimbot.scrapers.news.be:parse:62 | Found image URL: https://i0.wp.com/www.bailiwickexpress.com/wp-content/uploads/2026/04/christie-covers-17.png
06:45:30 | DEBUG   | aimbot.scrapers.news.be:parse:67 | Successfully parsed story: OPEN LETTER: “Your conclusions overstate both the risks facing Jersey and the shortcomings of current preparedness”
06:45:30 | DEBUG   | aimbot.scrapers.news.be:parse:33 | Parsing story from https://www.bailiwickexpress.com/opinion/open-letter-go-the-extra-mile-now-to-ensure-the-safety-of-the-island/
06:45:30 | DEBUG   | aimbot.scrapers.news.be:parse:37 | Found headline: OPEN LETTER: “Go the extra mile now to ensure the safety of the island”
06:45:30 | DEBUG   | aimbot.scrapers.news.be:parse:42 | Extracted 10 paragraphs, total length: 2870 chars
06:45:30 | DEBUG   | aimbot.scrapers.news.be:parse:47 | Parsed date: 2026-03-30 00:00:00
06:45:30 | DEBUG   | aimbot.scrapers.news.be:parse:57 | Found author: Christie Bailey
06:45:30 | DEBUG   | aimbot.scrapers.news.be:parse:62 | Found image URL: https://i0.wp.com/www.bailiwickexpress.com/wp-content/uploads/2026/03/Screenshot-2026-03-30-at-12.14.38.png
06:45:30 | DEBUG   | aimbot.scrapers.news.be:parse:67 | Successfully parsed story: OPEN LETTER: “Go the extra mile now to ensure the safety of the island”
06:45:30 | DEBUG   | aimbot.scrapers.news.be:parse:33 | Parsing story from https://www.bailiwickexpress.com/opinion/review-the-winter-chill-of-the-gothic-tale-reached-its-full-potential/
06:45:30 | DEBUG   | aimbot.scrapers.news.be:parse:37 | Found headline: REVIEW: “The winter chill of the gothic tale reached its full potential”
06:45:30 | DEBUG   | aimbot.scrapers.news.be:parse:42 | Extracted 9 paragraphs, total length: 1604 chars
06:45:30 | DEBUG   | aimbot.scrapers.news.be:parse:47 | Parsed date: 2025-11-17 00:00:00
06:45:30 | DEBUG   | aimbot.scrapers.news.be:parse:57 | Found author: Hannah Esnouf
06:45:30 | DEBUG   | aimbot.scrapers.news.be:parse:62 | Found image URL: https://i0.wp.com/www.bailiwickexpress.com/wp-content/uploads/2025/11/The-Signalman-1-1-scaled.jpg
06:45:30 | DEBUG   | aimbot.scrapers.news.be:parse:67 | Successfully parsed story: REVIEW: “The winter chill of the gothic tale reached its full potential”
06:45:30 | DEBUG   | aimbot.scrapers.news.be:parse:33 | Parsing story from https://www.bailiwickexpress.com/opinion/review-what-a-perfect-way-to-spend-a-summer-evening/
06:45:30 | DEBUG   | aimbot.scrapers.news.be:parse:37 | Found headline: REVIEW: “What a perfect way to spend a summer evening”
06:45:30 | DEBUG   | aimbot.scrapers.news.be:parse:42 | Extracted 13 paragraphs, total length: 2130 chars
06:45:30 | DEBUG   | aimbot.scrapers.news.be:parse:47 | Parsed date: 2025-08-14 00:00:00
06:45:30 | DEBUG   | aimbot.scrapers.news.be:parse:57 | Found author: Hannah Esnouf
06:45:30 | DEBUG   | aimbot.scrapers.news.be:parse:62 | Found image URL: https://i0.wp.com/www.bailiwickexpress.com/wp-content/uploads/2025/08/40795125.jpg
06:45:30 | DEBUG   | aimbot.scrapers.news.be:parse:67 | Successfully parsed story: REVIEW: “What a perfect way to spend a summer evening”
06:45:30 | DEBUG   | aimbot.scrapers.news.be:parse:33 | Parsing story from https://www.bailiwickexpress.com/opinion/review-this-modern-take-on-a-shakespearean-classic-had-the-whole-audience-in-stitches/
06:45:30 | DEBUG   | aimbot.scrapers.news.be:parse:37 | Found headline: REVIEW: “This modern take on a Shakespearean classic had the whole audience in stitches”
06:45:30 | DEBUG   | aimbot.scrapers.news.be:parse:42 | Extracted 13 paragraphs, total length: 2431 chars
06:45:30 | DEBUG   | aimbot.scrapers.news.be:parse:47 | Parsed date: 2025-08-05 00:00:00
06:45:30 | DEBUG   | aimbot.scrapers.news.be:parse:57 | Found author: Ruby Filleul
06:45:30 | DEBUG   | aimbot.scrapers.news.be:parse:62 | Found image URL: https://i0.wp.com/www.bailiwickexpress.com/wp-content/uploads/2025/08/5157052-scaled.jpg
06:45:30 | DEBUG   | aimbot.scrapers.news.be:parse:67 | Successfully parsed story: REVIEW: “This modern take on a Shakespearean classic had the whole audience in stitches”
06:45:30 | DEBUG   | aimbot.scrapers.news.base:fetch_n_stories_for_section:86 | Successfully parsed 5 stories out of 5 responses
06:45:30 | DEBUG   | aimbot.scrapers.news.base:fetch_n_stories_for_section:78 | Fetched 5 responses
06:45:30 | DEBUG   | aimbot.scrapers.news.be:parse:33 | Parsing story from https://www.bailiwickexpress.com/news/who-did-business-leaders-name-as-their-top-senatorial-candidate/
06:45:30 | DEBUG   | aimbot.scrapers.news.be:parse:37 | Found headline: Who did business leaders name as their top Senatorial candidate?
06:45:30 | DEBUG   | aimbot.scrapers.news.be:parse:42 | Extracted 16 paragraphs, total length: 4547 chars
06:45:30 | DEBUG   | aimbot.scrapers.news.be:parse:47 | Parsed date: 2026-05-21 00:00:00
06:45:30 | DEBUG   | aimbot.scrapers.news.be:parse:57 | Found author: Tom Innes
06:45:30 | DEBUG   | aimbot.scrapers.news.be:parse:62 | Found image URL: https://i0.wp.com/www.bailiwickexpress.com/wp-content/uploads/2026/05/Senator-Candidates-Chamber.jpg
06:45:30 | DEBUG   | aimbot.scrapers.news.be:parse:67 | Successfully parsed story: Who did business leaders name as their top Senatorial candidate?
06:45:30 | DEBUG   | aimbot.scrapers.news.be:parse:33 | Parsing story from https://www.bailiwickexpress.com/news/%e2%ac%a5election-live-keep-the-current-or-back-to-the-future-with-st-brelades-constable/
06:45:30 | DEBUG   | aimbot.scrapers.news.be:parse:37 | Found headline: ⬥ELECTION LIVE: Keep the current or back to the future with St Brelade’s Constable?
06:45:30 | DEBUG   | aimbot.scrapers.news.be:parse:42 | Extracted 0 paragraphs, total length: 0 chars
06:45:30 | DEBUG   | aimbot.scrapers.news.be:parse:47 | Parsed date: 2026-05-21 00:00:00
06:45:30 | DEBUG   | aimbot.scrapers.news.be:parse:57 | Found author: James Jeune
06:45:30 | DEBUG   | aimbot.scrapers.news.be:parse:62 | Found image URL: https://i0.wp.com/www.bailiwickexpress.com/wp-content/uploads/2026/05/MOST-READ-2.jpg
06:45:30 | DEBUG   | aimbot.scrapers.news.be:parse:67 | Successfully parsed story: ⬥ELECTION LIVE: Keep the current or back to the future with St Brelade’s Constable?
06:45:30 | DEBUG   | aimbot.scrapers.news.be:parse:33 | Parsing story from https://www.bailiwickexpress.com/news/part-of-controversial-nude-dunes-site-advertised-for-rent/
06:45:30 | DEBUG   | aimbot.scrapers.news.be:parse:37 | Found headline: Part of controversial Nude Dunes site advertised for rent
06:45:30 | DEBUG   | aimbot.scrapers.news.be:parse:42 | Extracted 12 paragraphs, total length: 2025 chars
06:45:30 | DEBUG   | aimbot.scrapers.news.be:parse:47 | Parsed date: 2026-05-21 00:00:00
06:45:31 | DEBUG   | aimbot.scrapers.news.be:parse:57 | Found author: James Jeune
06:45:31 | DEBUG   | aimbot.scrapers.news.be:parse:62 | Found image URL: https://i0.wp.com/www.bailiwickexpress.com/wp-content/uploads/2026/05/Img38948375.jpg
06:45:31 | DEBUG   | aimbot.scrapers.news.be:parse:67 | Successfully parsed story: Part of controversial Nude Dunes site advertised for rent
06:45:31 | DEBUG   | aimbot.scrapers.news.be:parse:33 | Parsing story from https://www.bailiwickexpress.com/news/man-jailed-after-series-of-violent-incidents/
06:45:31 | DEBUG   | aimbot.scrapers.news.be:parse:37 | Found headline: Man jailed after “series of violent incidents”
06:45:31 | DEBUG   | aimbot.scrapers.news.be:parse:42 | Extracted 34 paragraphs, total length: 5175 chars
06:45:31 | DEBUG   | aimbot.scrapers.news.be:parse:47 | Parsed date: 2026-05-21 00:00:00
06:45:31 | DEBUG   | aimbot.scrapers.news.be:parse:57 | Found author: James Sharp
06:45:31 | DEBUG   | aimbot.scrapers.news.be:parse:62 | Found image URL: https://i0.wp.com/www.bailiwickexpress.com/wp-content/uploads/2026/05/christie-covers-36.png
06:45:31 | DEBUG   | aimbot.scrapers.news.be:parse:67 | Successfully parsed story: Man jailed after “series of violent incidents”
06:45:31 | DEBUG   | aimbot.scrapers.news.be:parse:33 | Parsing story from https://www.bailiwickexpress.com/news/aim-for-chronic-fatigue-and-fibromyalgia-support-group-after-express-story/
06:45:31 | DEBUG   | aimbot.scrapers.news.be:parse:37 | Found headline: Aim for chronic fatigue and fibromyalgia support group after Express story
06:45:31 | DEBUG   | aimbot.scrapers.news.be:parse:42 | Extracted 28 paragraphs, total length: 4776 chars
06:45:31 | DEBUG   | aimbot.scrapers.news.be:parse:47 | Parsed date: 2026-05-21 00:00:00
06:45:31 | DEBUG   | aimbot.scrapers.news.be:parse:57 | Found author: Julien Morel
06:45:31 | DEBUG   | aimbot.scrapers.news.be:parse:62 | Found image URL: https://i0.wp.com/www.bailiwickexpress.com/wp-content/uploads/2026/05/christie-covers-37.png
06:45:31 | DEBUG   | aimbot.scrapers.news.be:parse:67 | Successfully parsed story: Aim for chronic fatigue and fibromyalgia support group after Express story
06:45:31 | DEBUG   | aimbot.scrapers.news.base:fetch_n_stories_for_section:86 | Successfully parsed 5 stories out of 5 responses
06:45:31 | DEBUG   | aimbot.scrapers.news.base:fetch_n_stories_for_section:74 | fetch_n_stories_for_section called for section 'news' with limit 5
06:45:31 | DEBUG   | aimbot.scrapers.news.base:fetch_n_stories_for_section:74 | fetch_n_stories_for_section called for section 'business' with limit 5
06:45:31 | DEBUG   | aimbot.scrapers.news.base:fetch_n_stories_for_section:74 | fetch_n_stories_for_section called for section 'sport' with limit 5
06:45:31 | DEBUG   | aimbot.scrapers.news.base:fetch_n_stories_for_section:74 | fetch_n_stories_for_section called for section 'opinion' with limit 5
06:45:31 | DEBUG   | aimbot.scrapers.news.base:fetch_n_stories_for_section:74 | fetch_n_stories_for_section called for section 'community' with limit 5
06:45:31 | DEBUG   | aimbot.scrapers.news.base:fetch_n_stories_for_section:74 | fetch_n_stories_for_section called for section 'podcasts' with limit 5
06:45:33 | DEBUG   | aimbot.scrapers.news.base:fetch_n_stories_for_section:76 | Got 5 URLs to fetch
06:45:33 | DEBUG   | aimbot.scrapers.news.base:fetch_n_stories_for_section:76 | Got 5 URLs to fetch
06:45:34 | DEBUG   | aimbot.scrapers.news.base:fetch_n_stories_for_section:76 | Got 5 URLs to fetch
06:45:34 | DEBUG   | aimbot.scrapers.news.base:fetch_n_stories_for_section:76 | Got 5 URLs to fetch
06:45:34 | DEBUG   | aimbot.scrapers.news.base:fetch_n_stories_for_section:76 | Got 5 URLs to fetch
06:45:34 | DEBUG   | aimbot.scrapers.news.base:fetch_n_stories_for_section:76 | Got 5 URLs to fetch
06:45:37 | DEBUG   | aimbot.scrapers.news.base:fetch_n_stories_for_section:78 | Fetched 5 responses
06:45:37 | DEBUG   | aimbot.scrapers.news.base:fetch_n_stories_for_section:86 | Successfully parsed 5 stories out of 5 responses
06:45:39 | DEBUG   | aimbot.scrapers.news.base:fetch_n_stories_for_section:78 | Fetched 5 responses
06:45:39 | DEBUG   | aimbot.scrapers.news.base:fetch_n_stories_for_section:86 | Successfully parsed 5 stories out of 5 responses
06:45:42 | DEBUG   | aimbot.scrapers.news.base:fetch_n_stories_for_section:78 | Fetched 5 responses
06:45:42 | DEBUG   | aimbot.scrapers.news.base:fetch_n_stories_for_section:86 | Successfully parsed 5 stories out of 5 responses
06:45:44 | DEBUG   | aimbot.scrapers.news.base:fetch_n_stories_for_section:78 | Fetched 5 responses
06:45:44 | DEBUG   | aimbot.scrapers.news.base:fetch_n_stories_for_section:86 | Successfully parsed 5 stories out of 5 responses
06:45:44 | DEBUG   | aimbot.scrapers.news.base:fetch_n_stories_for_section:78 | Fetched 5 responses
06:45:44 | DEBUG   | aimbot.scrapers.news.base:fetch_n_stories_for_section:86 | Successfully parsed 5 stories out of 5 responses
06:45:45 | DEBUG   | aimbot.scrapers.news.base:fetch_n_stories_for_section:78 | Fetched 5 responses
06:45:45 | DEBUG   | aimbot.scrapers.news.base:fetch_n_stories_for_section:86 | Successfully parsed 5 stories out of 5 responses
06:45:45 | DEBUG   | aimbot.scrapers.news.base:fetch_n_stories_for_section:74 | fetch_n_stories_for_section called for section 'news' with limit 5
06:45:45 | DEBUG   | aimbot.scrapers.news.base:fetch_n_stories_for_section:74 | fetch_n_stories_for_section called for section 'premium' with limit 5
06:45:47 | DEBUG   | aimbot.scrapers.news.base:fetch_n_stories_for_section:76 | Got 10 URLs to fetch
06:45:48 | DEBUG   | aimbot.scrapers.news.base:fetch_n_stories_for_section:76 | Got 10 URLs to fetch
06:45:54 | DEBUG   | aimbot.scrapers.news.base:fetch_n_stories_for_section:78 | Fetched 10 responses
06:45:55 | DEBUG   | aimbot.scrapers.news.base:fetch_n_stories_for_section:86 | Successfully parsed 10 stories out of 10 responses
06:45:57 | DEBUG   | aimbot.scrapers.news.base:fetch_n_stories_for_section:78 | Fetched 10 responses
06:45:57 | DEBUG   | aimbot.scrapers.news.base:fetch_n_stories_for_section:86 | Successfully parsed 10 stories out of 10 responses
06:46:08 | ERROR   | aimbot.main:global_exception_handler:74 | Unhandled exception on GET /api/emails/be
Traceback (most recent call last):

  File "/home/pi/.local/share/uv/python/cpython-3.9.6-linux-aarch64-gnu/lib/python3.9/threading.py", line 930, in _bootstrap
    self._bootstrap_inner()
    │    └ <function Thread._bootstrap_inner at 0x7fb97e9790>
    └ <Thread(asyncio-portal-7fb616aaf0, started daemon 548524581248)>
  File "/home/pi/.local/share/uv/python/cpython-3.9.6-linux-aarch64-gnu/lib/python3.9/threading.py", line 973, in _bootstrap_inner
    self.run()
    │    └ <function Thread.run at 0x7fb97e94c0>
    └ <Thread(asyncio-portal-7fb616aaf0, started daemon 548524581248)>
  File "/home/pi/.local/share/uv/python/cpython-3.9.6-linux-aarch64-gnu/lib/python3.9/threading.py", line 910, in run
    self._target(*self._args, **self._kwargs)
    │    │        │    │        │    └ {}
    │    │        │    │        └ <Thread(asyncio-portal-7fb616aaf0, started daemon 548524581248)>
    │    │        │    └ ()
    │    │        └ <Thread(asyncio-portal-7fb616aaf0, started daemon 548524581248)>
    │    └ <function start_blocking_portal.<locals>.run_blocking_portal at 0x7fb6a3e3a0>
    └ <Thread(asyncio-portal-7fb616aaf0, started daemon 548524581248)>
  File "/home/pi/repo/aimbot/aimbot-backend/.venv/lib/python3.9/site-packages/anyio/from_thread.py", line 519, in run_blocking_portal
    run_eventloop(
    └ <function run at 0x7fb90419d0>
  File "/home/pi/repo/aimbot/aimbot-backend/.venv/lib/python3.9/site-packages/anyio/_core/_eventloop.py", line 74, in run
    return async_backend.run(func, args, {}, backend_options)
           │             │   │     │         └ {}
           │             │   │     └ ()
           │             │   └ <function start_blocking_portal.<locals>.run_portal at 0x7fb8d0b790>
           │             └ <classmethod object at 0x7fb618eb50>
           └ <class 'anyio._backends._asyncio.AsyncIOBackend'>
  File "/home/pi/repo/aimbot/aimbot-backend/.venv/lib/python3.9/site-packages/anyio/_backends/_asyncio.py", line 2325, in run
    return runner.run(wrapper())
           │      │   └ <function start_blocking_portal.<locals>.run_portal at 0x7fb6a3e4c0>
           │      └ <function Runner.run at 0x7fb69faca0>
           └ <anyio._backends._asyncio.Runner object at 0x7fb616ae50>
  File "/home/pi/repo/aimbot/aimbot-backend/.venv/lib/python3.9/site-packages/anyio/_backends/_asyncio.py", line 218, in run
    return self._loop.run_until_complete(task)
           │    │     │                  └ <Task pending name='anyio.from_thread.start_blocking_portal.<locals>.run_portal' coro=<start_blocking_portal.<locals>.run_por...
           │    │     └ <function BaseEventLoop.run_until_complete at 0x7fb8e9cf70>
           │    └ <_UnixSelectorEventLoop running=True closed=False debug=False>
           └ <anyio._backends._asyncio.Runner object at 0x7fb616ae50>
  File "/home/pi/.local/share/uv/python/cpython-3.9.6-linux-aarch64-gnu/lib/python3.9/asyncio/base_events.py", line 629, in run_until_complete
    self.run_forever()
    │    └ <function BaseEventLoop.run_forever at 0x7fb8e9cee0>
    └ <_UnixSelectorEventLoop running=True closed=False debug=False>
  File "/home/pi/.local/share/uv/python/cpython-3.9.6-linux-aarch64-gnu/lib/python3.9/asyncio/base_events.py", line 596, in run_forever
    self._run_once()
    │    └ <function BaseEventLoop._run_once at 0x7fb8ea2a60>
    └ <_UnixSelectorEventLoop running=True closed=False debug=False>
  File "/home/pi/.local/share/uv/python/cpython-3.9.6-linux-aarch64-gnu/lib/python3.9/asyncio/base_events.py", line 1890, in _run_once
    handle._run()
    │      └ <function Handle._run at 0x7fb8ed53a0>
    └ <Handle <TaskStepMethWrapper object at 0x7fb616a820>()>
  File "/home/pi/.local/share/uv/python/cpython-3.9.6-linux-aarch64-gnu/lib/python3.9/asyncio/events.py", line 80, in _run
    self._context.run(self._callback, *self._args)
    │    │            │    │           │    └ <member '_args' of 'Handle' objects>
    │    │            │    │           └ <Handle <TaskStepMethWrapper object at 0x7fb616a820>()>
    │    │            │    └ <member '_callback' of 'Handle' objects>
    │    │            └ <Handle <TaskStepMethWrapper object at 0x7fb616a820>()>
    │    └ <member '_context' of 'Handle' objects>
    └ <Handle <TaskStepMethWrapper object at 0x7fb616a820>()>
  File "/home/pi/repo/aimbot/aimbot-backend/.venv/lib/python3.9/site-packages/anyio/from_thread.py", line 252, in _call_func
    retval = await retval_or_awaitable
                   └ <coroutine object FastAPI.__call__ at 0x7fb6a138c0>
  File "/home/pi/repo/aimbot/aimbot-backend/.venv/lib/python3.9/site-packages/fastapi/applications.py", line 1134, in __call__
    await super().__call__(scope, receive, send)
                           │      │        └ <function _TestClientTransport.handle_request.<locals>.send at 0x7fb61a1dc0>
                           │      └ <function _TestClientTransport.handle_request.<locals>.receive at 0x7fb61a1e50>
                           └ {'type': 'http', 'http_version': '1.1', 'method': 'GET', 'path': '/api/emails/be', 'raw_path': b'/api/emails/be', 'root_path'...
  File "/home/pi/repo/aimbot/aimbot-backend/.venv/lib/python3.9/site-packages/starlette/applications.py", line 113, in __call__
    await self.middleware_stack(scope, receive, send)
          │    │                │      │        └ <function _TestClientTransport.handle_request.<locals>.send at 0x7fb61a1dc0>
          │    │                │      └ <function _TestClientTransport.handle_request.<locals>.receive at 0x7fb61a1e50>
          │    │                └ {'type': 'http', 'http_version': '1.1', 'method': 'GET', 'path': '/api/emails/be', 'raw_path': b'/api/emails/be', 'root_path'...
          │    └ <starlette.middleware.errors.ServerErrorMiddleware object at 0x7fb6188ca0>
          └ <fastapi.applications.FastAPI object at 0x7fb6ad6d90>
> File "/home/pi/repo/aimbot/aimbot-backend/.venv/lib/python3.9/site-packages/starlette/middleware/errors.py", line 164, in __call__
    await self.app(scope, receive, _send)
          │    │   │      │        └ <function ServerErrorMiddleware.__call__.<locals>._send at 0x7fb6ab4790>
          │    │   │      └ <function _TestClientTransport.handle_request.<locals>.receive at 0x7fb61a1e50>
          │    │   └ {'type': 'http', 'http_version': '1.1', 'method': 'GET', 'path': '/api/emails/be', 'raw_path': b'/api/emails/be', 'root_path'...
          │    └ <starlette.middleware.cors.CORSMiddleware object at 0x7fb6188bb0>
          └ <starlette.middleware.errors.ServerErrorMiddleware object at 0x7fb6188ca0>
  File "/home/pi/repo/aimbot/aimbot-backend/.venv/lib/python3.9/site-packages/starlette/middleware/cors.py", line 85, in __call__
    await self.app(scope, receive, send)
          │    │   │      │        └ <function ServerErrorMiddleware.__call__.<locals>._send at 0x7fb6ab4790>
          │    │   │      └ <function _TestClientTransport.handle_request.<locals>.receive at 0x7fb61a1e50>
          │    │   └ {'type': 'http', 'http_version': '1.1', 'method': 'GET', 'path': '/api/emails/be', 'raw_path': b'/api/emails/be', 'root_path'...
          │    └ <starlette.middleware.exceptions.ExceptionMiddleware object at 0x7fb6188250>
          └ <starlette.middleware.cors.CORSMiddleware object at 0x7fb6188bb0>
  File "/home/pi/repo/aimbot/aimbot-backend/.venv/lib/python3.9/site-packages/starlette/middleware/exceptions.py", line 63, in __call__
    await wrap_app_handling_exceptions(self.app, conn)(scope, receive, send)
          │                            │    │    │     │      │        └ <function ServerErrorMiddleware.__call__.<locals>._send at 0x7fb6ab4790>
          │                            │    │    │     │      └ <function _TestClientTransport.handle_request.<locals>.receive at 0x7fb61a1e50>
          │                            │    │    │     └ {'type': 'http', 'http_version': '1.1', 'method': 'GET', 'path': '/api/emails/be', 'raw_path': b'/api/emails/be', 'root_path'...
          │                            │    │    └ <starlette.requests.Request object at 0x7fb616a850>
          │                            │    └ <fastapi.middleware.asyncexitstack.AsyncExitStackMiddleware object at 0x7fb61884f0>
          │                            └ <starlette.middleware.exceptions.ExceptionMiddleware object at 0x7fb6188250>
          └ <function wrap_app_handling_exceptions at 0x7fb80090d0>
  File "/home/pi/repo/aimbot/aimbot-backend/.venv/lib/python3.9/site-packages/starlette/_exception_handler.py", line 53, in wrapped_app
    raise exc
  File "/home/pi/repo/aimbot/aimbot-backend/.venv/lib/python3.9/site-packages/starlette/_exception_handler.py", line 42, in wrapped_app
    await app(scope, receive, sender)
          │   │      │        └ <function wrap_app_handling_exceptions.<locals>.wrapped_app.<locals>.sender at 0x7fb61493a0>
          │   │      └ <function _TestClientTransport.handle_request.<locals>.receive at 0x7fb61a1e50>
          │   └ {'type': 'http', 'http_version': '1.1', 'method': 'GET', 'path': '/api/emails/be', 'raw_path': b'/api/emails/be', 'root_path'...
          └ <fastapi.middleware.asyncexitstack.AsyncExitStackMiddleware object at 0x7fb61884f0>
  File "/home/pi/repo/aimbot/aimbot-backend/.venv/lib/python3.9/site-packages/fastapi/middleware/asyncexitstack.py", line 18, in __call__
    await self.app(scope, receive, send)
          │    │   │      │        └ <function wrap_app_handling_exceptions.<locals>.wrapped_app.<locals>.sender at 0x7fb61493a0>
          │    │   │      └ <function _TestClientTransport.handle_request.<locals>.receive at 0x7fb61a1e50>
          │    │   └ {'type': 'http', 'http_version': '1.1', 'method': 'GET', 'path': '/api/emails/be', 'raw_path': b'/api/emails/be', 'root_path'...
          │    └ <fastapi.routing.APIRouter object at 0x7fb6ad6d30>
          └ <fastapi.middleware.asyncexitstack.AsyncExitStackMiddleware object at 0x7fb61884f0>
  File "/home/pi/repo/aimbot/aimbot-backend/.venv/lib/python3.9/site-packages/starlette/routing.py", line 716, in __call__
    await self.middleware_stack(scope, receive, send)
          │    │                │      │        └ <function wrap_app_handling_exceptions.<locals>.wrapped_app.<locals>.sender at 0x7fb61493a0>
          │    │                │      └ <function _TestClientTransport.handle_request.<locals>.receive at 0x7fb61a1e50>
          │    │                └ {'type': 'http', 'http_version': '1.1', 'method': 'GET', 'path': '/api/emails/be', 'raw_path': b'/api/emails/be', 'root_path'...
          │    └ <bound method Router.app of <fastapi.routing.APIRouter object at 0x7fb6ad6d30>>
          └ <fastapi.routing.APIRouter object at 0x7fb6ad6d30>
  File "/home/pi/repo/aimbot/aimbot-backend/.venv/lib/python3.9/site-packages/starlette/routing.py", line 736, in app
    await route.handle(scope, receive, send)
          │     │      │      │        └ <function wrap_app_handling_exceptions.<locals>.wrapped_app.<locals>.sender at 0x7fb61493a0>
          │     │      │      └ <function _TestClientTransport.handle_request.<locals>.receive at 0x7fb61a1e50>
          │     │      └ {'type': 'http', 'http_version': '1.1', 'method': 'GET', 'path': '/api/emails/be', 'raw_path': b'/api/emails/be', 'root_path'...
          │     └ <function Route.handle at 0x7fb8012670>
          └ APIRoute(path='/api/emails/{email_type}', name='fetch_email', methods=['GET'])
  File "/home/pi/repo/aimbot/aimbot-backend/.venv/lib/python3.9/site-packages/starlette/routing.py", line 290, in handle
    await self.app(scope, receive, send)
          │    │   │      │        └ <function wrap_app_handling_exceptions.<locals>.wrapped_app.<locals>.sender at 0x7fb61493a0>
          │    │   │      └ <function _TestClientTransport.handle_request.<locals>.receive at 0x7fb61a1e50>
          │    │   └ {'type': 'http', 'http_version': '1.1', 'method': 'GET', 'path': '/api/emails/be', 'raw_path': b'/api/emails/be', 'root_path'...
          │    └ <function request_response.<locals>.app at 0x7fb6a9e5e0>
          └ APIRoute(path='/api/emails/{email_type}', name='fetch_email', methods=['GET'])
  File "/home/pi/repo/aimbot/aimbot-backend/.venv/lib/python3.9/site-packages/fastapi/routing.py", line 125, in app
    await wrap_app_handling_exceptions(app, request)(scope, receive, send)
          │                            │    │        │      │        └ <function wrap_app_handling_exceptions.<locals>.wrapped_app.<locals>.sender at 0x7fb61493a0>
          │                            │    │        │      └ <function _TestClientTransport.handle_request.<locals>.receive at 0x7fb61a1e50>
          │                            │    │        └ {'type': 'http', 'http_version': '1.1', 'method': 'GET', 'path': '/api/emails/be', 'raw_path': b'/api/emails/be', 'root_path'...
          │                            │    └ <starlette.requests.Request object at 0x7fb616a370>
          │                            └ <function request_response.<locals>.app.<locals>.app at 0x7fb6149430>
          └ <function wrap_app_handling_exceptions at 0x7fb80090d0>
  File "/home/pi/repo/aimbot/aimbot-backend/.venv/lib/python3.9/site-packages/starlette/_exception_handler.py", line 53, in wrapped_app
    raise exc
  File "/home/pi/repo/aimbot/aimbot-backend/.venv/lib/python3.9/site-packages/starlette/_exception_handler.py", line 42, in wrapped_app
    await app(scope, receive, sender)
          │   │      │        └ <function wrap_app_handling_exceptions.<locals>.wrapped_app.<locals>.sender at 0x7fb6149040>
          │   │      └ <function _TestClientTransport.handle_request.<locals>.receive at 0x7fb61a1e50>
          │   └ {'type': 'http', 'http_version': '1.1', 'method': 'GET', 'path': '/api/emails/be', 'raw_path': b'/api/emails/be', 'root_path'...
          └ <function request_response.<locals>.app.<locals>.app at 0x7fb6149430>
  File "/home/pi/repo/aimbot/aimbot-backend/.venv/lib/python3.9/site-packages/fastapi/routing.py", line 111, in app
    response = await f(request)
                     │ └ <starlette.requests.Request object at 0x7fb616a370>
                     └ <function get_request_handler.<locals>.app at 0x7fb6a9e550>
  File "/home/pi/repo/aimbot/aimbot-backend/.venv/lib/python3.9/site-packages/fastapi/routing.py", line 391, in app
    raw_response = await run_endpoint_function(
                         └ <function run_endpoint_function at 0x7fb80193a0>
  File "/home/pi/repo/aimbot/aimbot-backend/.venv/lib/python3.9/site-packages/fastapi/routing.py", line 290, in run_endpoint_function
    return await dependant.call(**values)
                 │         │      └ {'email_type': <EmailType.BE: 'be'>}
                 │         └ <function fetch_email at 0x7fb6af55e0>
                 └ Dependant(path_params=[ModelField(field_info=Path(PydanticUndefined), name='email_type', mode='validation')], query_params=[]...

  File "/home/pi/repo/aimbot/aimbot-backend/aimbot/main.py", line 174, in fetch_email
    results = await _gather_scraper_tasks(tasks)
                    │                     └ {'news_stories': <coroutine object BaseScraper.fetch_n_stories_for_section at 0x7fb61ae740>, 'sports_stories': <coroutine obj...
                    └ <AsyncMock name='_gather_scraper_tasks' id='548524955968'>

  File "/home/pi/.local/share/uv/python/cpython-3.9.6-linux-aarch64-gnu/lib/python3.9/unittest/mock.py", line 2154, in _execute_mock_call
    raise effect
          └ RuntimeError('Something went terribly wrong')

RuntimeError: Something went terribly wrong
06:46:08 | ERROR   | aimbot.main:save_email:348 | Failed to save email for be
Traceback (most recent call last):

  File "/home/pi/.local/share/uv/python/cpython-3.9.6-linux-aarch64-gnu/lib/python3.9/threading.py", line 930, in _bootstrap
    self._bootstrap_inner()
    │    └ <function Thread._bootstrap_inner at 0x7fb97e9790>
    └ <Thread(asyncio-portal-7fb5f58520, started daemon 548524581248)>
  File "/home/pi/.local/share/uv/python/cpython-3.9.6-linux-aarch64-gnu/lib/python3.9/threading.py", line 973, in _bootstrap_inner
    self.run()
    │    └ <function Thread.run at 0x7fb97e94c0>
    └ <Thread(asyncio-portal-7fb5f58520, started daemon 548524581248)>
  File "/home/pi/.local/share/uv/python/cpython-3.9.6-linux-aarch64-gnu/lib/python3.9/threading.py", line 910, in run
    self._target(*self._args, **self._kwargs)
    │    │        │    │        │    └ {}
    │    │        │    │        └ <Thread(asyncio-portal-7fb5f58520, started daemon 548524581248)>
    │    │        │    └ ()
    │    │        └ <Thread(asyncio-portal-7fb5f58520, started daemon 548524581248)>
    │    └ <function start_blocking_portal.<locals>.run_blocking_portal at 0x7fb6a3e280>
    └ <Thread(asyncio-portal-7fb5f58520, started daemon 548524581248)>
  File "/home/pi/repo/aimbot/aimbot-backend/.venv/lib/python3.9/site-packages/anyio/from_thread.py", line 519, in run_blocking_portal
    run_eventloop(
    └ <function run at 0x7fb90419d0>
  File "/home/pi/repo/aimbot/aimbot-backend/.venv/lib/python3.9/site-packages/anyio/_core/_eventloop.py", line 74, in run
    return async_backend.run(func, args, {}, backend_options)
           │             │   │     │         └ {}
           │             │   │     └ ()
           │             │   └ <function start_blocking_portal.<locals>.run_portal at 0x7fb61a1d30>
           │             └ <classmethod object at 0x7fb618eb50>
           └ <class 'anyio._backends._asyncio.AsyncIOBackend'>
  File "/home/pi/repo/aimbot/aimbot-backend/.venv/lib/python3.9/site-packages/anyio/_backends/_asyncio.py", line 2325, in run
    return runner.run(wrapper())
           │      │   └ <function start_blocking_portal.<locals>.run_portal at 0x7fb6a3e4c0>
           │      └ <function Runner.run at 0x7fb69faca0>
           └ <anyio._backends._asyncio.Runner object at 0x7fb5f58310>
  File "/home/pi/repo/aimbot/aimbot-backend/.venv/lib/python3.9/site-packages/anyio/_backends/_asyncio.py", line 218, in run
    return self._loop.run_until_complete(task)
           │    │     │                  └ <Task pending name='anyio.from_thread.start_blocking_portal.<locals>.run_portal' coro=<start_blocking_portal.<locals>.run_por...
           │    │     └ <function BaseEventLoop.run_until_complete at 0x7fb8e9cf70>
           │    └ <_UnixSelectorEventLoop running=True closed=False debug=False>
           └ <anyio._backends._asyncio.Runner object at 0x7fb5f58310>
  File "/home/pi/.local/share/uv/python/cpython-3.9.6-linux-aarch64-gnu/lib/python3.9/asyncio/base_events.py", line 629, in run_until_complete
    self.run_forever()
    │    └ <function BaseEventLoop.run_forever at 0x7fb8e9cee0>
    └ <_UnixSelectorEventLoop running=True closed=False debug=False>
  File "/home/pi/.local/share/uv/python/cpython-3.9.6-linux-aarch64-gnu/lib/python3.9/asyncio/base_events.py", line 596, in run_forever
    self._run_once()
    │    └ <function BaseEventLoop._run_once at 0x7fb8ea2a60>
    └ <_UnixSelectorEventLoop running=True closed=False debug=False>
  File "/home/pi/.local/share/uv/python/cpython-3.9.6-linux-aarch64-gnu/lib/python3.9/asyncio/base_events.py", line 1890, in _run_once
    handle._run()
    │      └ <function Handle._run at 0x7fb8ed53a0>
    └ <Handle <TaskStepMethWrapper object at 0x7fb5f58a30>()>
  File "/home/pi/.local/share/uv/python/cpython-3.9.6-linux-aarch64-gnu/lib/python3.9/asyncio/events.py", line 80, in _run
    self._context.run(self._callback, *self._args)
    │    │            │    │           │    └ <member '_args' of 'Handle' objects>
    │    │            │    │           └ <Handle <TaskStepMethWrapper object at 0x7fb5f58a30>()>
    │    │            │    └ <member '_callback' of 'Handle' objects>
    │    │            └ <Handle <TaskStepMethWrapper object at 0x7fb5f58a30>()>
    │    └ <member '_context' of 'Handle' objects>
    └ <Handle <TaskStepMethWrapper object at 0x7fb5f58a30>()>
  File "/home/pi/repo/aimbot/aimbot-backend/.venv/lib/python3.9/site-packages/anyio/from_thread.py", line 252, in _call_func
    retval = await retval_or_awaitable
                   └ <coroutine object FastAPI.__call__ at 0x7fb6acbb40>
  File "/home/pi/repo/aimbot/aimbot-backend/.venv/lib/python3.9/site-packages/fastapi/applications.py", line 1134, in __call__
    await super().__call__(scope, receive, send)
                           │      │        └ <function _TestClientTransport.handle_request.<locals>.send at 0x7fb61a1ee0>
                           │      └ <function _TestClientTransport.handle_request.<locals>.receive at 0x7fb8d0b700>
                           └ {'type': 'http', 'http_version': '1.1', 'method': 'POST', 'path': '/api/emails/be/save', 'raw_path': b'/api/emails/be/save', ...
  File "/home/pi/repo/aimbot/aimbot-backend/.venv/lib/python3.9/site-packages/starlette/applications.py", line 113, in __call__
    await self.middleware_stack(scope, receive, send)
          │    │                │      │        └ <function _TestClientTransport.handle_request.<locals>.send at 0x7fb61a1ee0>
          │    │                │      └ <function _TestClientTransport.handle_request.<locals>.receive at 0x7fb8d0b700>
          │    │                └ {'type': 'http', 'http_version': '1.1', 'method': 'POST', 'path': '/api/emails/be/save', 'raw_path': b'/api/emails/be/save', ...
          │    └ <starlette.middleware.errors.ServerErrorMiddleware object at 0x7fb6188ca0>
          └ <fastapi.applications.FastAPI object at 0x7fb6ad6d90>
  File "/home/pi/repo/aimbot/aimbot-backend/.venv/lib/python3.9/site-packages/starlette/middleware/errors.py", line 164, in __call__
    await self.app(scope, receive, _send)
          │    │   │      │        └ <function ServerErrorMiddleware.__call__.<locals>._send at 0x7fb5fa3ca0>
          │    │   │      └ <function _TestClientTransport.handle_request.<locals>.receive at 0x7fb8d0b700>
          │    │   └ {'type': 'http', 'http_version': '1.1', 'method': 'POST', 'path': '/api/emails/be/save', 'raw_path': b'/api/emails/be/save', ...
          │    └ <starlette.middleware.cors.CORSMiddleware object at 0x7fb6188bb0>
          └ <starlette.middleware.errors.ServerErrorMiddleware object at 0x7fb6188ca0>
  File "/home/pi/repo/aimbot/aimbot-backend/.venv/lib/python3.9/site-packages/starlette/middleware/cors.py", line 85, in __call__
    await self.app(scope, receive, send)
          │    │   │      │        └ <function ServerErrorMiddleware.__call__.<locals>._send at 0x7fb5fa3ca0>
          │    │   │      └ <function _TestClientTransport.handle_request.<locals>.receive at 0x7fb8d0b700>
          │    │   └ {'type': 'http', 'http_version': '1.1', 'method': 'POST', 'path': '/api/emails/be/save', 'raw_path': b'/api/emails/be/save', ...
          │    └ <starlette.middleware.exceptions.ExceptionMiddleware object at 0x7fb6188250>
          └ <starlette.middleware.cors.CORSMiddleware object at 0x7fb6188bb0>
  File "/home/pi/repo/aimbot/aimbot-backend/.venv/lib/python3.9/site-packages/starlette/middleware/exceptions.py", line 63, in __call__
    await wrap_app_handling_exceptions(self.app, conn)(scope, receive, send)
          │                            │    │    │     │      │        └ <function ServerErrorMiddleware.__call__.<locals>._send at 0x7fb5fa3ca0>
          │                            │    │    │     │      └ <function _TestClientTransport.handle_request.<locals>.receive at 0x7fb8d0b700>
          │                            │    │    │     └ {'type': 'http', 'http_version': '1.1', 'method': 'POST', 'path': '/api/emails/be/save', 'raw_path': b'/api/emails/be/save', ...
          │                            │    │    └ <starlette.requests.Request object at 0x7fb5f58940>
          │                            │    └ <fastapi.middleware.asyncexitstack.AsyncExitStackMiddleware object at 0x7fb61884f0>
          │                            └ <starlette.middleware.exceptions.ExceptionMiddleware object at 0x7fb6188250>
          └ <function wrap_app_handling_exceptions at 0x7fb80090d0>
  File "/home/pi/repo/aimbot/aimbot-backend/.venv/lib/python3.9/site-packages/starlette/_exception_handler.py", line 42, in wrapped_app
    await app(scope, receive, sender)
          │   │      │        └ <function wrap_app_handling_exceptions.<locals>.wrapped_app.<locals>.sender at 0x7fb5fa3dc0>
          │   │      └ <function _TestClientTransport.handle_request.<locals>.receive at 0x7fb8d0b700>
          │   └ {'type': 'http', 'http_version': '1.1', 'method': 'POST', 'path': '/api/emails/be/save', 'raw_path': b'/api/emails/be/save', ...
          └ <fastapi.middleware.asyncexitstack.AsyncExitStackMiddleware object at 0x7fb61884f0>
  File "/home/pi/repo/aimbot/aimbot-backend/.venv/lib/python3.9/site-packages/fastapi/middleware/asyncexitstack.py", line 18, in __call__
    await self.app(scope, receive, send)
          │    │   │      │        └ <function wrap_app_handling_exceptions.<locals>.wrapped_app.<locals>.sender at 0x7fb5fa3dc0>
          │    │   │      └ <function _TestClientTransport.handle_request.<locals>.receive at 0x7fb8d0b700>
          │    │   └ {'type': 'http', 'http_version': '1.1', 'method': 'POST', 'path': '/api/emails/be/save', 'raw_path': b'/api/emails/be/save', ...
          │    └ <fastapi.routing.APIRouter object at 0x7fb6ad6d30>
          └ <fastapi.middleware.asyncexitstack.AsyncExitStackMiddleware object at 0x7fb61884f0>
  File "/home/pi/repo/aimbot/aimbot-backend/.venv/lib/python3.9/site-packages/starlette/routing.py", line 716, in __call__
    await self.middleware_stack(scope, receive, send)
          │    │                │      │        └ <function wrap_app_handling_exceptions.<locals>.wrapped_app.<locals>.sender at 0x7fb5fa3dc0>
          │    │                │      └ <function _TestClientTransport.handle_request.<locals>.receive at 0x7fb8d0b700>
          │    │                └ {'type': 'http', 'http_version': '1.1', 'method': 'POST', 'path': '/api/emails/be/save', 'raw_path': b'/api/emails/be/save', ...
          │    └ <bound method Router.app of <fastapi.routing.APIRouter object at 0x7fb6ad6d30>>
          └ <fastapi.routing.APIRouter object at 0x7fb6ad6d30>
  File "/home/pi/repo/aimbot/aimbot-backend/.venv/lib/python3.9/site-packages/starlette/routing.py", line 736, in app
    await route.handle(scope, receive, send)
          │     │      │      │        └ <function wrap_app_handling_exceptions.<locals>.wrapped_app.<locals>.sender at 0x7fb5fa3dc0>
          │     │      │      └ <function _TestClientTransport.handle_request.<locals>.receive at 0x7fb8d0b700>
          │     │      └ {'type': 'http', 'http_version': '1.1', 'method': 'POST', 'path': '/api/emails/be/save', 'raw_path': b'/api/emails/be/save', ...
          │     └ <function Route.handle at 0x7fb8012670>
          └ APIRoute(path='/api/emails/{email_type}/save', name='save_email', methods=['POST'])
  File "/home/pi/repo/aimbot/aimbot-backend/.venv/lib/python3.9/site-packages/starlette/routing.py", line 290, in handle
    await self.app(scope, receive, send)
          │    │   │      │        └ <function wrap_app_handling_exceptions.<locals>.wrapped_app.<locals>.sender at 0x7fb5fa3dc0>
          │    │   │      └ <function _TestClientTransport.handle_request.<locals>.receive at 0x7fb8d0b700>
          │    │   └ {'type': 'http', 'http_version': '1.1', 'method': 'POST', 'path': '/api/emails/be/save', 'raw_path': b'/api/emails/be/save', ...
          │    └ <function request_response.<locals>.app at 0x7fb6a9eee0>
          └ APIRoute(path='/api/emails/{email_type}/save', name='save_email', methods=['POST'])
  File "/home/pi/repo/aimbot/aimbot-backend/.venv/lib/python3.9/site-packages/fastapi/routing.py", line 125, in app
    await wrap_app_handling_exceptions(app, request)(scope, receive, send)
          │                            │    │        │      │        └ <function wrap_app_handling_exceptions.<locals>.wrapped_app.<locals>.sender at 0x7fb5fa3dc0>
          │                            │    │        │      └ <function _TestClientTransport.handle_request.<locals>.receive at 0x7fb8d0b700>
          │                            │    │        └ {'type': 'http', 'http_version': '1.1', 'method': 'POST', 'path': '/api/emails/be/save', 'raw_path': b'/api/emails/be/save', ...
          │                            │    └ <starlette.requests.Request object at 0x7fb5f58c40>
          │                            └ <function request_response.<locals>.app.<locals>.app at 0x7fb5fa3c10>
          └ <function wrap_app_handling_exceptions at 0x7fb80090d0>
  File "/home/pi/repo/aimbot/aimbot-backend/.venv/lib/python3.9/site-packages/starlette/_exception_handler.py", line 42, in wrapped_app
    await app(scope, receive, sender)
          │   │      │        └ <function wrap_app_handling_exceptions.<locals>.wrapped_app.<locals>.sender at 0x7fb5fa3d30>
          │   │      └ <function _TestClientTransport.handle_request.<locals>.receive at 0x7fb8d0b700>
          │   └ {'type': 'http', 'http_version': '1.1', 'method': 'POST', 'path': '/api/emails/be/save', 'raw_path': b'/api/emails/be/save', ...
          └ <function request_response.<locals>.app.<locals>.app at 0x7fb5fa3c10>
  File "/home/pi/repo/aimbot/aimbot-backend/.venv/lib/python3.9/site-packages/fastapi/routing.py", line 111, in app
    response = await f(request)
                     │ └ <starlette.requests.Request object at 0x7fb5f58c40>
                     └ <function get_request_handler.<locals>.app at 0x7fb6a9ee50>
  File "/home/pi/repo/aimbot/aimbot-backend/.venv/lib/python3.9/site-packages/fastapi/routing.py", line 391, in app
    raw_response = await run_endpoint_function(
                         └ <function run_endpoint_function at 0x7fb80193a0>
  File "/home/pi/repo/aimbot/aimbot-backend/.venv/lib/python3.9/site-packages/fastapi/routing.py", line 290, in run_endpoint_function
    return await dependant.call(**values)
                 │         │      └ {'email_type': <EmailType.BE: 'be'>, 'email_data': BEEmailData(date=1 June 2025, 0 news stories)}
                 │         └ <function save_email at 0x7fb6a91040>
                 └ Dependant(path_params=[ModelField(field_info=Path(PydanticUndefined), name='email_type', mode='validation')], query_params=[]...

> File "/home/pi/repo/aimbot/aimbot-backend/aimbot/main.py", line 342, in save_email
    success = email_cache.save(email_type.value, email_data.model_dump())
              │           │    │          │      │          └ <function BaseModel.model_dump at 0x7fb84eeee0>
              │           │    │          │      └ BEEmailData(date=1 June 2025, 0 news stories)
              │           │    │          └ <types.DynamicClassAttribute object at 0x7fb9a22340>
              │           │    └ <EmailType.BE: 'be'>
              │           └ <MagicMock name='save' id='548515786560'>
              └ <aimbot.cache.EmailCache object at 0x7fb6af1070>

  File "/home/pi/.local/share/uv/python/cpython-3.9.6-linux-aarch64-gnu/lib/python3.9/unittest/mock.py", line 1093, in __call__
    return self._mock_call(*args, **kwargs)
           │    │           │       └ {}
           │    │           └ ('be', {'top_image': {'url': '', 'author': '', 'text': '', 'link': None, 'takeover': False}, 'tides': '', 'weather': '', 'dat...
           │    └ <function CallableMixin._mock_call at 0x7fb8ceec10>
           └ <MagicMock name='save' id='548515786560'>
  File "/home/pi/.local/share/uv/python/cpython-3.9.6-linux-aarch64-gnu/lib/python3.9/unittest/mock.py", line 1097, in _mock_call
    return self._execute_mock_call(*args, **kwargs)
           │    │                   │       └ {}
           │    │                   └ ('be', {'top_image': {'url': '', 'author': '', 'text': '', 'link': None, 'takeover': False}, 'tides': '', 'weather': '', 'dat...
           │    └ <function CallableMixin._execute_mock_call at 0x7fb8ceed30>
           └ <MagicMock name='save' id='548515786560'>
  File "/home/pi/.local/share/uv/python/cpython-3.9.6-linux-aarch64-gnu/lib/python3.9/unittest/mock.py", line 1152, in _execute_mock_call
    raise effect
          └ ValueError('Disk full')

ValueError: Disk full
06:46:08 | DEBUG   | aimbot.scrapers.news.base:fetch_n_stories_for_section:74 | fetch_n_stories_for_section called for section 'news' with limit 10
06:46:08 | DEBUG   | aimbot.scrapers.news.be:get_story_urls:81 | Fetching story URLs for section: news
06:46:08 | DEBUG   | aimbot.scrapers.news.be:get_story_urls:86 | Fetching homepage: https://www.bailiwickexpress.com/news/
06:46:08 | DEBUG   | aimbot.scrapers.news.base:fetch_n_stories_for_section:74 | fetch_n_stories_for_section called for section 'sport' with limit 2
06:46:08 | DEBUG   | aimbot.scrapers.news.be:get_story_urls:81 | Fetching story URLs for section: sport
06:46:08 | DEBUG   | aimbot.scrapers.news.be:get_story_urls:86 | Fetching homepage: https://www.bailiwickexpress.com/jsy-sport/
06:46:08 | DEBUG   | aimbot.scrapers.news.base:fetch_n_stories_for_section:74 | fetch_n_stories_for_section called for section 'business' with limit 2
06:46:08 | DEBUG   | aimbot.scrapers.news.be:get_story_urls:81 | Fetching story URLs for section: business
06:46:08 | DEBUG   | aimbot.scrapers.news.be:get_story_urls:86 | Fetching homepage: https://www.bailiwickexpress.com/jsy-business/
06:46:08 | DEBUG   | aimbot.scrapers.news.base:fetch_n_stories_for_section:74 | fetch_n_stories_for_section called for section 'opinion' with limit 2
06:46:08 | DEBUG   | aimbot.scrapers.news.be:get_story_urls:81 | Fetching story URLs for section: opinion
06:46:08 | DEBUG   | aimbot.scrapers.news.be:get_story_urls:86 | Fetching homepage: https://www.bailiwickexpress.com/opinion-jersey/
06:46:08 | DEBUG   | aimbot.scrapers.news.base:fetch_n_stories_for_section:74 | fetch_n_stories_for_section called for section 'community' with limit 2
06:46:08 | DEBUG   | aimbot.scrapers.news.be:get_story_urls:81 | Fetching story URLs for section: community
06:46:08 | DEBUG   | aimbot.scrapers.news.be:get_story_urls:86 | Fetching homepage: https://www.bailiwickexpress.com/jsy-community/
06:46:08 | DEBUG   | aimbot.scrapers.news.base:fetch_n_stories_for_section:74 | fetch_n_stories_for_section called for section 'podcasts' with limit 2
06:46:08 | DEBUG   | aimbot.scrapers.news.be:get_story_urls:81 | Fetching story URLs for section: podcasts
06:46:08 | DEBUG   | aimbot.scrapers.news.be:get_story_urls:86 | Fetching homepage: https://www.bailiwickexpress.com/jsy-radio-podcasts/
06:46:11 | DEBUG   | aimbot.scrapers.news.be:get_story_urls:90 | Found 16 articles on homepage
06:46:11 | DEBUG   | aimbot.scrapers.news.be:get_story_urls:98 | Extracted 2 unique story URLs
06:46:11 | DEBUG   | aimbot.scrapers.news.base:fetch_n_stories_for_section:76 | Got 2 URLs to fetch
06:46:11 | DEBUG   | aimbot.scrapers.news.be:get_story_urls:90 | Found 20 articles on homepage
06:46:11 | DEBUG   | aimbot.scrapers.news.be:get_story_urls:98 | Extracted 2 unique story URLs
06:46:11 | DEBUG   | aimbot.scrapers.news.base:fetch_n_stories_for_section:76 | Got 2 URLs to fetch
06:46:11 | DEBUG   | aimbot.scrapers.news.be:get_story_urls:90 | Found 16 articles on homepage
06:46:11 | DEBUG   | aimbot.scrapers.news.be:get_story_urls:98 | Extracted 2 unique story URLs
06:46:11 | DEBUG   | aimbot.scrapers.news.base:fetch_n_stories_for_section:76 | Got 2 URLs to fetch
06:46:11 | DEBUG   | aimbot.scrapers.news.be:get_story_urls:90 | Found 16 articles on homepage
06:46:11 | DEBUG   | aimbot.scrapers.news.be:get_story_urls:98 | Extracted 2 unique story URLs
06:46:11 | DEBUG   | aimbot.scrapers.news.base:fetch_n_stories_for_section:76 | Got 2 URLs to fetch
06:46:11 | DEBUG   | aimbot.scrapers.news.be:get_story_urls:90 | Found 33 articles on homepage
06:46:11 | DEBUG   | aimbot.scrapers.news.be:get_story_urls:98 | Extracted 10 unique story URLs
06:46:11 | DEBUG   | aimbot.scrapers.news.base:fetch_n_stories_for_section:76 | Got 10 URLs to fetch
06:46:13 | DEBUG   | aimbot.scrapers.news.be:get_story_urls:90 | Found 71 articles on homepage
06:46:13 | DEBUG   | aimbot.scrapers.news.be:get_story_urls:98 | Extracted 2 unique story URLs
06:46:13 | DEBUG   | aimbot.scrapers.news.base:fetch_n_stories_for_section:76 | Got 2 URLs to fetch
06:46:13 | DEBUG   | aimbot.scrapers.news.base:fetch_n_stories_for_section:78 | Fetched 2 responses
06:46:13 | DEBUG   | aimbot.scrapers.news.be:parse:33 | Parsing story from https://www.bailiwickexpress.com/opinion/open-letter-your-conclusions-overstate-both-the-risks-facing-jersey-and-the-shortcomings-of-current-preparedness/
06:46:13 | DEBUG   | aimbot.scrapers.news.be:parse:37 | Found headline: OPEN LETTER: “Your conclusions overstate both the risks facing Jersey and the shortcomings of current preparedness”
06:46:13 | DEBUG   | aimbot.scrapers.news.be:parse:42 | Extracted 19 paragraphs, total length: 4487 chars
06:46:13 | DEBUG   | aimbot.scrapers.news.be:parse:47 | Parsed date: 2026-04-02 00:00:00
06:46:13 | DEBUG   | aimbot.scrapers.news.be:parse:57 | Found author: Bailiwick Express News Team
06:46:13 | DEBUG   | aimbot.scrapers.news.be:parse:62 | Found image URL: https://i0.wp.com/www.bailiwickexpress.com/wp-content/uploads/2026/04/christie-covers-17.png
06:46:13 | DEBUG   | aimbot.scrapers.news.be:parse:67 | Successfully parsed story: OPEN LETTER: “Your conclusions overstate both the risks facing Jersey and the shortcomings of current preparedness”
06:46:13 | DEBUG   | aimbot.scrapers.news.be:parse:33 | Parsing story from https://www.bailiwickexpress.com/opinion/open-letter-go-the-extra-mile-now-to-ensure-the-safety-of-the-island/
06:46:13 | DEBUG   | aimbot.scrapers.news.be:parse:37 | Found headline: OPEN LETTER: “Go the extra mile now to ensure the safety of the island”
06:46:13 | DEBUG   | aimbot.scrapers.news.be:parse:42 | Extracted 10 paragraphs, total length: 2870 chars
06:46:13 | DEBUG   | aimbot.scrapers.news.be:parse:47 | Parsed date: 2026-03-30 00:00:00
06:46:13 | DEBUG   | aimbot.scrapers.news.be:parse:57 | Found author: Christie Bailey
06:46:13 | DEBUG   | aimbot.scrapers.news.be:parse:62 | Found image URL: https://i0.wp.com/www.bailiwickexpress.com/wp-content/uploads/2026/03/Screenshot-2026-03-30-at-12.14.38.png
06:46:13 | DEBUG   | aimbot.scrapers.news.be:parse:67 | Successfully parsed story: OPEN LETTER: “Go the extra mile now to ensure the safety of the island”
06:46:13 | DEBUG   | aimbot.scrapers.news.base:fetch_n_stories_for_section:86 | Successfully parsed 2 stories out of 2 responses
06:46:13 | DEBUG   | aimbot.scrapers.news.base:fetch_n_stories_for_section:78 | Fetched 2 responses
06:46:13 | DEBUG   | aimbot.scrapers.news.be:parse:33 | Parsing story from https://www.bailiwickexpress.com/sport/supertri-returns-to-jersey-for-all-star-showdown/
06:46:13 | DEBUG   | aimbot.scrapers.news.be:parse:37 | Found headline: Supertri returns to Jersey for all-star showdown
06:46:13 | DEBUG   | aimbot.scrapers.news.be:parse:42 | Extracted 15 paragraphs, total length: 2566 chars
06:46:13 | DEBUG   | aimbot.scrapers.news.be:parse:47 | Parsed date: 2026-05-20 00:00:00
06:46:13 | DEBUG   | aimbot.scrapers.news.be:parse:57 | Found author: Elliot Corbel
06:46:13 | DEBUG   | aimbot.scrapers.news.be:parse:62 | Found image URL: https://i0.wp.com/www.bailiwickexpress.com/wp-content/uploads/2025/09/40973926-scaled-e1779271058304.jpg
06:46:13 | DEBUG   | aimbot.scrapers.news.be:parse:67 | Successfully parsed story: Supertri returns to Jersey for all-star showdown
06:46:13 | DEBUG   | aimbot.scrapers.news.be:parse:33 | Parsing story from https://www.bailiwickexpress.com/sport/listen-siam-success-muratti-heartbreak-rozel-silverware/
06:46:13 | DEBUG   | aimbot.scrapers.news.be:parse:37 | Found headline: LISTEN: Siam success, Muratti heartbreak & Rozel silverware
06:46:13 | DEBUG   | aimbot.scrapers.news.be:parse:42 | Extracted 12 paragraphs, total length: 2878 chars
06:46:13 | DEBUG   | aimbot.scrapers.news.be:parse:47 | Parsed date: 2026-05-19 00:00:00
06:46:13 | DEBUG   | aimbot.scrapers.news.be:parse:57 | Found author: Bailiwick Express
06:46:13 | DEBUG   | aimbot.scrapers.news.be:parse:62 | Found image URL: https://i0.wp.com/www.bailiwickexpress.com/wp-content/uploads/2026/05/Pod-artwork-refresh-2.jpg
06:46:13 | DEBUG   | aimbot.scrapers.news.be:parse:67 | Successfully parsed story: LISTEN: Siam success, Muratti heartbreak & Rozel silverware
06:46:13 | DEBUG   | aimbot.scrapers.news.base:fetch_n_stories_for_section:86 | Successfully parsed 2 stories out of 2 responses
06:46:13 | DEBUG   | aimbot.scrapers.news.base:fetch_n_stories_for_section:78 | Fetched 2 responses
06:46:13 | DEBUG   | aimbot.scrapers.news.be:parse:33 | Parsing story from https://www.bailiwickexpress.com/community/hotel-group-gives-dementia-charity-20k-boost/
06:46:13 | DEBUG   | aimbot.scrapers.news.be:parse:37 | Found headline: Hotel group gives dementia charity £20k boost
06:46:13 | DEBUG   | aimbot.scrapers.news.be:parse:42 | Extracted 7 paragraphs, total length: 1471 chars
06:46:13 | DEBUG   | aimbot.scrapers.news.be:parse:47 | Parsed date: 2026-05-12 00:00:00
06:46:13 | DEBUG   | aimbot.scrapers.news.be:parse:57 | Found author: Bailiwick Express Community
06:46:13 | DEBUG   | aimbot.scrapers.news.be:parse:62 | Found image URL: https://i0.wp.com/www.bailiwickexpress.com/wp-content/uploads/2026/05/Dementia-Jersey-team-shot-scaled.jpeg
06:46:13 | DEBUG   | aimbot.scrapers.news.be:parse:67 | Successfully parsed story: Hotel group gives dementia charity £20k boost
06:46:13 | DEBUG   | aimbot.scrapers.news.be:parse:33 | Parsing story from https://www.bailiwickexpress.com/community/jersey-schools-snorkel-trail-education-programme-reaches-over-1500-pupils/
06:46:13 | DEBUG   | aimbot.scrapers.news.be:parse:37 | Found headline: Jersey schools snorkel trail education programme reaches over 1,500 pupils
06:46:13 | DEBUG   | aimbot.scrapers.news.be:parse:42 | Extracted 6 paragraphs, total length: 2285 chars
06:46:13 | DEBUG   | aimbot.scrapers.news.be:parse:47 | Parsed date: 2026-04-23 00:00:00
06:46:13 | DEBUG   | aimbot.scrapers.news.be:parse:57 | Found author: Bailiwick Express Community
06:46:13 | DEBUG   | aimbot.scrapers.news.be:parse:62 | Found image URL: https://i0.wp.com/www.bailiwickexpress.com/wp-content/uploads/2026/04/Mourant-Blue-Marine-Snorkel-Donation-3-scaled.jpg
06:46:13 | DEBUG   | aimbot.scrapers.news.be:parse:67 | Successfully parsed story: Jersey schools snorkel trail education programme reaches over 1,500 pupils
06:46:13 | DEBUG   | aimbot.scrapers.news.base:fetch_n_stories_for_section:86 | Successfully parsed 2 stories out of 2 responses
06:46:15 | DEBUG   | aimbot.scrapers.news.base:fetch_n_stories_for_section:78 | Fetched 2 responses
06:46:15 | DEBUG   | aimbot.scrapers.news.be:parse:33 | Parsing story from https://www.bailiwickexpress.com/business/highly-respected-operational-leader-at-jersey-water-shortlisted-for-award/
06:46:15 | DEBUG   | aimbot.scrapers.news.be:parse:37 | Found headline: “Highly respected” operational leader at Jersey Water shortlisted for award
06:46:15 | DEBUG   | aimbot.scrapers.news.be:parse:42 | Extracted 10 paragraphs, total length: 1749 chars
06:46:15 | DEBUG   | aimbot.scrapers.news.be:parse:47 | Parsed date: 2026-05-21 00:00:00
06:46:15 | DEBUG   | aimbot.scrapers.news.be:parse:57 | Found author: James Jeune
06:46:15 | DEBUG   | aimbot.scrapers.news.be:parse:62 | Found image URL: https://i0.wp.com/www.bailiwickexpress.com/wp-content/uploads/2026/05/Jeanette-Sheldon-scaled.jpg
06:46:15 | DEBUG   | aimbot.scrapers.news.be:parse:67 | Successfully parsed story: “Highly respected” operational leader at Jersey Water shortlisted for award
06:46:15 | DEBUG   | aimbot.scrapers.news.be:parse:33 | Parsing story from https://www.bailiwickexpress.com/business/polygon-pensions-acquired-by-bwci-group/
06:46:15 | DEBUG   | aimbot.scrapers.news.be:parse:37 | Found headline: Polygon Pensions acquired by BWCI Group
06:46:15 | DEBUG   | aimbot.scrapers.news.be:parse:42 | Extracted 13 paragraphs, total length: 2286 chars
06:46:15 | DEBUG   | aimbot.scrapers.news.be:parse:47 | Parsed date: 2026-05-20 00:00:00
06:46:15 | DEBUG   | aimbot.scrapers.news.be:parse:57 | Found author: James Jeune
06:46:15 | DEBUG   | aimbot.scrapers.news.be:parse:62 | Found image URL: https://i0.wp.com/www.bailiwickexpress.com/wp-content/uploads/2026/05/Stephen-Ainsworth-3-scaled.jpg
06:46:15 | DEBUG   | aimbot.scrapers.news.be:parse:67 | Successfully parsed story: Polygon Pensions acquired by BWCI Group
06:46:15 | DEBUG   | aimbot.scrapers.news.base:fetch_n_stories_for_section:86 | Successfully parsed 2 stories out of 2 responses
06:46:17 | DEBUG   | aimbot.scrapers.news.base:fetch_n_stories_for_section:78 | Fetched 2 responses
06:46:17 | DEBUG   | aimbot.scrapers.news.be:parse:33 | Parsing story from https://www.bailiwickexpress.com/sport/listen-siam-success-muratti-heartbreak-rozel-silverware/
06:46:17 | DEBUG   | aimbot.scrapers.news.be:parse:37 | Found headline: LISTEN: Siam success, Muratti heartbreak & Rozel silverware
06:46:17 | DEBUG   | aimbot.scrapers.news.be:parse:42 | Extracted 12 paragraphs, total length: 2878 chars
06:46:17 | DEBUG   | aimbot.scrapers.news.be:parse:47 | Parsed date: 2026-05-19 00:00:00
06:46:17 | DEBUG   | aimbot.scrapers.news.be:parse:57 | Found author: Bailiwick Express
06:46:17 | DEBUG   | aimbot.scrapers.news.be:parse:62 | Found image URL: https://i0.wp.com/www.bailiwickexpress.com/wp-content/uploads/2026/05/Pod-artwork-refresh-2.jpg
06:46:17 | DEBUG   | aimbot.scrapers.news.be:parse:67 | Successfully parsed story: LISTEN: Siam success, Muratti heartbreak & Rozel silverware
06:46:17 | DEBUG   | aimbot.scrapers.news.be:parse:33 | Parsing story from https://www.bailiwickexpress.com/sport/the-cool-down-hockey-glory-bulls-double-push-and-bowls-success/
06:46:17 | DEBUG   | aimbot.scrapers.news.be:parse:37 | Found headline: The Cool Down: Hockey Glory, Bulls Double Push and Bowls Success
06:46:17 | DEBUG   | aimbot.scrapers.news.be:parse:42 | Extracted 8 paragraphs, total length: 2150 chars
06:46:17 | DEBUG   | aimbot.scrapers.news.be:parse:47 | Parsed date: 2026-04-14 00:00:00
06:46:17 | DEBUG   | aimbot.scrapers.news.be:parse:57 | Found author: Bailiwick Express
06:46:17 | DEBUG   | aimbot.scrapers.news.be:parse:62 | Found image URL: https://i0.wp.com/www.bailiwickexpress.com/wp-content/uploads/2026/04/Pod-artwork-refresh.jpg
06:46:17 | DEBUG   | aimbot.scrapers.news.be:parse:67 | Successfully parsed story: The Cool Down: Hockey Glory, Bulls Double Push and Bowls Success
06:46:17 | DEBUG   | aimbot.scrapers.news.base:fetch_n_stories_for_section:86 | Successfully parsed 2 stories out of 2 responses
06:46:18 | DEBUG   | aimbot.scrapers.news.base:fetch_n_stories_for_section:78 | Fetched 10 responses
06:46:18 | DEBUG   | aimbot.scrapers.news.be:parse:33 | Parsing story from https://www.bailiwickexpress.com/news/who-did-business-leaders-name-as-their-top-senatorial-candidate/
06:46:18 | DEBUG   | aimbot.scrapers.news.be:parse:37 | Found headline: Who did business leaders name as their top Senatorial candidate?
06:46:18 | DEBUG   | aimbot.scrapers.news.be:parse:42 | Extracted 16 paragraphs, total length: 4547 chars
06:46:18 | DEBUG   | aimbot.scrapers.news.be:parse:47 | Parsed date: 2026-05-21 00:00:00
06:46:18 | DEBUG   | aimbot.scrapers.news.be:parse:57 | Found author: Tom Innes
06:46:18 | DEBUG   | aimbot.scrapers.news.be:parse:62 | Found image URL: https://i0.wp.com/www.bailiwickexpress.com/wp-content/uploads/2026/05/Senator-Candidates-Chamber.jpg
06:46:18 | DEBUG   | aimbot.scrapers.news.be:parse:67 | Successfully parsed story: Who did business leaders name as their top Senatorial candidate?
06:46:18 | DEBUG   | aimbot.scrapers.news.be:parse:33 | Parsing story from https://www.bailiwickexpress.com/news/%e2%ac%a5election-live-keep-the-current-or-back-to-the-future-with-st-brelades-constable/
06:46:18 | DEBUG   | aimbot.scrapers.news.be:parse:37 | Found headline: ⬥ELECTION LIVE: Keep the current or back to the future with St Brelade’s Constable?
06:46:18 | DEBUG   | aimbot.scrapers.news.be:parse:42 | Extracted 0 paragraphs, total length: 0 chars
06:46:18 | DEBUG   | aimbot.scrapers.news.be:parse:47 | Parsed date: 2026-05-21 00:00:00
06:46:18 | DEBUG   | aimbot.scrapers.news.be:parse:57 | Found author: James Jeune
06:46:18 | DEBUG   | aimbot.scrapers.news.be:parse:62 | Found image URL: https://i0.wp.com/www.bailiwickexpress.com/wp-content/uploads/2026/05/MOST-READ-2.jpg
06:46:18 | DEBUG   | aimbot.scrapers.news.be:parse:67 | Successfully parsed story: ⬥ELECTION LIVE: Keep the current or back to the future with St Brelade’s Constable?
06:46:18 | DEBUG   | aimbot.scrapers.news.be:parse:33 | Parsing story from https://www.bailiwickexpress.com/news/part-of-controversial-nude-dunes-site-advertised-for-rent/
06:46:18 | DEBUG   | aimbot.scrapers.news.be:parse:37 | Found headline: Part of controversial Nude Dunes site advertised for rent
06:46:18 | DEBUG   | aimbot.scrapers.news.be:parse:42 | Extracted 12 paragraphs, total length: 2025 chars
06:46:18 | DEBUG   | aimbot.scrapers.news.be:parse:47 | Parsed date: 2026-05-21 00:00:00
06:46:18 | DEBUG   | aimbot.scrapers.news.be:parse:57 | Found author: James Jeune
06:46:18 | DEBUG   | aimbot.scrapers.news.be:parse:62 | Found image URL: https://i0.wp.com/www.bailiwickexpress.com/wp-content/uploads/2026/05/Img38948375.jpg
06:46:18 | DEBUG   | aimbot.scrapers.news.be:parse:67 | Successfully parsed story: Part of controversial Nude Dunes site advertised for rent
06:46:18 | DEBUG   | aimbot.scrapers.news.be:parse:33 | Parsing story from https://www.bailiwickexpress.com/news/man-jailed-after-series-of-violent-incidents/
06:46:18 | DEBUG   | aimbot.scrapers.news.be:parse:37 | Found headline: Man jailed after “series of violent incidents”
06:46:18 | DEBUG   | aimbot.scrapers.news.be:parse:42 | Extracted 34 paragraphs, total length: 5175 chars
06:46:18 | DEBUG   | aimbot.scrapers.news.be:parse:47 | Parsed date: 2026-05-21 00:00:00
06:46:18 | DEBUG   | aimbot.scrapers.news.be:parse:57 | Found author: James Sharp
06:46:18 | DEBUG   | aimbot.scrapers.news.be:parse:62 | Found image URL: https://i0.wp.com/www.bailiwickexpress.com/wp-content/uploads/2026/05/christie-covers-36.png
06:46:18 | DEBUG   | aimbot.scrapers.news.be:parse:67 | Successfully parsed story: Man jailed after “series of violent incidents”
06:46:18 | DEBUG   | aimbot.scrapers.news.be:parse:33 | Parsing story from https://www.bailiwickexpress.com/news/aim-for-chronic-fatigue-and-fibromyalgia-support-group-after-express-story/
06:46:18 | DEBUG   | aimbot.scrapers.news.be:parse:37 | Found headline: Aim for chronic fatigue and fibromyalgia support group after Express story
06:46:18 | DEBUG   | aimbot.scrapers.news.be:parse:42 | Extracted 28 paragraphs, total length: 4776 chars
06:46:18 | DEBUG   | aimbot.scrapers.news.be:parse:47 | Parsed date: 2026-05-21 00:00:00
06:46:18 | DEBUG   | aimbot.scrapers.news.be:parse:57 | Found author: Julien Morel
06:46:18 | DEBUG   | aimbot.scrapers.news.be:parse:62 | Found image URL: https://i0.wp.com/www.bailiwickexpress.com/wp-content/uploads/2026/05/christie-covers-37.png
06:46:18 | DEBUG   | aimbot.scrapers.news.be:parse:67 | Successfully parsed story: Aim for chronic fatigue and fibromyalgia support group after Express story
06:46:18 | DEBUG   | aimbot.scrapers.news.be:parse:33 | Parsing story from https://www.bailiwickexpress.com/news/focus-who-is-standing-for-deputy-in-st-john-st-lawrence-and-trinity/
06:46:18 | DEBUG   | aimbot.scrapers.news.be:parse:37 | Found headline: FOCUS: Who is standing for Deputy in St John, St Lawrence and Trinity?
06:46:18 | DEBUG   | aimbot.scrapers.news.be:parse:42 | Extracted 33 paragraphs, total length: 5057 chars
06:46:18 | DEBUG   | aimbot.scrapers.news.be:parse:47 | Parsed date: 2026-05-21 00:00:00
06:46:18 | DEBUG   | aimbot.scrapers.news.be:parse:57 | Found author: Antonia Rubio
06:46:18 | DEBUG   | aimbot.scrapers.news.be:parse:62 | Found image URL: https://i0.wp.com/www.bailiwickexpress.com/wp-content/uploads/2026/05/Antonia-Covers-36.jpg
06:46:18 | DEBUG   | aimbot.scrapers.news.be:parse:67 | Successfully parsed story: FOCUS: Who is standing for Deputy in St John, St Lawrence and Trinity?
06:46:18 | DEBUG   | aimbot.scrapers.news.be:parse:33 | Parsing story from https://www.bailiwickexpress.com/news/witnesses-sought-after-window-shattered-at-town-barber-shop/
06:46:18 | DEBUG   | aimbot.scrapers.news.be:parse:37 | Found headline: Witnesses sought after window shattered at town barber shop
06:46:18 | DEBUG   | aimbot.scrapers.news.be:parse:42 | Extracted 6 paragraphs, total length: 1009 chars
06:46:18 | DEBUG   | aimbot.scrapers.news.be:parse:47 | Parsed date: 2026-05-21 00:00:00
06:46:18 | DEBUG   | aimbot.scrapers.news.be:parse:57 | Found author: Fiona Potigny
06:46:19 | DEBUG   | aimbot.scrapers.news.be:parse:62 | Found image URL: https://i0.wp.com/www.bailiwickexpress.com/wp-content/uploads/2025/04/EMERGENCY-SERVICES.States-of-Jersey-Police.jpg
06:46:19 | DEBUG   | aimbot.scrapers.news.be:parse:67 | Successfully parsed story: Witnesses sought after window shattered at town barber shop
06:46:19 | DEBUG   | aimbot.scrapers.news.be:parse:33 | Parsing story from https://www.bailiwickexpress.com/news/%e2%ac%a5election-live-trio-battle-for-constable-of-st-saviour/
06:46:19 | DEBUG   | aimbot.scrapers.news.be:parse:37 | Found headline: ⬥ELECTION LIVE: Trio battle for Constable of St Saviour
06:46:19 | DEBUG   | aimbot.scrapers.news.be:parse:42 | Extracted 0 paragraphs, total length: 0 chars
06:46:19 | DEBUG   | aimbot.scrapers.news.be:parse:47 | Parsed date: 2026-05-20 00:00:00
06:46:19 | DEBUG   | aimbot.scrapers.news.be:parse:57 | Found author: Tom Innes
06:46:19 | DEBUG   | aimbot.scrapers.news.be:parse:62 | Found image URL: https://i0.wp.com/www.bailiwickexpress.com/wp-content/uploads/2026/05/ST-SAVIOUR-CONSTABLE-2.jpg
06:46:19 | DEBUG   | aimbot.scrapers.news.be:parse:67 | Successfully parsed story: ⬥ELECTION LIVE: Trio battle for Constable of St Saviour
06:46:19 | DEBUG   | aimbot.scrapers.news.be:parse:33 | Parsing story from https://www.bailiwickexpress.com/news/%e2%ac%a5election-live-senatorial-hustings-in-st-martin/
06:46:19 | DEBUG   | aimbot.scrapers.news.be:parse:37 | Found headline: ⬥ELECTION LIVE: Senatorial hustings in St Martin
06:46:19 | DEBUG   | aimbot.scrapers.news.be:parse:42 | Extracted 2 paragraphs, total length: 294 chars
06:46:19 | DEBUG   | aimbot.scrapers.news.be:parse:47 | Parsed date: 2026-05-20 00:00:00
06:46:19 | DEBUG   | aimbot.scrapers.news.be:parse:57 | Found author: Julien Morel
06:46:19 | DEBUG   | aimbot.scrapers.news.be:parse:62 | Found image URL: https://i0.wp.com/www.bailiwickexpress.com/wp-content/uploads/2026/05/Screenshot-2026-05-20-at-16.49.03.png
06:46:19 | DEBUG   | aimbot.scrapers.news.be:parse:67 | Successfully parsed story: ⬥ELECTION LIVE: Senatorial hustings in St Martin
06:46:19 | DEBUG   | aimbot.scrapers.news.be:parse:33 | Parsing story from https://www.bailiwickexpress.com/news/family-homes-planned-for-abandoned-site-on-college-hill/
06:46:19 | DEBUG   | aimbot.scrapers.news.be:parse:37 | Found headline: Family homes planned for abandoned site on College Hill
06:46:19 | DEBUG   | aimbot.scrapers.news.be:parse:42 | Extracted 11 paragraphs, total length: 1658 chars
06:46:19 | DEBUG   | aimbot.scrapers.news.be:parse:47 | Parsed date: 2026-05-20 00:00:00
06:46:19 | DEBUG   | aimbot.scrapers.news.be:parse:57 | Found author: Christie Bailey
06:46:19 | DEBUG   | aimbot.scrapers.news.be:parse:62 | Found image URL: https://i0.wp.com/www.bailiwickexpress.com/wp-content/uploads/2026/05/christie-covers-35.png
06:46:19 | DEBUG   | aimbot.scrapers.news.be:parse:67 | Successfully parsed story: Family homes planned for abandoned site on College Hill
06:46:19 | DEBUG   | aimbot.scrapers.news.base:fetch_n_stories_for_section:86 | Successfully parsed 10 stories out of 10 responses
06:46:19 | DEBUG   | aimbot.scrapers.news.base:fetch_n_stories_for_section:74 | fetch_n_stories_for_section called for section 'news' with limit 10
06:46:19 | DEBUG   | aimbot.scrapers.news.base:fetch_n_stories_for_section:74 | fetch_n_stories_for_section called for section 'sport' with limit 2
06:46:19 | DEBUG   | aimbot.scrapers.news.base:fetch_n_stories_for_section:74 | fetch_n_stories_for_section called for section 'opinion' with limit 2
06:46:19 | DEBUG   | aimbot.scrapers.news.base:fetch_n_stories_for_section:74 | fetch_n_stories_for_section called for section 'business' with limit 2
06:46:19 | DEBUG   | aimbot.scrapers.news.base:fetch_n_stories_for_section:74 | fetch_n_stories_for_section called for section 'community' with limit 2
06:46:19 | DEBUG   | aimbot.scrapers.news.base:fetch_n_stories_for_section:74 | fetch_n_stories_for_section called for section 'podcasts' with limit 2
06:46:21 | DEBUG   | aimbot.scrapers.news.base:fetch_n_stories_for_section:76 | Got 2 URLs to fetch
06:46:21 | DEBUG   | aimbot.scrapers.news.base:fetch_n_stories_for_section:76 | Got 2 URLs to fetch
06:46:21 | DEBUG   | aimbot.scrapers.news.base:fetch_n_stories_for_section:76 | Got 2 URLs to fetch
06:46:21 | DEBUG   | aimbot.scrapers.news.base:fetch_n_stories_for_section:76 | Got 2 URLs to fetch
06:46:21 | DEBUG   | aimbot.scrapers.news.base:fetch_n_stories_for_section:76 | Got 10 URLs to fetch
06:46:24 | DEBUG   | aimbot.scrapers.news.base:fetch_n_stories_for_section:76 | Got 2 URLs to fetch
06:46:24 | DEBUG   | aimbot.scrapers.news.base:fetch_n_stories_for_section:78 | Fetched 2 responses
06:46:24 | DEBUG   | aimbot.scrapers.news.base:fetch_n_stories_for_section:86 | Successfully parsed 2 stories out of 2 responses
06:46:24 | DEBUG   | aimbot.scrapers.news.base:fetch_n_stories_for_section:78 | Fetched 2 responses
06:46:24 | DEBUG   | aimbot.scrapers.news.base:fetch_n_stories_for_section:86 | Successfully parsed 2 stories out of 2 responses
06:46:24 | DEBUG   | aimbot.scrapers.news.base:fetch_n_stories_for_section:78 | Fetched 2 responses
06:46:24 | DEBUG   | aimbot.scrapers.news.base:fetch_n_stories_for_section:86 | Successfully parsed 2 stories out of 2 responses
06:46:26 | DEBUG   | aimbot.scrapers.news.base:fetch_n_stories_for_section:78 | Fetched 2 responses
06:46:26 | DEBUG   | aimbot.scrapers.news.base:fetch_n_stories_for_section:86 | Successfully parsed 2 stories out of 2 responses
06:46:29 | DEBUG   | aimbot.scrapers.news.base:fetch_n_stories_for_section:78 | Fetched 2 responses
06:46:29 | DEBUG   | aimbot.scrapers.news.base:fetch_n_stories_for_section:86 | Successfully parsed 2 stories out of 2 responses
06:46:29 | DEBUG   | aimbot.scrapers.news.base:fetch_n_stories_for_section:78 | Fetched 10 responses
06:46:29 | DEBUG   | aimbot.scrapers.news.base:fetch_n_stories_for_section:86 | Successfully parsed 10 stories out of 10 responses
06:46:29 | DEBUG   | aimbot.scrapers.news.base:fetch_n_stories_for_section:74 | fetch_n_stories_for_section called for section 'news' with limit 10
06:46:31 | DEBUG   | aimbot.scrapers.news.base:fetch_n_stories_for_section:76 | Got 10 URLs to fetch
06:46:37 | DEBUG   | aimbot.scrapers.news.base:fetch_n_stories_for_section:78 | Fetched 10 responses
06:46:37 | DEBUG   | aimbot.scrapers.news.base:fetch_n_stories_for_section:86 | Successfully parsed 10 stories out of 10 responses
06:46:37 | DEBUG   | aimbot.scrapers.news.base:fetch_n_stories_for_section:74 | fetch_n_stories_for_section called for section 'premium' with limit 10
06:46:39 | DEBUG   | aimbot.scrapers.news.base:fetch_n_stories_for_section:76 | Got 10 URLs to fetch
06:46:44 | DEBUG   | aimbot.scrapers.news.base:fetch_n_stories_for_section:78 | Fetched 10 responses
06:46:45 | DEBUG   | aimbot.scrapers.news.base:fetch_n_stories_for_section:86 | Successfully parsed 10 stories out of 10 responses
06:46:45 | DEBUG   | aimbot.scrapers.news.base:fetch_n_stories_for_section:74 | fetch_n_stories_for_section called for section 'business' with limit 10
06:46:45 | DEBUG   | aimbot.scrapers.news.be:get_story_urls:81 | Fetching story URLs for section: business
06:46:45 | DEBUG   | aimbot.scrapers.news.be:get_story_urls:86 | Fetching homepage: https://www.bailiwickexpress.com/jsy-business/
06:46:46 | DEBUG   | aimbot.scrapers.news.be:get_story_urls:90 | Found 16 articles on homepage
06:46:46 | DEBUG   | aimbot.scrapers.news.be:get_story_urls:98 | Extracted 10 unique story URLs
06:46:46 | DEBUG   | aimbot.scrapers.news.base:fetch_n_stories_for_section:76 | Got 10 URLs to fetch
06:46:49 | DEBUG   | aimbot.scrapers.news.base:fetch_n_stories_for_section:78 | Fetched 10 responses
06:46:49 | DEBUG   | aimbot.scrapers.news.be:parse:33 | Parsing story from https://www.bailiwickexpress.com/business/highly-respected-operational-leader-at-jersey-water-shortlisted-for-award/
06:46:49 | DEBUG   | aimbot.scrapers.news.be:parse:37 | Found headline: “Highly respected” operational leader at Jersey Water shortlisted for award
06:46:49 | DEBUG   | aimbot.scrapers.news.be:parse:42 | Extracted 10 paragraphs, total length: 1749 chars
06:46:49 | DEBUG   | aimbot.scrapers.news.be:parse:47 | Parsed date: 2026-05-21 00:00:00
06:46:49 | DEBUG   | aimbot.scrapers.news.be:parse:57 | Found author: James Jeune
06:46:49 | DEBUG   | aimbot.scrapers.news.be:parse:62 | Found image URL: https://i0.wp.com/www.bailiwickexpress.com/wp-content/uploads/2026/05/Jeanette-Sheldon-scaled.jpg
06:46:49 | DEBUG   | aimbot.scrapers.news.be:parse:67 | Successfully parsed story: “Highly respected” operational leader at Jersey Water shortlisted for award
06:46:49 | DEBUG   | aimbot.scrapers.news.be:parse:33 | Parsing story from https://www.bailiwickexpress.com/business/polygon-pensions-acquired-by-bwci-group/
06:46:49 | DEBUG   | aimbot.scrapers.news.be:parse:37 | Found headline: Polygon Pensions acquired by BWCI Group
06:46:49 | DEBUG   | aimbot.scrapers.news.be:parse:42 | Extracted 13 paragraphs, total length: 2286 chars
06:46:49 | DEBUG   | aimbot.scrapers.news.be:parse:47 | Parsed date: 2026-05-20 00:00:00
06:46:49 | DEBUG   | aimbot.scrapers.news.be:parse:57 | Found author: James Jeune
06:46:49 | DEBUG   | aimbot.scrapers.news.be:parse:62 | Found image URL: https://i0.wp.com/www.bailiwickexpress.com/wp-content/uploads/2026/05/Stephen-Ainsworth-3-scaled.jpg
06:46:49 | DEBUG   | aimbot.scrapers.news.be:parse:67 | Successfully parsed story: Polygon Pensions acquired by BWCI Group
06:46:49 | DEBUG   | aimbot.scrapers.news.be:parse:33 | Parsing story from https://www.bailiwickexpress.com/business/trio-of-new-directors-announced-by-hawksford/
06:46:49 | DEBUG   | aimbot.scrapers.news.be:parse:37 | Found headline: Trio of new directors announced by Hawksford
06:46:49 | DEBUG   | aimbot.scrapers.news.be:parse:42 | Extracted 10 paragraphs, total length: 2072 chars
06:46:49 | DEBUG   | aimbot.scrapers.news.be:parse:47 | Parsed date: 2026-05-19 00:00:00
06:46:49 | DEBUG   | aimbot.scrapers.news.be:parse:57 | Found author: James Jeune
06:46:49 | DEBUG   | aimbot.scrapers.news.be:parse:62 | Found image URL: https://i0.wp.com/www.bailiwickexpress.com/wp-content/uploads/2026/05/collage-79-scaled.jpg
06:46:49 | DEBUG   | aimbot.scrapers.news.be:parse:67 | Successfully parsed story: Trio of new directors announced by Hawksford
06:46:49 | DEBUG   | aimbot.scrapers.news.be:parse:33 | Parsing story from https://www.bailiwickexpress.com/news/klms-new-jersey-route-opening-the-island-to-the-world/
06:46:49 | DEBUG   | aimbot.scrapers.news.be:parse:37 | Found headline: KLM’s New Jersey Route: Opening the Island to the World
06:46:49 | DEBUG   | aimbot.scrapers.news.be:parse:42 | Extracted 10 paragraphs, total length: 2370 chars
06:46:49 | DEBUG   | aimbot.scrapers.news.be:parse:47 | Parsed date: 2026-05-18 00:00:00
06:46:49 | DEBUG   | aimbot.scrapers.news.be:parse:57 | Found author: Bailiwick Express
06:46:49 | DEBUG   | aimbot.scrapers.news.be:parse:62 | Found image URL: https://i0.wp.com/www.bailiwickexpress.com/wp-content/uploads/2026/05/KLM-2-scaled.png
06:46:49 | DEBUG   | aimbot.scrapers.news.be:parse:67 | Successfully parsed story: KLM’s New Jersey Route: Opening the Island to the World
06:46:49 | DEBUG   | aimbot.scrapers.news.be:parse:33 | Parsing story from https://www.bailiwickexpress.com/sponsored-content/elaine-millar-candidate-for-senator-we-need-solutions-that-work-for-jersey-now/
06:46:49 | DEBUG   | aimbot.scrapers.news.be:parse:37 | Found headline: Elaine Millar, candidate for Senator: “We need solutions that work for Jersey now”
06:46:49 | DEBUG   | aimbot.scrapers.news.be:parse:42 | Extracted 12 paragraphs, total length: 2491 chars
06:46:49 | DEBUG   | aimbot.scrapers.news.be:parse:47 | Parsed date: 2026-05-18 00:00:00
06:46:49 | DEBUG   | aimbot.scrapers.news.be:parse:57 | Found author: Bailiwick Express
06:46:49 | DEBUG   | aimbot.scrapers.news.be:parse:62 | Found image URL: https://i0.wp.com/www.bailiwickexpress.com/wp-content/uploads/2026/05/260408millar3-1.jpg
06:46:49 | DEBUG   | aimbot.scrapers.news.be:parse:67 | Successfully parsed story: Elaine Millar, candidate for Senator: “We need solutions that work for Jersey now”
06:46:49 | DEBUG   | aimbot.scrapers.news.be:parse:33 | Parsing story from https://www.bailiwickexpress.com/news/karl-busch-candidate-for-senator-we-need-a-more-creative-approach-to-care/
06:46:49 | DEBUG   | aimbot.scrapers.news.be:parse:37 | Found headline: Karl Busch, candidate for Senator: “We need a more creative approach to care”
06:46:49 | DEBUG   | aimbot.scrapers.news.be:parse:42 | Extracted 5 paragraphs, total length: 2968 chars
06:46:49 | DEBUG   | aimbot.scrapers.news.be:parse:47 | Parsed date: 2026-05-18 00:00:00
06:46:49 | DEBUG   | aimbot.scrapers.news.be:parse:57 | Found author: Bailiwick Express
06:46:49 | DEBUG   | aimbot.scrapers.news.be:parse:62 | Found image URL: https://i0.wp.com/www.bailiwickexpress.com/wp-content/uploads/2026/05/IMG_0717.jpeg
06:46:49 | DEBUG   | aimbot.scrapers.news.be:parse:67 | Successfully parsed story: Karl Busch, candidate for Senator: “We need a more creative approach to care”
06:46:49 | DEBUG   | aimbot.scrapers.news.be:parse:33 | Parsing story from https://www.bailiwickexpress.com/sponsored-content/joanne-vandermerwe-mahon-nothing-will-change-unless-we-change/
06:46:49 | DEBUG   | aimbot.scrapers.news.be:parse:37 | Found headline: Joanne Vandermerwe-Mahon, candidate for Deputy: “Nothing will change unless we change”
06:46:49 | DEBUG   | aimbot.scrapers.news.be:parse:42 | Extracted 19 paragraphs, total length: 3652 chars
06:46:49 | DEBUG   | aimbot.scrapers.news.be:parse:47 | Parsed date: 2026-05-11 00:00:00
06:46:49 | DEBUG   | aimbot.scrapers.news.be:parse:57 | Found author: Bailiwick Express
06:46:49 | DEBUG   | aimbot.scrapers.news.be:parse:62 | Found image URL: https://i0.wp.com/www.bailiwickexpress.com/wp-content/uploads/2026/05/joanne-scaled-1.jpg
06:46:49 | DEBUG   | aimbot.scrapers.news.be:parse:67 | Successfully parsed story: Joanne Vandermerwe-Mahon, candidate for Deputy: “Nothing will change unless we change”
06:46:49 | DEBUG   | aimbot.scrapers.news.be:parse:33 | Parsing story from https://www.bailiwickexpress.com/business/in-numbers-ci-coop-reports-strengthened-performance-despite-challenges/
06:46:49 | DEBUG   | aimbot.scrapers.news.be:parse:37 | Found headline: IN NUMBERS: CI Coop reports “strengthened” performance despite challenges
06:46:50 | DEBUG   | aimbot.scrapers.news.be:parse:42 | Extracted 11 paragraphs, total length: 1476 chars
06:46:50 | DEBUG   | aimbot.scrapers.news.be:parse:47 | Parsed date: 2026-05-18 00:00:00
06:46:50 | DEBUG   | aimbot.scrapers.news.be:parse:57 | Found author: James Jeune
06:46:50 | DEBUG   | aimbot.scrapers.news.be:parse:62 | Found image URL: https://i0.wp.com/www.bailiwickexpress.com/wp-content/uploads/2026/05/Mark-Cox-CI-Coop-scaled.jpg
06:46:50 | DEBUG   | aimbot.scrapers.news.be:parse:67 | Successfully parsed story: IN NUMBERS: CI Coop reports “strengthened” performance despite challenges
06:46:50 | DEBUG   | aimbot.scrapers.news.be:parse:33 | Parsing story from https://www.bailiwickexpress.com/business/consultant-joins-alex-picot-trust/
06:46:50 | DEBUG   | aimbot.scrapers.news.be:parse:37 | Found headline: Consultant joins Alex Picot Trust
06:46:50 | DEBUG   | aimbot.scrapers.news.be:parse:42 | Extracted 8 paragraphs, total length: 1349 chars
06:46:50 | DEBUG   | aimbot.scrapers.news.be:parse:47 | Parsed date: 2026-05-15 00:00:00
06:46:50 | DEBUG   | aimbot.scrapers.news.be:parse:57 | Found author: Bailiwick Express News Team
06:46:50 | DEBUG   | aimbot.scrapers.news.be:parse:62 | Found image URL: https://i0.wp.com/www.bailiwickexpress.com/wp-content/uploads/2026/05/Simon-Morgan-scaled-e1778849176563.jpg
06:46:50 | DEBUG   | aimbot.scrapers.news.be:parse:67 | Successfully parsed story: Consultant joins Alex Picot Trust
06:46:50 | DEBUG   | aimbot.scrapers.news.be:parse:33 | Parsing story from https://www.bailiwickexpress.com/business/bedell-cristins-jersey-litigation-team-gains-experienced-local-advocate/
06:46:50 | DEBUG   | aimbot.scrapers.news.be:parse:37 | Found headline: Bedell Cristin’s Jersey litigation team gains experienced local advocate
06:46:50 | DEBUG   | aimbot.scrapers.news.be:parse:42 | Extracted 8 paragraphs, total length: 1487 chars
06:46:50 | DEBUG   | aimbot.scrapers.news.be:parse:47 | Parsed date: 2026-05-14 00:00:00
06:46:50 | DEBUG   | aimbot.scrapers.news.be:parse:57 | Found author: James Jeune
06:46:50 | DEBUG   | aimbot.scrapers.news.be:parse:62 | Found image URL: https://i0.wp.com/www.bailiwickexpress.com/wp-content/uploads/2026/05/BC-Samantha-Hoare-1.jpg
06:46:50 | DEBUG   | aimbot.scrapers.news.be:parse:67 | Successfully parsed story: Bedell Cristin’s Jersey litigation team gains experienced local advocate
06:46:50 | DEBUG   | aimbot.scrapers.news.base:fetch_n_stories_for_section:86 | Successfully parsed 10 stories out of 10 responses
06:46:50 | DEBUG   | aimbot.scrapers.news.base:fetch_n_stories_for_section:74 | fetch_n_stories_for_section called for section 'business' with limit 10
06:46:51 | DEBUG   | aimbot.scrapers.news.base:fetch_n_stories_for_section:76 | Got 10 URLs to fetch
06:46:54 | DEBUG   | aimbot.scrapers.news.base:fetch_n_stories_for_section:78 | Fetched 10 responses
06:46:54 | DEBUG   | aimbot.scrapers.news.base:fetch_n_stories_for_section:86 | Successfully parsed 10 stories out of 10 responses
06:46:56 | ERROR   | aimbot.cache:load:74 | Failed to load from cache: Expecting value: line 1 column 1 (char 0)
06:46:56 | ERROR   | aimbot.cache:save:47 | Failed to save to cache: Type <class 'test_cache.TestEmailCache.test_save_non_serializable.<locals>.Unserializable'> not serializable
06:46:57 | ERROR   | aimbot.main:_gather_scraper_tasks:121 | Scraper task 'fail' failed: Boom!
06:46:57 | ERROR   | aimbot.main:_gather_scraper_tasks:121 | Scraper task 'a' failed: err_a
06:46:57 | ERROR   | aimbot.main:_gather_scraper_tasks:121 | Scraper task 'b' failed: err_b
06:46:57 | DEBUG   | aimbot.scrapers.news.base:fetch_n_stories_for_section:74 | fetch_n_stories_for_section called for section 'news' with limit 5
06:46:57 | DEBUG   | aimbot.scrapers.news.be:get_story_urls:81 | Fetching story URLs for section: news
06:46:57 | DEBUG   | aimbot.scrapers.news.be:get_story_urls:86 | Fetching homepage: https://www.bailiwickexpress.com/news/
06:46:57 | DEBUG   | aimbot.scrapers.news.base:fetch_n_stories_for_section:74 | fetch_n_stories_for_section called for section 'business' with limit 5
06:46:57 | DEBUG   | aimbot.scrapers.news.be:get_story_urls:81 | Fetching story URLs for section: business
06:46:57 | DEBUG   | aimbot.scrapers.news.be:get_story_urls:86 | Fetching homepage: https://www.bailiwickexpress.com/jsy-business/
06:46:57 | DEBUG   | aimbot.scrapers.news.base:fetch_n_stories_for_section:74 | fetch_n_stories_for_section called for section 'sport' with limit 5
06:46:57 | DEBUG   | aimbot.scrapers.news.be:get_story_urls:81 | Fetching story URLs for section: sport
06:46:57 | DEBUG   | aimbot.scrapers.news.be:get_story_urls:86 | Fetching homepage: https://www.bailiwickexpress.com/jsy-sport/
06:46:57 | DEBUG   | aimbot.scrapers.news.base:fetch_n_stories_for_section:74 | fetch_n_stories_for_section called for section 'opinion' with limit 5
06:46:57 | DEBUG   | aimbot.scrapers.news.be:get_story_urls:81 | Fetching story URLs for section: opinion
06:46:57 | DEBUG   | aimbot.scrapers.news.be:get_story_urls:86 | Fetching homepage: https://www.bailiwickexpress.com/opinion-jersey/
06:46:57 | DEBUG   | aimbot.scrapers.news.base:fetch_n_stories_for_section:74 | fetch_n_stories_for_section called for section 'community' with limit 5
06:46:57 | DEBUG   | aimbot.scrapers.news.be:get_story_urls:81 | Fetching story URLs for section: community
06:46:57 | DEBUG   | aimbot.scrapers.news.be:get_story_urls:86 | Fetching homepage: https://www.bailiwickexpress.com/jsy-community/
06:46:57 | DEBUG   | aimbot.scrapers.news.base:fetch_n_stories_for_section:74 | fetch_n_stories_for_section called for section 'podcasts' with limit 5
06:46:57 | DEBUG   | aimbot.scrapers.news.be:get_story_urls:81 | Fetching story URLs for section: podcasts
06:46:57 | DEBUG   | aimbot.scrapers.news.be:get_story_urls:86 | Fetching homepage: https://www.bailiwickexpress.com/jsy-radio-podcasts/
06:47:00 | DEBUG   | aimbot.scrapers.news.be:get_story_urls:90 | Found 16 articles on homepage
06:47:00 | DEBUG   | aimbot.scrapers.news.be:get_story_urls:98 | Extracted 5 unique story URLs
06:47:00 | DEBUG   | aimbot.scrapers.news.base:fetch_n_stories_for_section:76 | Got 5 URLs to fetch
06:47:00 | DEBUG   | aimbot.scrapers.news.be:get_story_urls:90 | Found 16 articles on homepage
06:47:00 | DEBUG   | aimbot.scrapers.news.be:get_story_urls:98 | Extracted 5 unique story URLs
06:47:00 | DEBUG   | aimbot.scrapers.news.base:fetch_n_stories_for_section:76 | Got 5 URLs to fetch
06:47:00 | DEBUG   | aimbot.scrapers.news.be:get_story_urls:90 | Found 33 articles on homepage
06:47:00 | DEBUG   | aimbot.scrapers.news.be:get_story_urls:98 | Extracted 5 unique story URLs
06:47:00 | DEBUG   | aimbot.scrapers.news.base:fetch_n_stories_for_section:76 | Got 5 URLs to fetch
06:47:00 | DEBUG   | aimbot.scrapers.news.be:get_story_urls:90 | Found 16 articles on homepage
06:47:00 | DEBUG   | aimbot.scrapers.news.be:get_story_urls:98 | Extracted 5 unique story URLs
06:47:00 | DEBUG   | aimbot.scrapers.news.base:fetch_n_stories_for_section:76 | Got 5 URLs to fetch
06:47:00 | DEBUG   | aimbot.scrapers.news.be:get_story_urls:90 | Found 20 articles on homepage
06:47:00 | DEBUG   | aimbot.scrapers.news.be:get_story_urls:98 | Extracted 5 unique story URLs
06:47:00 | DEBUG   | aimbot.scrapers.news.base:fetch_n_stories_for_section:76 | Got 5 URLs to fetch
06:47:00 | DEBUG   | aimbot.scrapers.news.be:get_story_urls:90 | Found 71 articles on homepage
06:47:00 | DEBUG   | aimbot.scrapers.news.be:get_story_urls:98 | Extracted 5 unique story URLs
06:47:00 | DEBUG   | aimbot.scrapers.news.base:fetch_n_stories_for_section:76 | Got 5 URLs to fetch
06:47:02 | DEBUG   | aimbot.scrapers.news.base:fetch_n_stories_for_section:78 | Fetched 5 responses
06:47:02 | DEBUG   | aimbot.scrapers.news.be:parse:33 | Parsing story from https://www.bailiwickexpress.com/community/hotel-group-gives-dementia-charity-20k-boost/
06:47:02 | DEBUG   | aimbot.scrapers.news.be:parse:37 | Found headline: Hotel group gives dementia charity £20k boost
06:47:02 | DEBUG   | aimbot.scrapers.news.be:parse:42 | Extracted 7 paragraphs, total length: 1471 chars
06:47:02 | DEBUG   | aimbot.scrapers.news.be:parse:47 | Parsed date: 2026-05-12 00:00:00
06:47:02 | DEBUG   | aimbot.scrapers.news.be:parse:57 | Found author: Bailiwick Express Community
06:47:02 | DEBUG   | aimbot.scrapers.news.be:parse:62 | Found image URL: https://i0.wp.com/www.bailiwickexpress.com/wp-content/uploads/2026/05/Dementia-Jersey-team-shot-scaled.jpeg
06:47:02 | DEBUG   | aimbot.scrapers.news.be:parse:67 | Successfully parsed story: Hotel group gives dementia charity £20k boost
06:47:02 | DEBUG   | aimbot.scrapers.news.be:parse:33 | Parsing story from https://www.bailiwickexpress.com/community/jersey-schools-snorkel-trail-education-programme-reaches-over-1500-pupils/
06:47:02 | DEBUG   | aimbot.scrapers.news.be:parse:37 | Found headline: Jersey schools snorkel trail education programme reaches over 1,500 pupils
06:47:02 | DEBUG   | aimbot.scrapers.news.be:parse:42 | Extracted 6 paragraphs, total length: 2285 chars
06:47:02 | DEBUG   | aimbot.scrapers.news.be:parse:47 | Parsed date: 2026-04-23 00:00:00
06:47:02 | DEBUG   | aimbot.scrapers.news.be:parse:57 | Found author: Bailiwick Express Community
06:47:02 | DEBUG   | aimbot.scrapers.news.be:parse:62 | Found image URL: https://i0.wp.com/www.bailiwickexpress.com/wp-content/uploads/2026/04/Mourant-Blue-Marine-Snorkel-Donation-3-scaled.jpg
06:47:02 | DEBUG   | aimbot.scrapers.news.be:parse:67 | Successfully parsed story: Jersey schools snorkel trail education programme reaches over 1,500 pupils
06:47:02 | DEBUG   | aimbot.scrapers.news.be:parse:33 | Parsing story from https://www.bailiwickexpress.com/community/food-waste-action-week-why-we-care-and-what-were-doing-about-it/
06:47:02 | DEBUG   | aimbot.scrapers.news.be:parse:37 | Found headline: Food Waste Action Week – Why we care and what we’re doing about it
06:47:02 | DEBUG   | aimbot.scrapers.news.be:parse:42 | Extracted 36 paragraphs, total length: 6196 chars
06:47:02 | DEBUG   | aimbot.scrapers.news.be:parse:47 | Parsed date: 2026-03-09 00:00:00
06:47:02 | DEBUG   | aimbot.scrapers.news.be:parse:57 | Found author: Bailiwick Express
06:47:02 | DEBUG   | aimbot.scrapers.news.be:parse:62 | Found image URL: https://i0.wp.com/www.bailiwickexpress.com/wp-content/uploads/2026/03/pexels-photo-57556.jpeg
06:47:02 | DEBUG   | aimbot.scrapers.news.be:parse:67 | Successfully parsed story: Food Waste Action Week – Why we care and what we’re doing about it
06:47:02 | DEBUG   | aimbot.scrapers.news.be:parse:33 | Parsing story from https://www.bailiwickexpress.com/community/highlands-college-to-host-peer-review-with-the-guernsey-institute-and-university-college-isle-of-man-further-education-partners/
06:47:02 | DEBUG   | aimbot.scrapers.news.be:parse:37 | Found headline: Highlands College to host peer review with The Guernsey Institute and University College Isle of Man further education partners
06:47:02 | DEBUG   | aimbot.scrapers.news.be:parse:42 | Extracted 9 paragraphs, total length: 1376 chars
06:47:02 | DEBUG   | aimbot.scrapers.news.be:parse:47 | Parsed date: 2026-03-09 00:00:00
06:47:02 | DEBUG   | aimbot.scrapers.news.be:parse:57 | Found author: Bailiwick Express
06:47:02 | DEBUG   | aimbot.scrapers.news.be:parse:62 | Found image URL: https://i0.wp.com/www.bailiwickexpress.com/wp-content/uploads/2025/05/Highlnads-scaled.jpg
06:47:02 | DEBUG   | aimbot.scrapers.news.be:parse:67 | Successfully parsed story: Highlands College to host peer review with The Guernsey Institute and University College Isle of Man further education partners
06:47:02 | DEBUG   | aimbot.scrapers.news.be:parse:33 | Parsing story from https://www.bailiwickexpress.com/community/say-yes-to-healthier-choices/
06:47:02 | DEBUG   | aimbot.scrapers.news.be:parse:37 | Found headline: Say YES to healthier choices
06:47:02 | DEBUG   | aimbot.scrapers.news.be:parse:42 | Extracted 18 paragraphs, total length: 2599 chars
06:47:02 | DEBUG   | aimbot.scrapers.news.be:parse:47 | Parsed date: 2026-02-25 00:00:00
06:47:02 | DEBUG   | aimbot.scrapers.news.be:parse:57 | Found author: Bailiwick Express Community
06:47:02 | DEBUG   | aimbot.scrapers.news.be:parse:62 | Found image URL: https://i0.wp.com/www.bailiwickexpress.com/wp-content/uploads/2026/02/5000128967273_YES-Wholemeal-Farmhouse-Loaf_35011-scaled.jpg
06:47:02 | DEBUG   | aimbot.scrapers.news.be:parse:67 | Successfully parsed story: Say YES to healthier choices
06:47:02 | DEBUG   | aimbot.scrapers.news.base:fetch_n_stories_for_section:86 | Successfully parsed 5 stories out of 5 responses
06:47:04 | DEBUG   | aimbot.scrapers.news.base:fetch_n_stories_for_section:78 | Fetched 5 responses
06:47:04 | DEBUG   | aimbot.scrapers.news.be:parse:33 | Parsing story from https://www.bailiwickexpress.com/business/highly-respected-operational-leader-at-jersey-water-shortlisted-for-award/
06:47:04 | DEBUG   | aimbot.scrapers.news.be:parse:37 | Found headline: “Highly respected” operational leader at Jersey Water shortlisted for award
06:47:04 | DEBUG   | aimbot.scrapers.news.be:parse:42 | Extracted 10 paragraphs, total length: 1749 chars
06:47:04 | DEBUG   | aimbot.scrapers.news.be:parse:47 | Parsed date: 2026-05-21 00:00:00
06:47:04 | DEBUG   | aimbot.scrapers.news.be:parse:57 | Found author: James Jeune
06:47:04 | DEBUG   | aimbot.scrapers.news.be:parse:62 | Found image URL: https://i0.wp.com/www.bailiwickexpress.com/wp-content/uploads/2026/05/Jeanette-Sheldon-scaled.jpg
06:47:04 | DEBUG   | aimbot.scrapers.news.be:parse:67 | Successfully parsed story: “Highly respected” operational leader at Jersey Water shortlisted for award
06:47:04 | DEBUG   | aimbot.scrapers.news.be:parse:33 | Parsing story from https://www.bailiwickexpress.com/business/polygon-pensions-acquired-by-bwci-group/
06:47:04 | DEBUG   | aimbot.scrapers.news.be:parse:37 | Found headline: Polygon Pensions acquired by BWCI Group
06:47:04 | DEBUG   | aimbot.scrapers.news.be:parse:42 | Extracted 13 paragraphs, total length: 2286 chars
06:47:04 | DEBUG   | aimbot.scrapers.news.be:parse:47 | Parsed date: 2026-05-20 00:00:00
06:47:04 | DEBUG   | aimbot.scrapers.news.be:parse:57 | Found author: James Jeune
06:47:04 | DEBUG   | aimbot.scrapers.news.be:parse:62 | Found image URL: https://i0.wp.com/www.bailiwickexpress.com/wp-content/uploads/2026/05/Stephen-Ainsworth-3-scaled.jpg
06:47:04 | DEBUG   | aimbot.scrapers.news.be:parse:67 | Successfully parsed story: Polygon Pensions acquired by BWCI Group
06:47:04 | DEBUG   | aimbot.scrapers.news.be:parse:33 | Parsing story from https://www.bailiwickexpress.com/business/trio-of-new-directors-announced-by-hawksford/
06:47:04 | DEBUG   | aimbot.scrapers.news.be:parse:37 | Found headline: Trio of new directors announced by Hawksford
06:47:04 | DEBUG   | aimbot.scrapers.news.be:parse:42 | Extracted 10 paragraphs, total length: 2072 chars
06:47:04 | DEBUG   | aimbot.scrapers.news.be:parse:47 | Parsed date: 2026-05-19 00:00:00
06:47:04 | DEBUG   | aimbot.scrapers.news.be:parse:57 | Found author: James Jeune
06:47:04 | DEBUG   | aimbot.scrapers.news.be:parse:62 | Found image URL: https://i0.wp.com/www.bailiwickexpress.com/wp-content/uploads/2026/05/collage-79-scaled.jpg
06:47:04 | DEBUG   | aimbot.scrapers.news.be:parse:67 | Successfully parsed story: Trio of new directors announced by Hawksford
06:47:04 | DEBUG   | aimbot.scrapers.news.be:parse:33 | Parsing story from https://www.bailiwickexpress.com/news/klms-new-jersey-route-opening-the-island-to-the-world/
06:47:04 | DEBUG   | aimbot.scrapers.news.be:parse:37 | Found headline: KLM’s New Jersey Route: Opening the Island to the World
06:47:04 | DEBUG   | aimbot.scrapers.news.be:parse:42 | Extracted 10 paragraphs, total length: 2370 chars
06:47:04 | DEBUG   | aimbot.scrapers.news.be:parse:47 | Parsed date: 2026-05-18 00:00:00
06:47:04 | DEBUG   | aimbot.scrapers.news.be:parse:57 | Found author: Bailiwick Express
06:47:04 | DEBUG   | aimbot.scrapers.news.be:parse:62 | Found image URL: https://i0.wp.com/www.bailiwickexpress.com/wp-content/uploads/2026/05/KLM-2-scaled.png
06:47:04 | DEBUG   | aimbot.scrapers.news.be:parse:67 | Successfully parsed story: KLM’s New Jersey Route: Opening the Island to the World
06:47:04 | DEBUG   | aimbot.scrapers.news.be:parse:33 | Parsing story from https://www.bailiwickexpress.com/sponsored-content/elaine-millar-candidate-for-senator-we-need-solutions-that-work-for-jersey-now/
06:47:04 | DEBUG   | aimbot.scrapers.news.be:parse:37 | Found headline: Elaine Millar, candidate for Senator: “We need solutions that work for Jersey now”
06:47:04 | DEBUG   | aimbot.scrapers.news.be:parse:42 | Extracted 12 paragraphs, total length: 2491 chars
06:47:04 | DEBUG   | aimbot.scrapers.news.be:parse:47 | Parsed date: 2026-05-18 00:00:00
06:47:04 | DEBUG   | aimbot.scrapers.news.be:parse:57 | Found author: Bailiwick Express
06:47:04 | DEBUG   | aimbot.scrapers.news.be:parse:62 | Found image URL: https://i0.wp.com/www.bailiwickexpress.com/wp-content/uploads/2026/05/260408millar3-1.jpg
06:47:04 | DEBUG   | aimbot.scrapers.news.be:parse:67 | Successfully parsed story: Elaine Millar, candidate for Senator: “We need solutions that work for Jersey now”
06:47:04 | DEBUG   | aimbot.scrapers.news.base:fetch_n_stories_for_section:86 | Successfully parsed 5 stories out of 5 responses
06:47:07 | DEBUG   | aimbot.scrapers.news.base:fetch_n_stories_for_section:78 | Fetched 5 responses
06:47:07 | DEBUG   | aimbot.scrapers.news.be:parse:33 | Parsing story from https://www.bailiwickexpress.com/opinion/open-letter-your-conclusions-overstate-both-the-risks-facing-jersey-and-the-shortcomings-of-current-preparedness/
06:47:07 | DEBUG   | aimbot.scrapers.news.be:parse:37 | Found headline: OPEN LETTER: “Your conclusions overstate both the risks facing Jersey and the shortcomings of current preparedness”
06:47:07 | DEBUG   | aimbot.scrapers.news.be:parse:42 | Extracted 19 paragraphs, total length: 4487 chars
06:47:07 | DEBUG   | aimbot.scrapers.news.be:parse:47 | Parsed date: 2026-04-02 00:00:00
06:47:07 | DEBUG   | aimbot.scrapers.news.be:parse:57 | Found author: Bailiwick Express News Team
06:47:07 | DEBUG   | aimbot.scrapers.news.be:parse:62 | Found image URL: https://i0.wp.com/www.bailiwickexpress.com/wp-content/uploads/2026/04/christie-covers-17.png
06:47:07 | DEBUG   | aimbot.scrapers.news.be:parse:67 | Successfully parsed story: OPEN LETTER: “Your conclusions overstate both the risks facing Jersey and the shortcomings of current preparedness”
06:47:07 | DEBUG   | aimbot.scrapers.news.be:parse:33 | Parsing story from https://www.bailiwickexpress.com/opinion/open-letter-go-the-extra-mile-now-to-ensure-the-safety-of-the-island/
06:47:07 | DEBUG   | aimbot.scrapers.news.be:parse:37 | Found headline: OPEN LETTER: “Go the extra mile now to ensure the safety of the island”
06:47:07 | DEBUG   | aimbot.scrapers.news.be:parse:42 | Extracted 10 paragraphs, total length: 2870 chars
06:47:07 | DEBUG   | aimbot.scrapers.news.be:parse:47 | Parsed date: 2026-03-30 00:00:00
06:47:07 | DEBUG   | aimbot.scrapers.news.be:parse:57 | Found author: Christie Bailey
06:47:07 | DEBUG   | aimbot.scrapers.news.be:parse:62 | Found image URL: https://i0.wp.com/www.bailiwickexpress.com/wp-content/uploads/2026/03/Screenshot-2026-03-30-at-12.14.38.png
06:47:07 | DEBUG   | aimbot.scrapers.news.be:parse:67 | Successfully parsed story: OPEN LETTER: “Go the extra mile now to ensure the safety of the island”
06:47:07 | DEBUG   | aimbot.scrapers.news.be:parse:33 | Parsing story from https://www.bailiwickexpress.com/opinion/review-the-winter-chill-of-the-gothic-tale-reached-its-full-potential/
06:47:07 | DEBUG   | aimbot.scrapers.news.be:parse:37 | Found headline: REVIEW: “The winter chill of the gothic tale reached its full potential”
06:47:07 | DEBUG   | aimbot.scrapers.news.be:parse:42 | Extracted 9 paragraphs, total length: 1604 chars
06:47:07 | DEBUG   | aimbot.scrapers.news.be:parse:47 | Parsed date: 2025-11-17 00:00:00
06:47:07 | DEBUG   | aimbot.scrapers.news.be:parse:57 | Found author: Hannah Esnouf
06:47:07 | DEBUG   | aimbot.scrapers.news.be:parse:62 | Found image URL: https://i0.wp.com/www.bailiwickexpress.com/wp-content/uploads/2025/11/The-Signalman-1-1-scaled.jpg
06:47:07 | DEBUG   | aimbot.scrapers.news.be:parse:67 | Successfully parsed story: REVIEW: “The winter chill of the gothic tale reached its full potential”
06:47:07 | DEBUG   | aimbot.scrapers.news.be:parse:33 | Parsing story from https://www.bailiwickexpress.com/opinion/review-what-a-perfect-way-to-spend-a-summer-evening/
06:47:07 | DEBUG   | aimbot.scrapers.news.be:parse:37 | Found headline: REVIEW: “What a perfect way to spend a summer evening”
06:47:07 | DEBUG   | aimbot.scrapers.news.be:parse:42 | Extracted 13 paragraphs, total length: 2130 chars
06:47:07 | DEBUG   | aimbot.scrapers.news.be:parse:47 | Parsed date: 2025-08-14 00:00:00
06:47:07 | DEBUG   | aimbot.scrapers.news.be:parse:57 | Found author: Hannah Esnouf
06:47:07 | DEBUG   | aimbot.scrapers.news.be:parse:62 | Found image URL: https://i0.wp.com/www.bailiwickexpress.com/wp-content/uploads/2025/08/40795125.jpg
06:47:07 | DEBUG   | aimbot.scrapers.news.be:parse:67 | Successfully parsed story: REVIEW: “What a perfect way to spend a summer evening”
06:47:07 | DEBUG   | aimbot.scrapers.news.be:parse:33 | Parsing story from https://www.bailiwickexpress.com/opinion/review-this-modern-take-on-a-shakespearean-classic-had-the-whole-audience-in-stitches/
06:47:07 | DEBUG   | aimbot.scrapers.news.be:parse:37 | Found headline: REVIEW: “This modern take on a Shakespearean classic had the whole audience in stitches”
06:47:07 | DEBUG   | aimbot.scrapers.news.be:parse:42 | Extracted 13 paragraphs, total length: 2431 chars
06:47:07 | DEBUG   | aimbot.scrapers.news.be:parse:47 | Parsed date: 2025-08-05 00:00:00
06:47:07 | DEBUG   | aimbot.scrapers.news.be:parse:57 | Found author: Ruby Filleul
06:47:07 | DEBUG   | aimbot.scrapers.news.be:parse:62 | Found image URL: https://i0.wp.com/www.bailiwickexpress.com/wp-content/uploads/2025/08/5157052-scaled.jpg
06:47:07 | DEBUG   | aimbot.scrapers.news.be:parse:67 | Successfully parsed story: REVIEW: “This modern take on a Shakespearean classic had the whole audience in stitches”
06:47:07 | DEBUG   | aimbot.scrapers.news.base:fetch_n_stories_for_section:86 | Successfully parsed 5 stories out of 5 responses
06:47:10 | DEBUG   | aimbot.scrapers.news.base:fetch_n_stories_for_section:78 | Fetched 5 responses
06:47:10 | DEBUG   | aimbot.scrapers.news.be:parse:33 | Parsing story from https://www.bailiwickexpress.com/news/who-did-business-leaders-name-as-their-top-senatorial-candidate/
06:47:11 | DEBUG   | aimbot.scrapers.news.be:parse:37 | Found headline: Who did business leaders name as their top Senatorial candidate?
06:47:11 | DEBUG   | aimbot.scrapers.news.be:parse:42 | Extracted 16 paragraphs, total length: 4547 chars
06:47:11 | DEBUG   | aimbot.scrapers.news.be:parse:47 | Parsed date: 2026-05-21 00:00:00
06:47:11 | DEBUG   | aimbot.scrapers.news.be:parse:57 | Found author: Tom Innes
06:47:11 | DEBUG   | aimbot.scrapers.news.be:parse:62 | Found image URL: https://i0.wp.com/www.bailiwickexpress.com/wp-content/uploads/2026/05/Senator-Candidates-Chamber.jpg
06:47:11 | DEBUG   | aimbot.scrapers.news.be:parse:67 | Successfully parsed story: Who did business leaders name as their top Senatorial candidate?
06:47:11 | DEBUG   | aimbot.scrapers.news.be:parse:33 | Parsing story from https://www.bailiwickexpress.com/news/%e2%ac%a5election-live-keep-the-current-or-back-to-the-future-with-st-brelades-constable/
06:47:11 | DEBUG   | aimbot.scrapers.news.be:parse:37 | Found headline: ⬥ELECTION LIVE: Keep the current or back to the future with St Brelade’s Constable?
06:47:11 | DEBUG   | aimbot.scrapers.news.be:parse:42 | Extracted 0 paragraphs, total length: 0 chars
06:47:11 | DEBUG   | aimbot.scrapers.news.be:parse:47 | Parsed date: 2026-05-21 00:00:00
06:47:11 | DEBUG   | aimbot.scrapers.news.be:parse:57 | Found author: James Jeune
06:47:11 | DEBUG   | aimbot.scrapers.news.be:parse:62 | Found image URL: https://i0.wp.com/www.bailiwickexpress.com/wp-content/uploads/2026/05/MOST-READ-2.jpg
06:47:11 | DEBUG   | aimbot.scrapers.news.be:parse:67 | Successfully parsed story: ⬥ELECTION LIVE: Keep the current or back to the future with St Brelade’s Constable?
06:47:11 | DEBUG   | aimbot.scrapers.news.be:parse:33 | Parsing story from https://www.bailiwickexpress.com/news/part-of-controversial-nude-dunes-site-advertised-for-rent/
06:47:11 | DEBUG   | aimbot.scrapers.news.be:parse:37 | Found headline: Part of controversial Nude Dunes site advertised for rent
06:47:11 | DEBUG   | aimbot.scrapers.news.be:parse:42 | Extracted 12 paragraphs, total length: 2025 chars
06:47:11 | DEBUG   | aimbot.scrapers.news.be:parse:47 | Parsed date: 2026-05-21 00:00:00
06:47:11 | DEBUG   | aimbot.scrapers.news.be:parse:57 | Found author: James Jeune
06:47:11 | DEBUG   | aimbot.scrapers.news.be:parse:62 | Found image URL: https://i0.wp.com/www.bailiwickexpress.com/wp-content/uploads/2026/05/Img38948375.jpg
06:47:11 | DEBUG   | aimbot.scrapers.news.be:parse:67 | Successfully parsed story: Part of controversial Nude Dunes site advertised for rent
06:47:11 | DEBUG   | aimbot.scrapers.news.be:parse:33 | Parsing story from https://www.bailiwickexpress.com/news/man-jailed-after-series-of-violent-incidents/
06:47:11 | DEBUG   | aimbot.scrapers.news.be:parse:37 | Found headline: Man jailed after “series of violent incidents”
06:47:11 | DEBUG   | aimbot.scrapers.news.be:parse:42 | Extracted 34 paragraphs, total length: 5175 chars
06:47:11 | DEBUG   | aimbot.scrapers.news.be:parse:47 | Parsed date: 2026-05-21 00:00:00
06:47:11 | DEBUG   | aimbot.scrapers.news.be:parse:57 | Found author: James Sharp
06:47:11 | DEBUG   | aimbot.scrapers.news.be:parse:62 | Found image URL: https://i0.wp.com/www.bailiwickexpress.com/wp-content/uploads/2026/05/christie-covers-36.png
06:47:11 | DEBUG   | aimbot.scrapers.news.be:parse:67 | Successfully parsed story: Man jailed after “series of violent incidents”
06:47:11 | DEBUG   | aimbot.scrapers.news.be:parse:33 | Parsing story from https://www.bailiwickexpress.com/news/aim-for-chronic-fatigue-and-fibromyalgia-support-group-after-express-story/
06:47:11 | DEBUG   | aimbot.scrapers.news.be:parse:37 | Found headline: Aim for chronic fatigue and fibromyalgia support group after Express story
06:47:11 | DEBUG   | aimbot.scrapers.news.be:parse:42 | Extracted 28 paragraphs, total length: 4776 chars
06:47:11 | DEBUG   | aimbot.scrapers.news.be:parse:47 | Parsed date: 2026-05-21 00:00:00
06:47:11 | DEBUG   | aimbot.scrapers.news.be:parse:57 | Found author: Julien Morel
06:47:11 | DEBUG   | aimbot.scrapers.news.be:parse:62 | Found image URL: https://i0.wp.com/www.bailiwickexpress.com/wp-content/uploads/2026/05/christie-covers-37.png
06:47:11 | DEBUG   | aimbot.scrapers.news.be:parse:67 | Successfully parsed story: Aim for chronic fatigue and fibromyalgia support group after Express story
06:47:11 | DEBUG   | aimbot.scrapers.news.base:fetch_n_stories_for_section:86 | Successfully parsed 5 stories out of 5 responses
06:47:11 | DEBUG   | aimbot.scrapers.news.base:fetch_n_stories_for_section:78 | Fetched 5 responses
06:47:11 | DEBUG   | aimbot.scrapers.news.be:parse:33 | Parsing story from https://www.bailiwickexpress.com/sport/supertri-returns-to-jersey-for-all-star-showdown/
06:47:11 | DEBUG   | aimbot.scrapers.news.be:parse:37 | Found headline: Supertri returns to Jersey for all-star showdown
06:47:11 | DEBUG   | aimbot.scrapers.news.be:parse:42 | Extracted 15 paragraphs, total length: 2566 chars
06:47:11 | DEBUG   | aimbot.scrapers.news.be:parse:47 | Parsed date: 2026-05-20 00:00:00
06:47:11 | DEBUG   | aimbot.scrapers.news.be:parse:57 | Found author: Elliot Corbel
06:47:11 | DEBUG   | aimbot.scrapers.news.be:parse:62 | Found image URL: https://i0.wp.com/www.bailiwickexpress.com/wp-content/uploads/2025/09/40973926-scaled-e1779271058304.jpg
06:47:11 | DEBUG   | aimbot.scrapers.news.be:parse:67 | Successfully parsed story: Supertri returns to Jersey for all-star showdown
06:47:11 | DEBUG   | aimbot.scrapers.news.be:parse:33 | Parsing story from https://www.bailiwickexpress.com/sport/listen-siam-success-muratti-heartbreak-rozel-silverware/
06:47:11 | DEBUG   | aimbot.scrapers.news.be:parse:37 | Found headline: LISTEN: Siam success, Muratti heartbreak & Rozel silverware
06:47:11 | DEBUG   | aimbot.scrapers.news.be:parse:42 | Extracted 12 paragraphs, total length: 2878 chars
06:47:11 | DEBUG   | aimbot.scrapers.news.be:parse:47 | Parsed date: 2026-05-19 00:00:00
06:47:11 | DEBUG   | aimbot.scrapers.news.be:parse:57 | Found author: Bailiwick Express
06:47:11 | DEBUG   | aimbot.scrapers.news.be:parse:62 | Found image URL: https://i0.wp.com/www.bailiwickexpress.com/wp-content/uploads/2026/05/Pod-artwork-refresh-2.jpg
06:47:11 | DEBUG   | aimbot.scrapers.news.be:parse:67 | Successfully parsed story: LISTEN: Siam success, Muratti heartbreak & Rozel silverware
06:47:11 | DEBUG   | aimbot.scrapers.news.be:parse:33 | Parsing story from https://www.bailiwickexpress.com/sport/super-saturday-delivers-sporting-action-across-channel-islands/
06:47:11 | DEBUG   | aimbot.scrapers.news.be:parse:37 | Found headline: Super Saturday delivers sporting action across Channel Islands
06:47:11 | DEBUG   | aimbot.scrapers.news.be:parse:42 | Extracted 13 paragraphs, total length: 1982 chars
06:47:11 | DEBUG   | aimbot.scrapers.news.be:parse:47 | Parsed date: 2026-05-18 00:00:00
06:47:11 | DEBUG   | aimbot.scrapers.news.be:parse:57 | Found author: Archie Corbett
06:47:11 | DEBUG   | aimbot.scrapers.news.be:parse:62 | Found image URL: https://i0.wp.com/www.bailiwickexpress.com/wp-content/uploads/2026/05/Trophy-lift-scaled.jpg
06:47:11 | DEBUG   | aimbot.scrapers.news.be:parse:67 | Successfully parsed story: Super Saturday delivers sporting action across Channel Islands
06:47:11 | DEBUG   | aimbot.scrapers.news.be:parse:33 | Parsing story from https://www.bailiwickexpress.com/news/focus-running-club-tackles-barriers-keeping-teen-girls-from-exercise/
06:47:11 | DEBUG   | aimbot.scrapers.news.be:parse:37 | Found headline: FOCUS: Running club tackles barriers keeping teen girls from exercise
06:47:11 | DEBUG   | aimbot.scrapers.news.be:parse:42 | Extracted 69 paragraphs, total length: 8156 chars
06:47:11 | DEBUG   | aimbot.scrapers.news.be:parse:47 | Parsed date: 2025-02-20 00:00:00
06:47:11 | DEBUG   | aimbot.scrapers.news.be:parse:57 | Found author: Jodie Yettram
06:47:11 | DEBUG   | aimbot.scrapers.news.be:parse:62 | Found image URL: https://i0.wp.com/www.bailiwickexpress.com/wp-content/uploads/2025/02/See-her-run.jpg
06:47:11 | DEBUG   | aimbot.scrapers.news.be:parse:67 | Successfully parsed story: FOCUS: Running club tackles barriers keeping teen girls from exercise
06:47:11 | DEBUG   | aimbot.scrapers.news.be:parse:33 | Parsing story from https://www.bailiwickexpress.com/sport/focus-surge-in-female-cricket-participation-as-new-programmes-launch/
06:47:11 | DEBUG   | aimbot.scrapers.news.be:parse:37 | Found headline: FOCUS: Surge in female cricket participation as new programmes launch
06:47:11 | DEBUG   | aimbot.scrapers.news.be:parse:42 | Extracted 37 paragraphs, total length: 4617 chars
06:47:11 | DEBUG   | aimbot.scrapers.news.be:parse:47 | Parsed date: 2025-02-17 00:00:00
06:47:11 | DEBUG   | aimbot.scrapers.news.be:parse:57 | Found author: Jodie Yettram
06:47:11 | DEBUG   | aimbot.scrapers.news.be:parse:62 | Found image URL: https://i0.wp.com/www.bailiwickexpress.com/wp-content/uploads/2025/02/Untitled-design-8-2.png
06:47:11 | DEBUG   | aimbot.scrapers.news.be:parse:67 | Successfully parsed story: FOCUS: Surge in female cricket participation as new programmes launch
06:47:11 | DEBUG   | aimbot.scrapers.news.base:fetch_n_stories_for_section:86 | Successfully parsed 5 stories out of 5 responses
06:47:12 | DEBUG   | aimbot.scrapers.news.base:fetch_n_stories_for_section:78 | Fetched 5 responses
06:47:12 | DEBUG   | aimbot.scrapers.news.be:parse:33 | Parsing story from https://www.bailiwickexpress.com/sport/listen-siam-success-muratti-heartbreak-rozel-silverware/
06:47:12 | DEBUG   | aimbot.scrapers.news.be:parse:37 | Found headline: LISTEN: Siam success, Muratti heartbreak & Rozel silverware
06:47:12 | DEBUG   | aimbot.scrapers.news.be:parse:42 | Extracted 12 paragraphs, total length: 2878 chars
06:47:12 | DEBUG   | aimbot.scrapers.news.be:parse:47 | Parsed date: 2026-05-19 00:00:00
06:47:12 | DEBUG   | aimbot.scrapers.news.be:parse:57 | Found author: Bailiwick Express
06:47:12 | DEBUG   | aimbot.scrapers.news.be:parse:62 | Found image URL: https://i0.wp.com/www.bailiwickexpress.com/wp-content/uploads/2026/05/Pod-artwork-refresh-2.jpg
06:47:12 | DEBUG   | aimbot.scrapers.news.be:parse:67 | Successfully parsed story: LISTEN: Siam success, Muratti heartbreak & Rozel silverware
06:47:12 | DEBUG   | aimbot.scrapers.news.be:parse:33 | Parsing story from https://www.bailiwickexpress.com/sport/the-cool-down-hockey-glory-bulls-double-push-and-bowls-success/
06:47:12 | DEBUG   | aimbot.scrapers.news.be:parse:37 | Found headline: The Cool Down: Hockey Glory, Bulls Double Push and Bowls Success
06:47:12 | DEBUG   | aimbot.scrapers.news.be:parse:42 | Extracted 8 paragraphs, total length: 2150 chars
06:47:12 | DEBUG   | aimbot.scrapers.news.be:parse:47 | Parsed date: 2026-04-14 00:00:00
06:47:12 | DEBUG   | aimbot.scrapers.news.be:parse:57 | Found author: Bailiwick Express
06:47:12 | DEBUG   | aimbot.scrapers.news.be:parse:62 | Found image URL: https://i0.wp.com/www.bailiwickexpress.com/wp-content/uploads/2026/04/Pod-artwork-refresh.jpg
06:47:12 | DEBUG   | aimbot.scrapers.news.be:parse:67 | Successfully parsed story: The Cool Down: Hockey Glory, Bulls Double Push and Bowls Success
06:47:12 | DEBUG   | aimbot.scrapers.news.be:parse:33 | Parsing story from https://www.bailiwickexpress.com/sport/the-warm-up-bulls-chase-play-offs-as-muratti-and-lords-trip-take-centre-stage/
06:47:12 | DEBUG   | aimbot.scrapers.news.be:parse:37 | Found headline: The Warm Up: Bulls chase play-offs as Muratti and Lord’s trip take centre stage
06:47:12 | DEBUG   | aimbot.scrapers.news.be:parse:42 | Extracted 8 paragraphs, total length: 1622 chars
06:47:12 | DEBUG   | aimbot.scrapers.news.be:parse:47 | Parsed date: 2026-04-17 00:00:00
06:47:12 | DEBUG   | aimbot.scrapers.news.be:parse:57 | Found author: Bailiwick Express
06:47:12 | DEBUG   | aimbot.scrapers.news.be:parse:62 | Found image URL: https://i0.wp.com/www.bailiwickexpress.com/wp-content/uploads/2026/04/WARM-UP-1.jpg
06:47:12 | DEBUG   | aimbot.scrapers.news.be:parse:67 | Successfully parsed story: The Warm Up: Bulls chase play-offs as Muratti and Lord’s trip take centre stage
06:47:12 | DEBUG   | aimbot.scrapers.news.be:parse:33 | Parsing story from https://www.bailiwickexpress.com/sport/the-cool-down-returns-as-island-sport-delivers-drama-across-the-board/
06:47:12 | DEBUG   | aimbot.scrapers.news.be:parse:37 | Found headline: The Cool Down returns as island sport delivers drama across the board
06:47:12 | DEBUG   | aimbot.scrapers.news.be:parse:42 | Extracted 10 paragraphs, total length: 2039 chars
06:47:12 | DEBUG   | aimbot.scrapers.news.be:parse:47 | Parsed date: 2026-02-17 00:00:00
06:47:12 | DEBUG   | aimbot.scrapers.news.be:parse:57 | Found author: Bailiwick Express
06:47:12 | DEBUG   | aimbot.scrapers.news.be:parse:62 | Found image URL: https://i0.wp.com/www.bailiwickexpress.com/wp-content/uploads/2026/02/Pod-artwork-refresh-1.jpg
06:47:12 | DEBUG   | aimbot.scrapers.news.be:parse:67 | Successfully parsed story: The Cool Down returns as island sport delivers drama across the board
06:47:12 | DEBUG   | aimbot.scrapers.news.be:parse:33 | Parsing story from https://www.bailiwickexpress.com/sport/the-warm-up-eyes-on-the-run-in-and-beyond/
06:47:12 | DEBUG   | aimbot.scrapers.news.be:parse:37 | Found headline: The Warm Up: Eyes on the Run-In and Beyond
06:47:12 | DEBUG   | aimbot.scrapers.news.be:parse:42 | Extracted 7 paragraphs, total length: 1515 chars
06:47:12 | DEBUG   | aimbot.scrapers.news.be:parse:47 | Parsed date: 2026-04-03 00:00:00
06:47:12 | DEBUG   | aimbot.scrapers.news.be:parse:57 | Found author: Bailiwick Express
06:47:12 | DEBUG   | aimbot.scrapers.news.be:parse:62 | Found image URL: https://i0.wp.com/www.bailiwickexpress.com/wp-content/uploads/2026/04/WARM-UP.jpg
06:47:12 | DEBUG   | aimbot.scrapers.news.be:parse:67 | Successfully parsed story: The Warm Up: Eyes on the Run-In and Beyond
06:47:12 | DEBUG   | aimbot.scrapers.news.base:fetch_n_stories_for_section:86 | Successfully parsed 5 stories out of 5 responses
06:47:12 | DEBUG   | aimbot.scrapers.news.base:fetch_n_stories_for_section:74 | fetch_n_stories_for_section called for section 'news' with limit 5
06:47:12 | DEBUG   | aimbot.scrapers.news.base:fetch_n_stories_for_section:74 | fetch_n_stories_for_section called for section 'business' with limit 5
06:47:12 | DEBUG   | aimbot.scrapers.news.base:fetch_n_stories_for_section:74 | fetch_n_stories_for_section called for section 'sport' with limit 5
06:47:12 | DEBUG   | aimbot.scrapers.news.base:fetch_n_stories_for_section:74 | fetch_n_stories_for_section called for section 'opinion' with limit 5
06:47:12 | DEBUG   | aimbot.scrapers.news.base:fetch_n_stories_for_section:74 | fetch_n_stories_for_section called for section 'community' with limit 5
06:47:12 | DEBUG   | aimbot.scrapers.news.base:fetch_n_stories_for_section:74 | fetch_n_stories_for_section called for section 'podcasts' with limit 5
06:47:14 | DEBUG   | aimbot.scrapers.news.base:fetch_n_stories_for_section:76 | Got 5 URLs to fetch
06:47:14 | DEBUG   | aimbot.scrapers.news.base:fetch_n_stories_for_section:76 | Got 5 URLs to fetch
06:47:14 | DEBUG   | aimbot.scrapers.news.base:fetch_n_stories_for_section:76 | Got 5 URLs to fetch
06:47:14 | DEBUG   | aimbot.scrapers.news.base:fetch_n_stories_for_section:76 | Got 5 URLs to fetch
06:47:14 | DEBUG   | aimbot.scrapers.news.base:fetch_n_stories_for_section:76 | Got 5 URLs to fetch
06:47:14 | DEBUG   | aimbot.scrapers.news.base:fetch_n_stories_for_section:76 | Got 5 URLs to fetch
06:47:16 | DEBUG   | aimbot.scrapers.news.base:fetch_n_stories_for_section:78 | Fetched 5 responses
06:47:17 | DEBUG   | aimbot.scrapers.news.base:fetch_n_stories_for_section:86 | Successfully parsed 5 stories out of 5 responses
06:47:19 | DEBUG   | aimbot.scrapers.news.base:fetch_n_stories_for_section:78 | Fetched 5 responses
06:47:19 | DEBUG   | aimbot.scrapers.news.base:fetch_n_stories_for_section:86 | Successfully parsed 5 stories out of 5 responses
06:47:25 | DEBUG   | aimbot.scrapers.news.base:fetch_n_stories_for_section:78 | Fetched 5 responses
06:47:25 | DEBUG   | aimbot.scrapers.news.base:fetch_n_stories_for_section:86 | Successfully parsed 5 stories out of 5 responses
06:47:25 | DEBUG   | aimbot.scrapers.news.base:fetch_n_stories_for_section:78 | Fetched 5 responses
06:47:26 | DEBUG   | aimbot.scrapers.news.base:fetch_n_stories_for_section:86 | Successfully parsed 5 stories out of 5 responses
06:47:26 | DEBUG   | aimbot.scrapers.news.base:fetch_n_stories_for_section:78 | Fetched 5 responses
06:47:26 | DEBUG   | aimbot.scrapers.news.base:fetch_n_stories_for_section:86 | Successfully parsed 5 stories out of 5 responses
06:47:26 | DEBUG   | aimbot.scrapers.news.base:fetch_n_stories_for_section:78 | Fetched 5 responses
06:47:26 | DEBUG   | aimbot.scrapers.news.base:fetch_n_stories_for_section:86 | Successfully parsed 5 stories out of 5 responses
06:47:26 | DEBUG   | aimbot.scrapers.news.base:fetch_n_stories_for_section:74 | fetch_n_stories_for_section called for section 'news' with limit 5
06:47:26 | DEBUG   | aimbot.scrapers.news.base:fetch_n_stories_for_section:74 | fetch_n_stories_for_section called for section 'premium' with limit 5
06:47:28 | DEBUG   | aimbot.scrapers.news.base:fetch_n_stories_for_section:76 | Got 10 URLs to fetch
06:47:28 | DEBUG   | aimbot.scrapers.news.base:fetch_n_stories_for_section:76 | Got 10 URLs to fetch
06:47:35 | DEBUG   | aimbot.scrapers.news.base:fetch_n_stories_for_section:78 | Fetched 10 responses
06:47:35 | DEBUG   | aimbot.scrapers.news.base:fetch_n_stories_for_section:86 | Successfully parsed 10 stories out of 10 responses
06:47:37 | DEBUG   | aimbot.scrapers.news.base:fetch_n_stories_for_section:78 | Fetched 10 responses
06:47:38 | DEBUG   | aimbot.scrapers.news.base:fetch_n_stories_for_section:86 | Successfully parsed 10 stories out of 10 responses
